top - 21:54:00 up 1 day,  1:48,  0 users,  load average: 0.49, 0.25, 0.09
Tasks:   5 total,   2 running,   3 sleeping,   0 stopped,   0 zombie
%Cpu(s):  2.1 us,  0.0 sy,  0.0 ni, 97.9 id,  0.0 wa,  0.0 hi,  0.0 si,  0.0 st
MiB Mem :   7877.2 total,   3869.0 free,   1371.0 used,   2637.2 buff/cache
MiB Swap:   2048.0 total,   2048.0 free,      0.0 used.   6195.5 avail Mem 

  PID USER      PR  NI    VIRT    RES    SHR S  %CPU  %MEM     TIME+ COMMAND
  845 root      20   0   96380  90004  12488 R  25.0   1.1   0:48.03 /usr/local/bin/python3.8 /usr/local/bin/zkay run --blockchain-backend w3-eth-tester .+
    1 root      20   0    3984   3232   2736 S   0.0   0.0   0:00.06 bash
    7 root      20   0    3992   3108   2608 S   0.0   0.0   0:00.08 bash
   13 root      20   0    3988   3228   2716 S   0.0   0.0   0:00.10 bash
  844 root      20   0    7864   2984   2628 R   0.0   0.0   0:00.04 top -bc -d 1 -n 6000

top - 21:54:01 up 1 day,  1:48,  0 users,  load average: 0.49, 0.25, 0.09
Tasks:   5 total,   2 running,   3 sleeping,   0 stopped,   0 zombie
%Cpu(s):  8.3 us,  0.0 sy,  0.0 ni, 91.7 id,  0.0 wa,  0.0 hi,  0.0 si,  0.0 st
MiB Mem :   7877.2 total,   3869.0 free,   1371.0 used,   2637.2 buff/cache
MiB Swap:   2048.0 total,   2048.0 free,      0.0 used.   6195.5 avail Mem 

  PID USER      PR  NI    VIRT    RES    SHR S  %CPU  %MEM     TIME+ COMMAND
  845 root      20   0   96380  90004  12488 R 100.0   1.1   0:49.03 /usr/local/bin/python3.8 /usr/local/bin/zkay run --blockchain-backend w3-eth-tester .+
    1 root      20   0    3984   3232   2736 S   0.0   0.0   0:00.06 bash
    7 root      20   0    3992   3108   2608 S   0.0   0.0   0:00.08 bash
   13 root      20   0    3988   3228   2716 S   0.0   0.0   0:00.10 bash
  844 root      20   0    7864   2984   2628 R   0.0   0.0   0:00.04 top -bc -d 1 -n 6000

top - 21:54:02 up 1 day,  1:48,  0 users,  load average: 0.49, 0.25, 0.09
Tasks:   5 total,   2 running,   3 sleeping,   0 stopped,   0 zombie
%Cpu(s):  8.3 us,  0.0 sy,  0.0 ni, 91.7 id,  0.0 wa,  0.0 hi,  0.0 si,  0.0 st
MiB Mem :   7877.2 total,   3871.5 free,   1368.5 used,   2637.2 buff/cache
MiB Swap:   2048.0 total,   2048.0 free,      0.0 used.   6197.9 avail Mem 

  PID USER      PR  NI    VIRT    RES    SHR S  %CPU  %MEM     TIME+ COMMAND
  845 root      20   0   96380  90004  12488 R 100.0   1.1   0:50.03 /usr/local/bin/python3.8 /usr/local/bin/zkay run --blockchain-backend w3-eth-tester .+
    1 root      20   0    3984   3232   2736 S   0.0   0.0   0:00.06 bash
    7 root      20   0    3992   3108   2608 S   0.0   0.0   0:00.08 bash
   13 root      20   0    3988   3228   2716 S   0.0   0.0   0:00.10 bash
  844 root      20   0    7864   2984   2628 R   0.0   0.0   0:00.04 top -bc -d 1 -n 6000

top - 21:54:03 up 1 day,  1:48,  0 users,  load average: 0.49, 0.25, 0.09
Tasks:   5 total,   2 running,   3 sleeping,   0 stopped,   0 zombie
%Cpu(s):  8.3 us,  0.0 sy,  0.0 ni, 91.6 id,  0.0 wa,  0.0 hi,  0.1 si,  0.0 st
MiB Mem :   7877.2 total,   3871.5 free,   1368.5 used,   2637.2 buff/cache
MiB Swap:   2048.0 total,   2048.0 free,      0.0 used.   6197.9 avail Mem 

  PID USER      PR  NI    VIRT    RES    SHR S  %CPU  %MEM     TIME+ COMMAND
  845 root      20   0   96380  90004  12488 R 100.0   1.1   0:51.03 /usr/local/bin/python3.8 /usr/local/bin/zkay run --blockchain-backend w3-eth-tester .+
    1 root      20   0    3984   3232   2736 S   0.0   0.0   0:00.06 bash
    7 root      20   0    3992   3108   2608 S   0.0   0.0   0:00.08 bash
   13 root      20   0    3988   3228   2716 S   0.0   0.0   0:00.10 bash
  844 root      20   0    7864   2984   2628 R   0.0   0.0   0:00.04 top -bc -d 1 -n 6000

top - 21:54:04 up 1 day,  1:48,  0 users,  load average: 0.49, 0.25, 0.09
Tasks:   5 total,   2 running,   3 sleeping,   0 stopped,   0 zombie
%Cpu(s):  8.4 us,  0.0 sy,  0.0 ni, 91.6 id,  0.0 wa,  0.0 hi,  0.0 si,  0.0 st
MiB Mem :   7877.2 total,   3871.5 free,   1368.5 used,   2637.2 buff/cache
MiB Swap:   2048.0 total,   2048.0 free,      0.0 used.   6197.9 avail Mem 

  PID USER      PR  NI    VIRT    RES    SHR S  %CPU  %MEM     TIME+ COMMAND
  845 root      20   0   96380  90004  12488 R 100.0   1.1   0:52.04 /usr/local/bin/python3.8 /usr/local/bin/zkay run --blockchain-backend w3-eth-tester .+
    1 root      20   0    3984   3232   2736 S   0.0   0.0   0:00.06 bash
    7 root      20   0    3992   3108   2608 S   0.0   0.0   0:00.08 bash
   13 root      20   0    3988   3228   2716 S   0.0   0.0   0:00.10 bash
  844 root      20   0    7864   2984   2628 R   0.0   0.0   0:00.04 top -bc -d 1 -n 6000

top - 21:54:05 up 1 day,  1:48,  0 users,  load average: 0.53, 0.27, 0.10
Tasks:   5 total,   2 running,   3 sleeping,   0 stopped,   0 zombie
%Cpu(s):  8.3 us,  0.0 sy,  0.0 ni, 91.7 id,  0.0 wa,  0.0 hi,  0.0 si,  0.0 st
MiB Mem :   7877.2 total,   3869.5 free,   1370.4 used,   2637.2 buff/cache
MiB Swap:   2048.0 total,   2048.0 free,      0.0 used.   6196.0 avail Mem 

  PID USER      PR  NI    VIRT    RES    SHR S  %CPU  %MEM     TIME+ COMMAND
  845 root      20   0   96380  90004  12488 R 100.0   1.1   0:53.04 /usr/local/bin/python3.8 /usr/local/bin/zkay run --blockchain-backend w3-eth-tester .+
    1 root      20   0    3984   3232   2736 S   0.0   0.0   0:00.06 bash
    7 root      20   0    3992   3108   2608 S   0.0   0.0   0:00.08 bash
   13 root      20   0    3988   3228   2716 S   0.0   0.0   0:00.10 bash
  844 root      20   0    7864   2984   2628 R   0.0   0.0   0:00.04 top -bc -d 1 -n 6000

top - 21:54:06 up 1 day,  1:48,  0 users,  load average: 0.53, 0.27, 0.10
Tasks:   5 total,   2 running,   3 sleeping,   0 stopped,   0 zombie
%Cpu(s):  8.3 us,  0.1 sy,  0.0 ni, 91.5 id,  0.1 wa,  0.0 hi,  0.0 si,  0.0 st
MiB Mem :   7877.2 total,   3869.5 free,   1370.4 used,   2637.2 buff/cache
MiB Swap:   2048.0 total,   2048.0 free,      0.0 used.   6196.0 avail Mem 

  PID USER      PR  NI    VIRT    RES    SHR S  %CPU  %MEM     TIME+ COMMAND
  845 root      20   0   96380  90004  12488 R 100.0   1.1   0:54.04 /usr/local/bin/python3.8 /usr/local/bin/zkay run --blockchain-backend w3-eth-tester .+
    1 root      20   0    3984   3232   2736 S   0.0   0.0   0:00.06 bash
    7 root      20   0    3992   3108   2608 S   0.0   0.0   0:00.08 bash
   13 root      20   0    3988   3228   2716 S   0.0   0.0   0:00.10 bash
  844 root      20   0    7864   2984   2628 R   0.0   0.0   0:00.04 top -bc -d 1 -n 6000

top - 21:54:07 up 1 day,  1:48,  0 users,  load average: 0.53, 0.27, 0.10
Tasks:   5 total,   2 running,   3 sleeping,   0 stopped,   0 zombie
%Cpu(s):  8.3 us,  0.0 sy,  0.0 ni, 91.6 id,  0.0 wa,  0.0 hi,  0.1 si,  0.0 st
MiB Mem :   7877.2 total,   3869.5 free,   1370.4 used,   2637.2 buff/cache
MiB Swap:   2048.0 total,   2048.0 free,      0.0 used.   6196.0 avail Mem 

  PID USER      PR  NI    VIRT    RES    SHR S  %CPU  %MEM     TIME+ COMMAND
  845 root      20   0   96380  90004  12488 R 100.0   1.1   0:55.04 /usr/local/bin/python3.8 /usr/local/bin/zkay run --blockchain-backend w3-eth-tester .+
    1 root      20   0    3984   3232   2736 S   0.0   0.0   0:00.06 bash
    7 root      20   0    3992   3108   2608 S   0.0   0.0   0:00.08 bash
   13 root      20   0    3988   3228   2716 S   0.0   0.0   0:00.10 bash
  844 root      20   0    7864   2984   2628 R   0.0   0.0   0:00.04 top -bc -d 1 -n 6000

top - 21:54:08 up 1 day,  1:48,  0 users,  load average: 0.53, 0.27, 0.10
Tasks:   5 total,   2 running,   3 sleeping,   0 stopped,   0 zombie
%Cpu(s):  9.0 us,  0.4 sy,  0.0 ni, 90.3 id,  0.0 wa,  0.0 hi,  0.2 si,  0.0 st
MiB Mem :   7877.2 total,   3869.3 free,   1370.6 used,   2637.2 buff/cache
MiB Swap:   2048.0 total,   2048.0 free,      0.0 used.   6195.8 avail Mem 

  PID USER      PR  NI    VIRT    RES    SHR S  %CPU  %MEM     TIME+ COMMAND
  845 root      20   0   96380  90004  12488 R 100.0   1.1   0:56.04 /usr/local/bin/python3.8 /usr/local/bin/zkay run --blockchain-backend w3-eth-tester .+
    1 root      20   0    3984   3232   2736 S   0.0   0.0   0:00.06 bash
    7 root      20   0    3992   3108   2608 S   0.0   0.0   0:00.08 bash
   13 root      20   0    3988   3228   2716 S   0.0   0.0   0:00.10 bash
  844 root      20   0    7864   2984   2628 R   0.0   0.0   0:00.04 top -bc -d 1 -n 6000

top - 21:54:09 up 1 day,  1:48,  0 users,  load average: 0.53, 0.27, 0.10
Tasks:   5 total,   2 running,   3 sleeping,   0 stopped,   0 zombie
%Cpu(s):  8.3 us,  0.0 sy,  0.0 ni, 91.7 id,  0.0 wa,  0.0 hi,  0.0 si,  0.0 st
MiB Mem :   7877.2 total,   3869.3 free,   1370.6 used,   2637.2 buff/cache
MiB Swap:   2048.0 total,   2048.0 free,      0.0 used.   6195.8 avail Mem 

  PID USER      PR  NI    VIRT    RES    SHR S  %CPU  %MEM     TIME+ COMMAND
  845 root      20   0   96380  90004  12488 R 100.0   1.1   0:57.04 /usr/local/bin/python3.8 /usr/local/bin/zkay run --blockchain-backend w3-eth-tester .+
  844 root      20   0    7864   2984   2628 R   1.0   0.0   0:00.05 top -bc -d 1 -n 6000
    1 root      20   0    3984   3232   2736 S   0.0   0.0   0:00.06 bash
    7 root      20   0    3992   3108   2608 S   0.0   0.0   0:00.08 bash
   13 root      20   0    3988   3228   2716 S   0.0   0.0   0:00.10 bash

top - 21:54:10 up 1 day,  1:48,  0 users,  load average: 0.57, 0.28, 0.10
Tasks:   5 total,   2 running,   3 sleeping,   0 stopped,   0 zombie
%Cpu(s):  8.3 us,  0.0 sy,  0.0 ni, 91.7 id,  0.0 wa,  0.0 hi,  0.0 si,  0.0 st
MiB Mem :   7877.2 total,   3869.3 free,   1370.6 used,   2637.2 buff/cache
MiB Swap:   2048.0 total,   2048.0 free,      0.0 used.   6195.8 avail Mem 

  PID USER      PR  NI    VIRT    RES    SHR S  %CPU  %MEM     TIME+ COMMAND
  845 root      20   0   96380  90004  12488 R 100.0   1.1   0:58.04 /usr/local/bin/python3.8 /usr/local/bin/zkay run --blockchain-backend w3-eth-tester .+
    1 root      20   0    3984   3232   2736 S   0.0   0.0   0:00.06 bash
    7 root      20   0    3992   3108   2608 S   0.0   0.0   0:00.08 bash
   13 root      20   0    3988   3228   2716 S   0.0   0.0   0:00.10 bash
  844 root      20   0    7864   2984   2628 R   0.0   0.0   0:00.05 top -bc -d 1 -n 6000

top - 21:54:11 up 1 day,  1:48,  0 users,  load average: 0.57, 0.28, 0.10
Tasks:   5 total,   2 running,   3 sleeping,   0 stopped,   0 zombie
%Cpu(s):  8.3 us,  0.0 sy,  0.0 ni, 91.7 id,  0.0 wa,  0.0 hi,  0.0 si,  0.0 st
MiB Mem :   7877.2 total,   3869.3 free,   1370.6 used,   2637.2 buff/cache
MiB Swap:   2048.0 total,   2048.0 free,      0.0 used.   6195.8 avail Mem 

  PID USER      PR  NI    VIRT    RES    SHR S  %CPU  %MEM     TIME+ COMMAND
  845 root      20   0   96380  90004  12488 R 100.0   1.1   0:59.04 /usr/local/bin/python3.8 /usr/local/bin/zkay run --blockchain-backend w3-eth-tester .+
    1 root      20   0    3984   3232   2736 S   0.0   0.0   0:00.06 bash
    7 root      20   0    3992   3108   2608 S   0.0   0.0   0:00.08 bash
   13 root      20   0    3988   3228   2716 S   0.0   0.0   0:00.10 bash
  844 root      20   0    7864   2984   2628 R   0.0   0.0   0:00.05 top -bc -d 1 -n 6000

top - 21:54:12 up 1 day,  1:48,  0 users,  load average: 0.57, 0.28, 0.10
Tasks:   5 total,   2 running,   3 sleeping,   0 stopped,   0 zombie
%Cpu(s):  8.4 us,  0.0 sy,  0.0 ni, 91.5 id,  0.0 wa,  0.0 hi,  0.1 si,  0.0 st
MiB Mem :   7877.2 total,   3869.3 free,   1370.6 used,   2637.2 buff/cache
MiB Swap:   2048.0 total,   2048.0 free,      0.0 used.   6195.8 avail Mem 

  PID USER      PR  NI    VIRT    RES    SHR S  %CPU  %MEM     TIME+ COMMAND
  845 root      20   0   96380  90004  12488 R 100.0   1.1   1:00.05 /usr/local/bin/python3.8 /usr/local/bin/zkay run --blockchain-backend w3-eth-tester .+
    1 root      20   0    3984   3232   2736 S   0.0   0.0   0:00.06 bash
    7 root      20   0    3992   3108   2608 S   0.0   0.0   0:00.08 bash
   13 root      20   0    3988   3228   2716 S   0.0   0.0   0:00.10 bash
  844 root      20   0    7864   2984   2628 R   0.0   0.0   0:00.05 top -bc -d 1 -n 6000

top - 21:54:13 up 1 day,  1:48,  0 users,  load average: 0.57, 0.28, 0.10
Tasks:   5 total,   2 running,   3 sleeping,   0 stopped,   0 zombie
%Cpu(s):  8.3 us,  0.0 sy,  0.0 ni, 91.7 id,  0.0 wa,  0.0 hi,  0.0 si,  0.0 st
MiB Mem :   7877.2 total,   3869.3 free,   1370.6 used,   2637.2 buff/cache
MiB Swap:   2048.0 total,   2048.0 free,      0.0 used.   6195.8 avail Mem 

  PID USER      PR  NI    VIRT    RES    SHR S  %CPU  %MEM     TIME+ COMMAND
  845 root      20   0   96380  90004  12488 R 100.0   1.1   1:01.05 /usr/local/bin/python3.8 /usr/local/bin/zkay run --blockchain-backend w3-eth-tester .+
    1 root      20   0    3984   3232   2736 S   0.0   0.0   0:00.06 bash
    7 root      20   0    3992   3108   2608 S   0.0   0.0   0:00.08 bash
   13 root      20   0    3988   3228   2716 S   0.0   0.0   0:00.10 bash
  844 root      20   0    7864   2984   2628 R   0.0   0.0   0:00.05 top -bc -d 1 -n 6000

top - 21:54:14 up 1 day,  1:48,  0 users,  load average: 0.57, 0.28, 0.10
Tasks:   5 total,   2 running,   3 sleeping,   0 stopped,   0 zombie
%Cpu(s):  8.3 us,  0.0 sy,  0.0 ni, 91.7 id,  0.0 wa,  0.0 hi,  0.0 si,  0.0 st
MiB Mem :   7877.2 total,   3867.3 free,   1372.6 used,   2637.3 buff/cache
MiB Swap:   2048.0 total,   2048.0 free,      0.0 used.   6193.9 avail Mem 

  PID USER      PR  NI    VIRT    RES    SHR S  %CPU  %MEM     TIME+ COMMAND
  845 root      20   0   96380  90004  12488 R 100.0   1.1   1:02.05 /usr/local/bin/python3.8 /usr/local/bin/zkay run --blockchain-backend w3-eth-tester .+
    1 root      20   0    3984   3232   2736 S   0.0   0.0   0:00.06 bash
    7 root      20   0    3992   3108   2608 S   0.0   0.0   0:00.08 bash
   13 root      20   0    3988   3228   2716 S   0.0   0.0   0:00.10 bash
  844 root      20   0    7864   2984   2628 R   0.0   0.0   0:00.05 top -bc -d 1 -n 6000

top - 21:54:15 up 1 day,  1:48,  0 users,  load average: 0.61, 0.29, 0.11
Tasks:   6 total,   1 running,   5 sleeping,   0 stopped,   0 zombie
%Cpu(s): 27.3 us,  3.9 sy,  0.0 ni, 68.5 id,  0.0 wa,  0.0 hi,  0.2 si,  0.0 st
MiB Mem :   7877.2 total,   3867.3 free,   1372.6 used,   2637.3 buff/cache
MiB Swap:   2048.0 total,   2048.0 free,      0.0 used.   6193.9 avail Mem 

  PID USER      PR  NI    VIRT    RES    SHR S  %CPU  %MEM     TIME+ COMMAND
 1099 root      20   0   20.3g 424008  25980 S 350.0   5.3   0:03.50 java -Xms4096m -Xmx16384m -cp /zkay/zkay/jsnark_interface/JsnarkCircuitBuilder.jar:/z+
  845 root      20   0   96380  90004  12488 S  18.0   1.1   1:02.23 /usr/local/bin/python3.8 /usr/local/bin/zkay run --blockchain-backend w3-eth-tester .+
    1 root      20   0    3984   3232   2736 S   0.0   0.0   0:00.06 bash
    7 root      20   0    3992   3108   2608 S   0.0   0.0   0:00.08 bash
   13 root      20   0    3988   3228   2716 S   0.0   0.0   0:00.10 bash
  844 root      20   0    7864   2984   2628 R   0.0   0.0   0:00.05 top -bc -d 1 -n 6000

top - 21:54:16 up 1 day,  1:48,  0 users,  load average: 0.61, 0.29, 0.11
Tasks:   6 total,   2 running,   4 sleeping,   0 stopped,   0 zombie
%Cpu(s): 16.6 us,  0.8 sy,  0.0 ni, 81.9 id,  0.1 wa,  0.0 hi,  0.6 si,  0.0 st
MiB Mem :   7877.2 total,   3867.3 free,   1372.6 used,   2637.3 buff/cache
MiB Swap:   2048.0 total,   2048.0 free,      0.0 used.   6193.9 avail Mem 

  PID USER      PR  NI    VIRT    RES    SHR S  %CPU  %MEM     TIME+ COMMAND
 1136 root      20   0   48640  44032   5088 R  47.0   0.5   0:00.47 /zkay/zkay/jsnark_interface/run_snark proofgen /tmp/tmp7wlkcnth /tmp/tmp7wlkcnth/proo+
    1 root      20   0    3984   3232   2736 S   0.0   0.0   0:00.06 bash
    7 root      20   0    3992   3108   2608 S   0.0   0.0   0:00.08 bash
   13 root      20   0    3988   3228   2716 S   0.0   0.0   0:00.10 bash
  844 root      20   0    7864   2984   2628 R   0.0   0.0   0:00.05 top -bc -d 1 -n 6000
  845 root      20   0   96380  90004  12488 S   0.0   1.1   1:02.23 /usr/local/bin/python3.8 /usr/local/bin/zkay run --blockchain-backend w3-eth-tester .+

top - 21:54:17 up 1 day,  1:48,  0 users,  load average: 0.61, 0.29, 0.11
Tasks:   6 total,   2 running,   4 sleeping,   0 stopped,   0 zombie
%Cpu(s):  7.9 us,  0.7 sy,  0.0 ni, 91.3 id,  0.0 wa,  0.0 hi,  0.1 si,  0.0 st
MiB Mem :   7877.2 total,   3621.5 free,   1589.9 used,   2665.8 buff/cache
MiB Swap:   2048.0 total,   2048.0 free,      0.0 used.   5976.6 avail Mem 

  PID USER      PR  NI    VIRT    RES    SHR S  %CPU  %MEM     TIME+ COMMAND
 1136 root      20   0  236472 231372   5204 R  99.0   2.9   0:01.46 /zkay/zkay/jsnark_interface/run_snark proofgen /tmp/tmp7wlkcnth /tmp/tmp7wlkcnth/proo+
    1 root      20   0    3984   3232   2736 S   0.0   0.0   0:00.06 bash
    7 root      20   0    3992   3108   2608 S   0.0   0.0   0:00.08 bash
   13 root      20   0    3988   3228   2716 S   0.0   0.0   0:00.10 bash
  844 root      20   0    7864   2984   2628 R   0.0   0.0   0:00.05 top -bc -d 1 -n 6000
  845 root      20   0   96380  90004  12488 S   0.0   1.1   1:02.23 /usr/local/bin/python3.8 /usr/local/bin/zkay run --blockchain-backend w3-eth-tester .+

top - 21:54:18 up 1 day,  1:48,  0 users,  load average: 0.61, 0.29, 0.11
Tasks:   6 total,   2 running,   4 sleeping,   0 stopped,   0 zombie
%Cpu(s):  7.3 us,  1.5 sy,  0.0 ni, 90.6 id,  0.0 wa,  0.0 hi,  0.6 si,  0.0 st
MiB Mem :   7877.2 total,   3621.5 free,   1589.9 used,   2665.8 buff/cache
MiB Swap:   2048.0 total,   2048.0 free,      0.0 used.   5976.6 avail Mem 

  PID USER      PR  NI    VIRT    RES    SHR S  %CPU  %MEM     TIME+ COMMAND
 1136 root      20   0  463364 456392   5204 R 100.0   5.7   0:02.46 /zkay/zkay/jsnark_interface/run_snark proofgen /tmp/tmp7wlkcnth /tmp/tmp7wlkcnth/proo+
    1 root      20   0    3984   3232   2736 S   0.0   0.0   0:00.06 bash
    7 root      20   0    3992   3108   2608 S   0.0   0.0   0:00.08 bash
   13 root      20   0    3988   3228   2716 S   0.0   0.0   0:00.10 bash
  844 root      20   0    7864   2984   2628 R   0.0   0.0   0:00.05 top -bc -d 1 -n 6000
  845 root      20   0   96380  90004  12488 S   0.0   1.1   1:02.23 /usr/local/bin/python3.8 /usr/local/bin/zkay run --blockchain-backend w3-eth-tester .+

top - 21:54:19 up 1 day,  1:48,  0 users,  load average: 0.61, 0.29, 0.11
Tasks:   6 total,   2 running,   4 sleeping,   0 stopped,   0 zombie
%Cpu(s):  7.8 us,  0.7 sy,  0.0 ni, 91.4 id,  0.0 wa,  0.0 hi,  0.1 si,  0.0 st
MiB Mem :   7877.2 total,   3621.5 free,   1589.9 used,   2665.8 buff/cache
MiB Swap:   2048.0 total,   2048.0 free,      0.0 used.   5976.6 avail Mem 

  PID USER      PR  NI    VIRT    RES    SHR S  %CPU  %MEM     TIME+ COMMAND
 1136 root      20   0  675012 668192   5204 R 100.0   8.3   0:03.47 /zkay/zkay/jsnark_interface/run_snark proofgen /tmp/tmp7wlkcnth /tmp/tmp7wlkcnth/proo+
    1 root      20   0    3984   3232   2736 S   0.0   0.0   0:00.06 bash
    7 root      20   0    3992   3108   2608 S   0.0   0.0   0:00.08 bash
   13 root      20   0    3988   3228   2716 S   0.0   0.0   0:00.10 bash
  844 root      20   0    7864   2984   2628 R   0.0   0.0   0:00.05 top -bc -d 1 -n 6000
  845 root      20   0   96380  90004  12488 S   0.0   1.1   1:02.23 /usr/local/bin/python3.8 /usr/local/bin/zkay run --blockchain-backend w3-eth-tester .+

top - 21:54:20 up 1 day,  1:48,  0 users,  load average: 0.64, 0.30, 0.11
Tasks:   6 total,   2 running,   4 sleeping,   0 stopped,   0 zombie
%Cpu(s):  7.6 us,  0.8 sy,  0.0 ni, 91.5 id,  0.0 wa,  0.0 hi,  0.1 si,  0.0 st
MiB Mem :   7877.2 total,   3067.4 free,   2144.0 used,   2665.8 buff/cache
MiB Swap:   2048.0 total,   2048.0 free,      0.0 used.   5422.5 avail Mem 

  PID USER      PR  NI    VIRT    RES    SHR S  %CPU  %MEM     TIME+ COMMAND
 1136 root      20   0  804036 798344   5204 R 100.0   9.9   0:04.47 /zkay/zkay/jsnark_interface/run_snark proofgen /tmp/tmp7wlkcnth /tmp/tmp7wlkcnth/proo+
    1 root      20   0    3984   3232   2736 S   0.0   0.0   0:00.06 bash
    7 root      20   0    3992   3108   2608 S   0.0   0.0   0:00.08 bash
   13 root      20   0    3988   3228   2716 S   0.0   0.0   0:00.10 bash
  844 root      20   0    7864   2984   2628 R   0.0   0.0   0:00.05 top -bc -d 1 -n 6000
  845 root      20   0   96380  90004  12488 S   0.0   1.1   1:02.23 /usr/local/bin/python3.8 /usr/local/bin/zkay run --blockchain-backend w3-eth-tester .+

top - 21:54:21 up 1 day,  1:48,  0 users,  load average: 0.64, 0.30, 0.11
Tasks:   6 total,   2 running,   4 sleeping,   0 stopped,   0 zombie
%Cpu(s):  8.3 us,  0.0 sy,  0.0 ni, 91.7 id,  0.0 wa,  0.0 hi,  0.0 si,  0.0 st
MiB Mem :   7877.2 total,   3067.4 free,   2144.0 used,   2665.8 buff/cache
MiB Swap:   2048.0 total,   2048.0 free,      0.0 used.   5422.5 avail Mem 

  PID USER      PR  NI    VIRT    RES    SHR S  %CPU  %MEM     TIME+ COMMAND
 1136 root      20   0  789320 784368   5204 R 100.0   9.7   0:05.47 /zkay/zkay/jsnark_interface/run_snark proofgen /tmp/tmp7wlkcnth /tmp/tmp7wlkcnth/proo+
    1 root      20   0    3984   3232   2736 S   0.0   0.0   0:00.06 bash
    7 root      20   0    3992   3108   2608 S   0.0   0.0   0:00.08 bash
   13 root      20   0    3988   3228   2716 S   0.0   0.0   0:00.10 bash
  844 root      20   0    7864   2984   2628 R   0.0   0.0   0:00.05 top -bc -d 1 -n 6000
  845 root      20   0   96380  90004  12488 S   0.0   1.1   1:02.23 /usr/local/bin/python3.8 /usr/local/bin/zkay run --blockchain-backend w3-eth-tester .+

top - 21:54:22 up 1 day,  1:48,  0 users,  load average: 0.64, 0.30, 0.11
Tasks:   6 total,   2 running,   4 sleeping,   0 stopped,   0 zombie
%Cpu(s):  7.7 us,  0.7 sy,  0.0 ni, 91.6 id,  0.1 wa,  0.0 hi,  0.0 si,  0.0 st
MiB Mem :   7877.2 total,   3067.4 free,   2144.0 used,   2665.8 buff/cache
MiB Swap:   2048.0 total,   2048.0 free,      0.0 used.   5422.5 avail Mem 

  PID USER      PR  NI    VIRT    RES    SHR S  %CPU  %MEM     TIME+ COMMAND
 1136 root      20   0  986120 912128   5204 R 100.0  11.3   0:06.47 /zkay/zkay/jsnark_interface/run_snark proofgen /tmp/tmp7wlkcnth /tmp/tmp7wlkcnth/proo+
    1 root      20   0    3984   3232   2736 S   0.0   0.0   0:00.06 bash
    7 root      20   0    3992   3108   2608 S   0.0   0.0   0:00.08 bash
   13 root      20   0    3988   3228   2716 S   0.0   0.0   0:00.10 bash
  844 root      20   0    7864   2984   2628 R   0.0   0.0   0:00.05 top -bc -d 1 -n 6000
  845 root      20   0   96380  90004  12488 S   0.0   1.1   1:02.23 /usr/local/bin/python3.8 /usr/local/bin/zkay run --blockchain-backend w3-eth-tester .+

top - 21:54:23 up 1 day,  1:48,  0 users,  load average: 0.64, 0.30, 0.11
Tasks:   6 total,   2 running,   4 sleeping,   0 stopped,   0 zombie
%Cpu(s):  7.7 us,  0.7 sy,  0.0 ni, 91.5 id,  0.1 wa,  0.0 hi,  0.0 si,  0.0 st
MiB Mem :   7877.2 total,   2740.0 free,   2471.3 used,   2665.9 buff/cache
MiB Swap:   2048.0 total,   2048.0 free,      0.0 used.   5095.1 avail Mem 

  PID USER      PR  NI    VIRT    RES    SHR S  %CPU  %MEM     TIME+ COMMAND
 1136 root      20   0 1226088   1.1g   5204 R 103.0  14.0   0:07.50 /zkay/zkay/jsnark_interface/run_snark proofgen /tmp/tmp7wlkcnth /tmp/tmp7wlkcnth/proo+
    1 root      20   0    3984   3232   2736 S   0.0   0.0   0:00.06 bash
    7 root      20   0    3992   3108   2608 S   0.0   0.0   0:00.08 bash
   13 root      20   0    3988   3228   2716 S   0.0   0.0   0:00.10 bash
  844 root      20   0    7864   2984   2628 R   0.0   0.0   0:00.05 top -bc -d 1 -n 6000
  845 root      20   0   96380  90004  12488 S   0.0   1.1   1:02.23 /usr/local/bin/python3.8 /usr/local/bin/zkay run --blockchain-backend w3-eth-tester .+

top - 21:54:24 up 1 day,  1:48,  0 users,  load average: 0.64, 0.30, 0.11
Tasks:   6 total,   2 running,   4 sleeping,   0 stopped,   0 zombie
%Cpu(s): 57.4 us,  5.1 sy,  0.0 ni, 37.4 id,  0.0 wa,  0.0 hi,  0.1 si,  0.0 st
MiB Mem :   7877.2 total,   2740.0 free,   2471.3 used,   2665.9 buff/cache
MiB Swap:   2048.0 total,   2048.0 free,      0.0 used.   5095.1 avail Mem 

  PID USER      PR  NI    VIRT    RES    SHR S  %CPU  %MEM     TIME+ COMMAND
 1136 root      20   0 1866748   1.2g   5204 R 713.0  16.1   0:14.63 /zkay/zkay/jsnark_interface/run_snark proofgen /tmp/tmp7wlkcnth /tmp/tmp7wlkcnth/proo+
    1 root      20   0    3984   3232   2736 S   0.0   0.0   0:00.06 bash
    7 root      20   0    3992   3108   2608 S   0.0   0.0   0:00.08 bash
   13 root      20   0    3988   3228   2716 S   0.0   0.0   0:00.10 bash
  844 root      20   0    7864   2984   2628 R   0.0   0.0   0:00.05 top -bc -d 1 -n 6000
  845 root      20   0   96380  90004  12488 S   0.0   1.1   1:02.23 /usr/local/bin/python3.8 /usr/local/bin/zkay run --blockchain-backend w3-eth-tester .+

top - 21:54:25 up 1 day,  1:48,  0 users,  load average: 0.67, 0.31, 0.12
Tasks:   6 total,   2 running,   4 sleeping,   0 stopped,   0 zombie
%Cpu(s):  8.3 us,  0.0 sy,  0.0 ni, 91.7 id,  0.0 wa,  0.0 hi,  0.0 si,  0.0 st
MiB Mem :   7877.2 total,   2740.0 free,   2471.3 used,   2665.9 buff/cache
MiB Swap:   2048.0 total,   2048.0 free,      0.0 used.   5095.1 avail Mem 

  PID USER      PR  NI    VIRT    RES    SHR S  %CPU  %MEM     TIME+ COMMAND
 1136 root      20   0 1873812   1.2g   5204 R  99.0  16.2   0:15.62 /zkay/zkay/jsnark_interface/run_snark proofgen /tmp/tmp7wlkcnth /tmp/tmp7wlkcnth/proo+
    1 root      20   0    3984   3232   2736 S   0.0   0.0   0:00.06 bash
    7 root      20   0    3992   3108   2608 S   0.0   0.0   0:00.08 bash
   13 root      20   0    3988   3228   2716 S   0.0   0.0   0:00.10 bash
  844 root      20   0    7864   2984   2628 R   0.0   0.0   0:00.05 top -bc -d 1 -n 6000
  845 root      20   0   96380  90004  12488 S   0.0   1.1   1:02.23 /usr/local/bin/python3.8 /usr/local/bin/zkay run --blockchain-backend w3-eth-tester .+

top - 21:54:26 up 1 day,  1:48,  0 users,  load average: 0.67, 0.31, 0.12
Tasks:   6 total,   2 running,   4 sleeping,   0 stopped,   0 zombie
%Cpu(s):  6.8 us,  1.6 sy,  0.0 ni, 91.5 id,  0.0 wa,  0.0 hi,  0.1 si,  0.0 st
MiB Mem :   7877.2 total,   2611.5 free,   2599.8 used,   2665.9 buff/cache
MiB Swap:   2048.0 total,   2048.0 free,      0.0 used.   4966.6 avail Mem 

  PID USER      PR  NI    VIRT    RES    SHR S  %CPU  %MEM     TIME+ COMMAND
 1136 root      20   0 1839424   1.2g   5204 R  99.0  15.7   0:16.62 /zkay/zkay/jsnark_interface/run_snark proofgen /tmp/tmp7wlkcnth /tmp/tmp7wlkcnth/proo+
    1 root      20   0    3984   3232   2736 S   0.0   0.0   0:00.06 bash
    7 root      20   0    3992   3108   2608 S   0.0   0.0   0:00.08 bash
   13 root      20   0    3988   3228   2716 S   0.0   0.0   0:00.10 bash
  844 root      20   0    7864   2984   2628 R   0.0   0.0   0:00.05 top -bc -d 1 -n 6000
  845 root      20   0   96380  90004  12488 S   0.0   1.1   1:02.23 /usr/local/bin/python3.8 /usr/local/bin/zkay run --blockchain-backend w3-eth-tester .+

top - 21:54:27 up 1 day,  1:48,  0 users,  load average: 0.67, 0.31, 0.12
Tasks:   6 total,   2 running,   4 sleeping,   0 stopped,   0 zombie
%Cpu(s): 26.0 us,  0.1 sy,  0.0 ni, 73.9 id,  0.0 wa,  0.0 hi,  0.0 si,  0.0 st
MiB Mem :   7877.2 total,   2611.5 free,   2599.8 used,   2665.9 buff/cache
MiB Swap:   2048.0 total,   2048.0 free,      0.0 used.   4966.6 avail Mem 

  PID USER      PR  NI    VIRT    RES    SHR S  %CPU  %MEM     TIME+ COMMAND
 1136 root      20   0 1839424   1.2g   5204 R 320.0  15.7   0:19.82 /zkay/zkay/jsnark_interface/run_snark proofgen /tmp/tmp7wlkcnth /tmp/tmp7wlkcnth/proo+
    1 root      20   0    3984   3232   2736 S   0.0   0.0   0:00.06 bash
    7 root      20   0    3992   3108   2608 S   0.0   0.0   0:00.08 bash
   13 root      20   0    3988   3228   2716 S   0.0   0.0   0:00.10 bash
  844 root      20   0    7864   2984   2628 R   0.0   0.0   0:00.05 top -bc -d 1 -n 6000
  845 root      20   0   96380  90004  12488 S   0.0   1.1   1:02.23 /usr/local/bin/python3.8 /usr/local/bin/zkay run --blockchain-backend w3-eth-tester .+

top - 21:54:28 up 1 day,  1:48,  0 users,  load average: 0.67, 0.31, 0.12
Tasks:   6 total,   2 running,   4 sleeping,   0 stopped,   0 zombie
%Cpu(s): 29.6 us,  0.2 sy,  0.0 ni, 69.3 id,  0.0 wa,  0.0 hi,  0.9 si,  0.0 st
MiB Mem :   7877.2 total,   2611.5 free,   2599.8 used,   2665.9 buff/cache
MiB Swap:   2048.0 total,   2048.0 free,      0.0 used.   4966.6 avail Mem 

  PID USER      PR  NI    VIRT    RES    SHR S  %CPU  %MEM     TIME+ COMMAND
 1136 root      20   0 1839424   1.2g   5204 R 334.0  15.7   0:23.16 /zkay/zkay/jsnark_interface/run_snark proofgen /tmp/tmp7wlkcnth /tmp/tmp7wlkcnth/proo+
    1 root      20   0    3984   3232   2736 S   0.0   0.0   0:00.06 bash
    7 root      20   0    3992   3108   2608 S   0.0   0.0   0:00.08 bash
   13 root      20   0    3988   3228   2716 S   0.0   0.0   0:00.10 bash
  844 root      20   0    7864   2984   2628 R   0.0   0.0   0:00.05 top -bc -d 1 -n 6000
  845 root      20   0   96380  90004  12488 S   0.0   1.1   1:02.23 /usr/local/bin/python3.8 /usr/local/bin/zkay run --blockchain-backend w3-eth-tester .+

top - 21:54:29 up 1 day,  1:48,  0 users,  load average: 0.67, 0.31, 0.12
Tasks:   6 total,   2 running,   4 sleeping,   0 stopped,   0 zombie
%Cpu(s): 78.7 us,  0.1 sy,  0.0 ni, 21.2 id,  0.0 wa,  0.0 hi,  0.0 si,  0.0 st
MiB Mem :   7877.2 total,   2607.8 free,   2603.5 used,   2665.9 buff/cache
MiB Swap:   2048.0 total,   2048.0 free,      0.0 used.   4962.9 avail Mem 

  PID USER      PR  NI    VIRT    RES    SHR S  %CPU  %MEM     TIME+ COMMAND
 1136 root      20   0 1839424   1.2g   5204 R 944.0  15.7   0:32.60 /zkay/zkay/jsnark_interface/run_snark proofgen /tmp/tmp7wlkcnth /tmp/tmp7wlkcnth/proo+
    1 root      20   0    3984   3232   2736 S   0.0   0.0   0:00.06 bash
    7 root      20   0    3992   3108   2608 S   0.0   0.0   0:00.08 bash
   13 root      20   0    3988   3228   2716 S   0.0   0.0   0:00.10 bash
  844 root      20   0    7864   2984   2628 R   0.0   0.0   0:00.05 top -bc -d 1 -n 6000
  845 root      20   0   96380  90004  12488 S   0.0   1.1   1:02.23 /usr/local/bin/python3.8 /usr/local/bin/zkay run --blockchain-backend w3-eth-tester .+

top - 21:54:30 up 1 day,  1:48,  0 users,  load average: 1.58, 0.51, 0.18
Tasks:   6 total,   2 running,   4 sleeping,   0 stopped,   0 zombie
%Cpu(s):100.0 us,  0.0 sy,  0.0 ni,  0.0 id,  0.0 wa,  0.0 hi,  0.0 si,  0.0 st
MiB Mem :   7877.2 total,   2607.8 free,   2603.5 used,   2665.9 buff/cache
MiB Swap:   2048.0 total,   2048.0 free,      0.0 used.   4962.9 avail Mem 

  PID USER      PR  NI    VIRT    RES    SHR S  %CPU  %MEM     TIME+ COMMAND
 1136 root      20   0 1839424   1.2g   5204 R  1200  15.7   0:44.60 /zkay/zkay/jsnark_interface/run_snark proofgen /tmp/tmp7wlkcnth /tmp/tmp7wlkcnth/proo+
    1 root      20   0    3984   3232   2736 S   0.0   0.0   0:00.06 bash
    7 root      20   0    3992   3108   2608 S   0.0   0.0   0:00.08 bash
   13 root      20   0    3988   3228   2716 S   0.0   0.0   0:00.10 bash
  844 root      20   0    7864   2984   2628 R   0.0   0.0   0:00.05 top -bc -d 1 -n 6000
  845 root      20   0   96380  90004  12488 S   0.0   1.1   1:02.23 /usr/local/bin/python3.8 /usr/local/bin/zkay run --blockchain-backend w3-eth-tester .+

top - 21:54:31 up 1 day,  1:48,  0 users,  load average: 1.58, 0.51, 0.18
Tasks:   5 total,   2 running,   3 sleeping,   0 stopped,   0 zombie
%Cpu(s): 26.8 us,  0.4 sy,  0.0 ni, 72.8 id,  0.0 wa,  0.0 hi,  0.0 si,  0.0 st
MiB Mem :   7877.2 total,   2607.8 free,   2603.5 used,   2665.9 buff/cache
MiB Swap:   2048.0 total,   2048.0 free,      0.0 used.   4962.9 avail Mem 

  PID USER      PR  NI    VIRT    RES    SHR S  %CPU  %MEM     TIME+ COMMAND
  845 root      20   0   96380  90004  12488 R  56.0   1.1   1:02.79 /usr/local/bin/python3.8 /usr/local/bin/zkay run --blockchain-backend w3-eth-tester .+
    1 root      20   0    3984   3232   2736 S   0.0   0.0   0:00.06 bash
    7 root      20   0    3992   3108   2608 S   0.0   0.0   0:00.08 bash
   13 root      20   0    3988   3228   2716 S   0.0   0.0   0:00.10 bash
  844 root      20   0    7864   2984   2628 R   0.0   0.0   0:00.05 top -bc -d 1 -n 6000

top - 21:54:32 up 1 day,  1:48,  0 users,  load average: 1.58, 0.51, 0.18
Tasks:   5 total,   2 running,   3 sleeping,   0 stopped,   0 zombie
%Cpu(s):  8.3 us,  0.1 sy,  0.0 ni, 91.6 id,  0.0 wa,  0.0 hi,  0.0 si,  0.0 st
MiB Mem :   7877.2 total,   3874.9 free,   1364.9 used,   2637.4 buff/cache
MiB Swap:   2048.0 total,   2048.0 free,      0.0 used.   6201.5 avail Mem 

  PID USER      PR  NI    VIRT    RES    SHR S  %CPU  %MEM     TIME+ COMMAND
  845 root      20   0   96380  90004  12488 R 100.0   1.1   1:03.79 /usr/local/bin/python3.8 /usr/local/bin/zkay run --blockchain-backend w3-eth-tester .+
    1 root      20   0    3984   3232   2736 S   0.0   0.0   0:00.06 bash
    7 root      20   0    3992   3108   2608 S   0.0   0.0   0:00.08 bash
   13 root      20   0    3988   3228   2716 S   0.0   0.0   0:00.10 bash
  844 root      20   0    7864   2984   2628 R   0.0   0.0   0:00.05 top -bc -d 1 -n 6000

top - 21:54:33 up 1 day,  1:48,  0 users,  load average: 1.58, 0.51, 0.18
Tasks:   5 total,   2 running,   3 sleeping,   0 stopped,   0 zombie
%Cpu(s):  8.4 us,  0.5 sy,  0.0 ni, 91.1 id,  0.0 wa,  0.0 hi,  0.0 si,  0.0 st
MiB Mem :   7877.2 total,   3874.9 free,   1364.9 used,   2637.4 buff/cache
MiB Swap:   2048.0 total,   2048.0 free,      0.0 used.   6201.5 avail Mem 

  PID USER      PR  NI    VIRT    RES    SHR S  %CPU  %MEM     TIME+ COMMAND
  845 root      20   0   96380  90004  12488 R 100.0   1.1   1:04.80 /usr/local/bin/python3.8 /usr/local/bin/zkay run --blockchain-backend w3-eth-tester .+
    1 root      20   0    3984   3232   2736 S   0.0   0.0   0:00.06 bash
    7 root      20   0    3992   3108   2608 S   0.0   0.0   0:00.08 bash
   13 root      20   0    3988   3228   2716 S   0.0   0.0   0:00.10 bash
  844 root      20   0    7864   2984   2628 R   0.0   0.0   0:00.05 top -bc -d 1 -n 6000

top - 21:54:34 up 1 day,  1:48,  0 users,  load average: 1.58, 0.51, 0.18
Tasks:   5 total,   2 running,   3 sleeping,   0 stopped,   0 zombie
%Cpu(s):  8.3 us,  0.0 sy,  0.0 ni, 91.6 id,  0.1 wa,  0.0 hi,  0.0 si,  0.0 st
MiB Mem :   7877.2 total,   3874.9 free,   1364.9 used,   2637.4 buff/cache
MiB Swap:   2048.0 total,   2048.0 free,      0.0 used.   6201.5 avail Mem 

  PID USER      PR  NI    VIRT    RES    SHR S  %CPU  %MEM     TIME+ COMMAND
  845 root      20   0   96380  90004  12488 R  99.0   1.1   1:05.80 /usr/local/bin/python3.8 /usr/local/bin/zkay run --blockchain-backend w3-eth-tester .+
    1 root      20   0    3984   3232   2736 S   0.0   0.0   0:00.06 bash
    7 root      20   0    3992   3108   2608 S   0.0   0.0   0:00.08 bash
   13 root      20   0    3988   3228   2716 S   0.0   0.0   0:00.10 bash
  844 root      20   0    7864   2984   2628 R   0.0   0.0   0:00.05 top -bc -d 1 -n 6000

top - 21:54:35 up 1 day,  1:48,  0 users,  load average: 1.53, 0.52, 0.19
Tasks:   5 total,   2 running,   3 sleeping,   0 stopped,   0 zombie
%Cpu(s):  8.4 us,  0.3 sy,  0.0 ni, 91.3 id,  0.0 wa,  0.0 hi,  0.0 si,  0.0 st
MiB Mem :   7877.2 total,   3872.0 free,   1367.8 used,   2637.4 buff/cache
MiB Swap:   2048.0 total,   2048.0 free,      0.0 used.   6198.6 avail Mem 

  PID USER      PR  NI    VIRT    RES    SHR S  %CPU  %MEM     TIME+ COMMAND
  845 root      20   0   96380  90004  12488 R 100.0   1.1   1:06.80 /usr/local/bin/python3.8 /usr/local/bin/zkay run --blockchain-backend w3-eth-tester .+
    1 root      20   0    3984   3232   2736 S   0.0   0.0   0:00.06 bash
    7 root      20   0    3992   3108   2608 S   0.0   0.0   0:00.08 bash
   13 root      20   0    3988   3228   2716 S   0.0   0.0   0:00.10 bash
  844 root      20   0    7864   2984   2628 R   0.0   0.0   0:00.05 top -bc -d 1 -n 6000

top - 21:54:36 up 1 day,  1:48,  0 users,  load average: 1.53, 0.52, 0.19
Tasks:   5 total,   2 running,   3 sleeping,   0 stopped,   0 zombie
%Cpu(s):  8.3 us,  0.0 sy,  0.0 ni, 91.7 id,  0.0 wa,  0.0 hi,  0.0 si,  0.0 st
MiB Mem :   7877.2 total,   3872.0 free,   1367.8 used,   2637.4 buff/cache
MiB Swap:   2048.0 total,   2048.0 free,      0.0 used.   6198.6 avail Mem 

  PID USER      PR  NI    VIRT    RES    SHR S  %CPU  %MEM     TIME+ COMMAND
  845 root      20   0   96380  90004  12488 R 100.0   1.1   1:07.80 /usr/local/bin/python3.8 /usr/local/bin/zkay run --blockchain-backend w3-eth-tester .+
    1 root      20   0    3984   3232   2736 S   0.0   0.0   0:00.06 bash
    7 root      20   0    3992   3108   2608 S   0.0   0.0   0:00.08 bash
   13 root      20   0    3988   3228   2716 S   0.0   0.0   0:00.10 bash
  844 root      20   0    7864   2984   2628 R   0.0   0.0   0:00.05 top -bc -d 1 -n 6000

top - 21:54:37 up 1 day,  1:48,  0 users,  load average: 1.53, 0.52, 0.19
Tasks:   5 total,   2 running,   3 sleeping,   0 stopped,   0 zombie
%Cpu(s):  8.3 us,  0.2 sy,  0.0 ni, 91.4 id,  0.0 wa,  0.0 hi,  0.0 si,  0.0 st
MiB Mem :   7877.2 total,   3872.0 free,   1367.8 used,   2637.4 buff/cache
MiB Swap:   2048.0 total,   2048.0 free,      0.0 used.   6198.6 avail Mem 

  PID USER      PR  NI    VIRT    RES    SHR S  %CPU  %MEM     TIME+ COMMAND
  845 root      20   0   96380  90004  12488 R 100.0   1.1   1:08.80 /usr/local/bin/python3.8 /usr/local/bin/zkay run --blockchain-backend w3-eth-tester .+
    1 root      20   0    3984   3232   2736 S   0.0   0.0   0:00.06 bash
    7 root      20   0    3992   3108   2608 S   0.0   0.0   0:00.08 bash
   13 root      20   0    3988   3228   2716 S   0.0   0.0   0:00.10 bash
  844 root      20   0    7864   2984   2628 R   0.0   0.0   0:00.05 top -bc -d 1 -n 6000

top - 21:54:38 up 1 day,  1:48,  0 users,  load average: 1.53, 0.52, 0.19
Tasks:   5 total,   2 running,   3 sleeping,   0 stopped,   0 zombie
%Cpu(s):  9.0 us,  1.1 sy,  0.0 ni, 89.5 id,  0.0 wa,  0.0 hi,  0.5 si,  0.0 st
MiB Mem :   7877.2 total,   3871.2 free,   1368.5 used,   2637.4 buff/cache
MiB Swap:   2048.0 total,   2048.0 free,      0.0 used.   6197.9 avail Mem 

  PID USER      PR  NI    VIRT    RES    SHR S  %CPU  %MEM     TIME+ COMMAND
  845 root      20   0   96380  90004  12488 R 100.0   1.1   1:09.80 /usr/local/bin/python3.8 /usr/local/bin/zkay run --blockchain-backend w3-eth-tester .+
    1 root      20   0    3984   3232   2736 S   0.0   0.0   0:00.06 bash
    7 root      20   0    3992   3108   2608 S   0.0   0.0   0:00.08 bash
   13 root      20   0    3988   3228   2716 S   0.0   0.0   0:00.10 bash
  844 root      20   0    7864   2984   2628 R   0.0   0.0   0:00.05 top -bc -d 1 -n 6000

top - 21:54:39 up 1 day,  1:48,  0 users,  load average: 1.53, 0.52, 0.19
Tasks:   5 total,   2 running,   3 sleeping,   0 stopped,   0 zombie
%Cpu(s):  8.3 us,  0.0 sy,  0.0 ni, 91.4 id,  0.1 wa,  0.0 hi,  0.2 si,  0.0 st
MiB Mem :   7877.2 total,   3871.2 free,   1368.5 used,   2637.4 buff/cache
MiB Swap:   2048.0 total,   2048.0 free,      0.0 used.   6197.9 avail Mem 

  PID USER      PR  NI    VIRT    RES    SHR S  %CPU  %MEM     TIME+ COMMAND
  845 root      20   0   96380  90004  12488 R 100.0   1.1   1:10.80 /usr/local/bin/python3.8 /usr/local/bin/zkay run --blockchain-backend w3-eth-tester .+
    1 root      20   0    3984   3232   2736 S   0.0   0.0   0:00.06 bash
    7 root      20   0    3992   3108   2608 S   0.0   0.0   0:00.08 bash
   13 root      20   0    3988   3228   2716 S   0.0   0.0   0:00.10 bash
  844 root      20   0    7864   2984   2628 R   0.0   0.0   0:00.05 top -bc -d 1 -n 6000

top - 21:54:40 up 1 day,  1:48,  0 users,  load average: 1.49, 0.53, 0.19
Tasks:   5 total,   2 running,   3 sleeping,   0 stopped,   0 zombie
%Cpu(s):  8.3 us,  0.0 sy,  0.0 ni, 91.7 id,  0.0 wa,  0.0 hi,  0.0 si,  0.0 st
MiB Mem :   7877.2 total,   3871.2 free,   1368.5 used,   2637.4 buff/cache
MiB Swap:   2048.0 total,   2048.0 free,      0.0 used.   6197.9 avail Mem 

  PID USER      PR  NI    VIRT    RES    SHR S  %CPU  %MEM     TIME+ COMMAND
  845 root      20   0   96380  90004  12488 R 100.0   1.1   1:11.80 /usr/local/bin/python3.8 /usr/local/bin/zkay run --blockchain-backend w3-eth-tester .+
    1 root      20   0    3984   3232   2736 S   0.0   0.0   0:00.06 bash
    7 root      20   0    3992   3108   2608 S   0.0   0.0   0:00.08 bash
   13 root      20   0    3988   3228   2716 S   0.0   0.0   0:00.10 bash
  844 root      20   0    7864   2984   2628 R   0.0   0.0   0:00.05 top -bc -d 1 -n 6000

top - 21:54:41 up 1 day,  1:48,  0 users,  load average: 1.49, 0.53, 0.19
Tasks:   5 total,   2 running,   3 sleeping,   0 stopped,   0 zombie
%Cpu(s):  8.4 us,  0.1 sy,  0.0 ni, 91.5 id,  0.0 wa,  0.0 hi,  0.0 si,  0.0 st
MiB Mem :   7877.2 total,   3871.2 free,   1368.5 used,   2637.4 buff/cache
MiB Swap:   2048.0 total,   2048.0 free,      0.0 used.   6197.9 avail Mem 

  PID USER      PR  NI    VIRT    RES    SHR S  %CPU  %MEM     TIME+ COMMAND
  845 root      20   0   96380  90004  12488 R 100.0   1.1   1:12.81 /usr/local/bin/python3.8 /usr/local/bin/zkay run --blockchain-backend w3-eth-tester .+
    1 root      20   0    3984   3232   2736 S   0.0   0.0   0:00.06 bash
    7 root      20   0    3992   3108   2608 S   0.0   0.0   0:00.08 bash
   13 root      20   0    3988   3228   2716 S   0.0   0.0   0:00.10 bash
  844 root      20   0    7864   2984   2628 R   0.0   0.0   0:00.05 top -bc -d 1 -n 6000

top - 21:54:42 up 1 day,  1:48,  0 users,  load average: 1.49, 0.53, 0.19
Tasks:   5 total,   2 running,   3 sleeping,   0 stopped,   0 zombie
%Cpu(s):  8.3 us,  0.0 sy,  0.0 ni, 91.7 id,  0.0 wa,  0.0 hi,  0.0 si,  0.0 st
MiB Mem :   7877.2 total,   3871.2 free,   1368.5 used,   2637.4 buff/cache
MiB Swap:   2048.0 total,   2048.0 free,      0.0 used.   6197.9 avail Mem 

  PID USER      PR  NI    VIRT    RES    SHR S  %CPU  %MEM     TIME+ COMMAND
  845 root      20   0   96380  90004  12488 R 100.0   1.1   1:13.81 /usr/local/bin/python3.8 /usr/local/bin/zkay run --blockchain-backend w3-eth-tester .+
    1 root      20   0    3984   3232   2736 S   0.0   0.0   0:00.06 bash
    7 root      20   0    3992   3108   2608 S   0.0   0.0   0:00.08 bash
   13 root      20   0    3988   3228   2716 S   0.0   0.0   0:00.10 bash
  844 root      20   0    7864   2984   2628 R   0.0   0.0   0:00.05 top -bc -d 1 -n 6000

top - 21:54:43 up 1 day,  1:48,  0 users,  load average: 1.49, 0.53, 0.19
Tasks:   5 total,   2 running,   3 sleeping,   0 stopped,   0 zombie
%Cpu(s):  8.3 us,  0.0 sy,  0.0 ni, 91.7 id,  0.0 wa,  0.0 hi,  0.0 si,  0.0 st
MiB Mem :   7877.2 total,   3871.2 free,   1368.5 used,   2637.4 buff/cache
MiB Swap:   2048.0 total,   2048.0 free,      0.0 used.   6197.9 avail Mem 

  PID USER      PR  NI    VIRT    RES    SHR S  %CPU  %MEM     TIME+ COMMAND
  845 root      20   0   96380  90004  12488 R 100.0   1.1   1:14.81 /usr/local/bin/python3.8 /usr/local/bin/zkay run --blockchain-backend w3-eth-tester .+
    1 root      20   0    3984   3232   2736 S   0.0   0.0   0:00.06 bash
    7 root      20   0    3992   3108   2608 S   0.0   0.0   0:00.08 bash
   13 root      20   0    3988   3228   2716 S   0.0   0.0   0:00.10 bash
  844 root      20   0    7864   2984   2628 R   0.0   0.0   0:00.05 top -bc -d 1 -n 6000

top - 21:54:44 up 1 day,  1:48,  0 users,  load average: 1.49, 0.53, 0.19
Tasks:   5 total,   2 running,   3 sleeping,   0 stopped,   0 zombie
%Cpu(s):  8.3 us,  0.0 sy,  0.0 ni, 91.7 id,  0.0 wa,  0.0 hi,  0.0 si,  0.0 st
MiB Mem :   7877.2 total,   3871.2 free,   1368.5 used,   2637.4 buff/cache
MiB Swap:   2048.0 total,   2048.0 free,      0.0 used.   6197.9 avail Mem 

  PID USER      PR  NI    VIRT    RES    SHR S  %CPU  %MEM     TIME+ COMMAND
  845 root      20   0   96380  90004  12488 R 100.0   1.1   1:15.81 /usr/local/bin/python3.8 /usr/local/bin/zkay run --blockchain-backend w3-eth-tester .+
    1 root      20   0    3984   3232   2736 S   0.0   0.0   0:00.06 bash
    7 root      20   0    3992   3108   2608 S   0.0   0.0   0:00.08 bash
   13 root      20   0    3988   3228   2716 S   0.0   0.0   0:00.10 bash
  844 root      20   0    7864   2984   2628 R   0.0   0.0   0:00.05 top -bc -d 1 -n 6000

top - 21:54:45 up 1 day,  1:48,  0 users,  load average: 1.45, 0.53, 0.20
Tasks:   5 total,   2 running,   3 sleeping,   0 stopped,   0 zombie
%Cpu(s):  8.3 us,  0.0 sy,  0.0 ni, 91.6 id,  0.1 wa,  0.0 hi,  0.0 si,  0.0 st
MiB Mem :   7877.2 total,   3871.2 free,   1368.5 used,   2637.4 buff/cache
MiB Swap:   2048.0 total,   2048.0 free,      0.0 used.   6197.9 avail Mem 

  PID USER      PR  NI    VIRT    RES    SHR S  %CPU  %MEM     TIME+ COMMAND
  845 root      20   0   96380  90004  12488 R 100.0   1.1   1:16.81 /usr/local/bin/python3.8 /usr/local/bin/zkay run --blockchain-backend w3-eth-tester .+
    1 root      20   0    3984   3232   2736 S   0.0   0.0   0:00.06 bash
    7 root      20   0    3992   3108   2608 S   0.0   0.0   0:00.08 bash
   13 root      20   0    3988   3228   2716 S   0.0   0.0   0:00.10 bash
  844 root      20   0    7864   2984   2628 R   0.0   0.0   0:00.05 top -bc -d 1 -n 6000

top - 21:54:46 up 1 day,  1:48,  0 users,  load average: 1.45, 0.53, 0.20
Tasks:   5 total,   2 running,   3 sleeping,   0 stopped,   0 zombie
%Cpu(s):  8.3 us,  0.0 sy,  0.0 ni, 91.1 id,  0.0 wa,  0.0 hi,  0.6 si,  0.0 st
MiB Mem :   7877.2 total,   3871.2 free,   1368.5 used,   2637.4 buff/cache
MiB Swap:   2048.0 total,   2048.0 free,      0.0 used.   6197.9 avail Mem 

  PID USER      PR  NI    VIRT    RES    SHR S  %CPU  %MEM     TIME+ COMMAND
  845 root      20   0   96380  90004  12488 R 100.0   1.1   1:17.81 /usr/local/bin/python3.8 /usr/local/bin/zkay run --blockchain-backend w3-eth-tester .+
    1 root      20   0    3984   3232   2736 S   0.0   0.0   0:00.06 bash
    7 root      20   0    3992   3108   2608 S   0.0   0.0   0:00.08 bash
   13 root      20   0    3988   3228   2716 S   0.0   0.0   0:00.10 bash
  844 root      20   0    7864   2984   2628 R   0.0   0.0   0:00.05 top -bc -d 1 -n 6000

top - 21:54:47 up 1 day,  1:48,  0 users,  load average: 1.45, 0.53, 0.20
Tasks:   5 total,   2 running,   3 sleeping,   0 stopped,   0 zombie
%Cpu(s):  8.3 us,  0.1 sy,  0.0 ni, 91.6 id,  0.0 wa,  0.0 hi,  0.0 si,  0.0 st
MiB Mem :   7877.2 total,   3869.3 free,   1370.4 used,   2637.4 buff/cache
MiB Swap:   2048.0 total,   2048.0 free,      0.0 used.   6196.0 avail Mem 

  PID USER      PR  NI    VIRT    RES    SHR S  %CPU  %MEM     TIME+ COMMAND
  845 root      20   0   96380  90004  12488 R 100.0   1.1   1:18.81 /usr/local/bin/python3.8 /usr/local/bin/zkay run --blockchain-backend w3-eth-tester .+
    1 root      20   0    3984   3232   2736 S   0.0   0.0   0:00.06 bash
    7 root      20   0    3992   3108   2608 S   0.0   0.0   0:00.08 bash
   13 root      20   0    3988   3228   2716 S   0.0   0.0   0:00.10 bash
  844 root      20   0    7864   2984   2628 R   0.0   0.0   0:00.05 top -bc -d 1 -n 6000

top - 21:54:48 up 1 day,  1:48,  0 users,  load average: 1.45, 0.53, 0.20
Tasks:   5 total,   2 running,   3 sleeping,   0 stopped,   0 zombie
%Cpu(s):  8.5 us,  0.6 sy,  0.0 ni, 90.3 id,  0.0 wa,  0.0 hi,  0.7 si,  0.0 st
MiB Mem :   7877.2 total,   3869.3 free,   1370.4 used,   2637.4 buff/cache
MiB Swap:   2048.0 total,   2048.0 free,      0.0 used.   6196.0 avail Mem 

  PID USER      PR  NI    VIRT    RES    SHR S  %CPU  %MEM     TIME+ COMMAND
  845 root      20   0   96380  90004  12488 R 100.0   1.1   1:19.81 /usr/local/bin/python3.8 /usr/local/bin/zkay run --blockchain-backend w3-eth-tester .+
    1 root      20   0    3984   3232   2736 S   0.0   0.0   0:00.06 bash
    7 root      20   0    3992   3108   2608 S   0.0   0.0   0:00.08 bash
   13 root      20   0    3988   3228   2716 S   0.0   0.0   0:00.10 bash
  844 root      20   0    7864   2984   2628 R   0.0   0.0   0:00.05 top -bc -d 1 -n 6000

top - 21:54:49 up 1 day,  1:48,  0 users,  load average: 1.45, 0.53, 0.20
Tasks:   5 total,   2 running,   3 sleeping,   0 stopped,   0 zombie
%Cpu(s):  8.4 us,  0.1 sy,  0.0 ni, 91.2 id,  0.0 wa,  0.0 hi,  0.3 si,  0.0 st
MiB Mem :   7877.2 total,   3869.3 free,   1370.4 used,   2637.4 buff/cache
MiB Swap:   2048.0 total,   2048.0 free,      0.0 used.   6196.0 avail Mem 

  PID USER      PR  NI    VIRT    RES    SHR S  %CPU  %MEM     TIME+ COMMAND
  845 root      20   0   96380  90004  12488 R 100.0   1.1   1:20.82 /usr/local/bin/python3.8 /usr/local/bin/zkay run --blockchain-backend w3-eth-tester .+
    1 root      20   0    3984   3232   2736 S   0.0   0.0   0:00.06 bash
    7 root      20   0    3992   3108   2608 S   0.0   0.0   0:00.08 bash
   13 root      20   0    3988   3228   2716 S   0.0   0.0   0:00.10 bash
  844 root      20   0    7864   2984   2628 R   0.0   0.0   0:00.05 top -bc -d 1 -n 6000

top - 21:54:50 up 1 day,  1:48,  0 users,  load average: 1.41, 0.54, 0.20
Tasks:   6 total,   1 running,   5 sleeping,   0 stopped,   0 zombie
%Cpu(s): 13.0 us,  0.5 sy,  0.0 ni, 86.5 id,  0.0 wa,  0.0 hi,  0.0 si,  0.0 st
MiB Mem :   7877.2 total,   3740.5 free,   1499.2 used,   2637.5 buff/cache
MiB Swap:   2048.0 total,   2048.0 free,      0.0 used.   6067.2 avail Mem 

  PID USER      PR  NI    VIRT    RES    SHR S  %CPU  %MEM     TIME+ COMMAND
 1148 root      20   0   19.2g 162972  25792 S  81.0   2.0   0:00.81 java -Xms4096m -Xmx16384m -cp /zkay/zkay/jsnark_interface/JsnarkCircuitBuilder.jar:/z+
  845 root      20   0   96380  90004  12488 S  73.0   1.1   1:21.55 /usr/local/bin/python3.8 /usr/local/bin/zkay run --blockchain-backend w3-eth-tester .+
    1 root      20   0    3984   3232   2736 S   0.0   0.0   0:00.06 bash
    7 root      20   0    3992   3108   2608 S   0.0   0.0   0:00.08 bash
   13 root      20   0    3988   3228   2716 S   0.0   0.0   0:00.10 bash
  844 root      20   0    7864   2984   2628 R   0.0   0.0   0:00.05 top -bc -d 1 -n 6000

top - 21:54:51 up 1 day,  1:48,  0 users,  load average: 1.41, 0.54, 0.20
Tasks:   6 total,   1 running,   5 sleeping,   0 stopped,   0 zombie
%Cpu(s): 34.2 us,  5.9 sy,  0.0 ni, 58.7 id,  0.1 wa,  0.0 hi,  1.1 si,  0.0 st
MiB Mem :   7877.2 total,   3740.5 free,   1499.2 used,   2637.5 buff/cache
MiB Swap:   2048.0 total,   2048.0 free,      0.0 used.   6067.2 avail Mem 

  PID USER      PR  NI    VIRT    RES    SHR S  %CPU  %MEM     TIME+ COMMAND
 1148 root      20   0   20.3g 587888  25972 S 490.0   7.3   0:05.71 java -Xms4096m -Xmx16384m -cp /zkay/zkay/jsnark_interface/JsnarkCircuitBuilder.jar:/z+
    1 root      20   0    3984   3232   2736 S   0.0   0.0   0:00.06 bash
    7 root      20   0    3992   3108   2608 S   0.0   0.0   0:00.08 bash
   13 root      20   0    3988   3228   2716 S   0.0   0.0   0:00.10 bash
  844 root      20   0    7864   2984   2628 R   0.0   0.0   0:00.05 top -bc -d 1 -n 6000
  845 root      20   0   96380  90004  12488 S   0.0   1.1   1:21.55 /usr/local/bin/python3.8 /usr/local/bin/zkay run --blockchain-backend w3-eth-tester .+

top - 21:54:52 up 1 day,  1:48,  0 users,  load average: 1.41, 0.54, 0.20
Tasks:   6 total,   1 running,   5 sleeping,   0 stopped,   0 zombie
%Cpu(s): 17.9 us,  1.9 sy,  0.0 ni, 79.5 id,  0.1 wa,  0.0 hi,  0.7 si,  0.0 st
MiB Mem :   7877.2 total,   3740.5 free,   1499.2 used,   2637.5 buff/cache
MiB Swap:   2048.0 total,   2048.0 free,      0.0 used.   6067.2 avail Mem 

  PID USER      PR  NI    VIRT    RES    SHR S  %CPU  %MEM     TIME+ COMMAND
 1148 root      20   0   20.3g   1.0g  26032 S 226.0  13.2   0:07.97 java -Xms4096m -Xmx16384m -cp /zkay/zkay/jsnark_interface/JsnarkCircuitBuilder.jar:/z+
    1 root      20   0    3984   3232   2736 S   0.0   0.0   0:00.06 bash
    7 root      20   0    3992   3108   2608 S   0.0   0.0   0:00.08 bash
   13 root      20   0    3988   3228   2716 S   0.0   0.0   0:00.10 bash
  844 root      20   0    7864   2984   2628 R   0.0   0.0   0:00.05 top -bc -d 1 -n 6000
  845 root      20   0   96380  90004  12488 S   0.0   1.1   1:21.55 /usr/local/bin/python3.8 /usr/local/bin/zkay run --blockchain-backend w3-eth-tester .+

top - 21:54:53 up 1 day,  1:48,  0 users,  load average: 1.41, 0.54, 0.20
Tasks:   6 total,   2 running,   4 sleeping,   0 stopped,   0 zombie
%Cpu(s):  8.3 us,  0.3 sy,  0.0 ni, 91.0 id,  0.1 wa,  0.0 hi,  0.3 si,  0.0 st
MiB Mem :   7877.2 total,   3715.5 free,   1454.2 used,   2707.5 buff/cache
MiB Swap:   2048.0 total,   2048.0 free,      0.0 used.   6112.3 avail Mem 

  PID USER      PR  NI    VIRT    RES    SHR S  %CPU  %MEM     TIME+ COMMAND
 1188 root      20   0  100880  96412   5096 R  74.0   1.2   0:00.74 /zkay/zkay/jsnark_interface/run_snark proofgen /tmp/tmpfk4maap3 /tmp/tmpfk4maap3/proo+
    1 root      20   0    3984   3232   2736 S   0.0   0.0   0:00.06 bash
    7 root      20   0    3992   3108   2608 S   0.0   0.0   0:00.08 bash
   13 root      20   0    3988   3228   2716 S   0.0   0.0   0:00.10 bash
  844 root      20   0    7864   2984   2628 R   0.0   0.0   0:00.05 top -bc -d 1 -n 6000
  845 root      20   0   96380  90004  12488 S   0.0   1.1   1:21.55 /usr/local/bin/python3.8 /usr/local/bin/zkay run --blockchain-backend w3-eth-tester .+

top - 21:54:54 up 1 day,  1:49,  0 users,  load average: 1.41, 0.54, 0.20
Tasks:   6 total,   2 running,   4 sleeping,   0 stopped,   0 zombie
%Cpu(s):  8.3 us,  0.0 sy,  0.0 ni, 91.5 id,  0.0 wa,  0.0 hi,  0.2 si,  0.0 st
MiB Mem :   7877.2 total,   3715.5 free,   1454.2 used,   2707.5 buff/cache
MiB Swap:   2048.0 total,   2048.0 free,      0.0 used.   6112.3 avail Mem 

  PID USER      PR  NI    VIRT    RES    SHR S  %CPU  %MEM     TIME+ COMMAND
 1188 root      20   0  100880  96412   5096 R 100.0   1.2   0:01.75 /zkay/zkay/jsnark_interface/run_snark proofgen /tmp/tmpfk4maap3 /tmp/tmpfk4maap3/proo+
  844 root      20   0    7864   2984   2628 R   1.0   0.0   0:00.06 top -bc -d 1 -n 6000
    1 root      20   0    3984   3232   2736 S   0.0   0.0   0:00.06 bash
    7 root      20   0    3992   3108   2608 S   0.0   0.0   0:00.08 bash
   13 root      20   0    3988   3228   2716 S   0.0   0.0   0:00.10 bash
  845 root      20   0   96380  90004  12488 S   0.0   1.1   1:21.55 /usr/local/bin/python3.8 /usr/local/bin/zkay run --blockchain-backend w3-eth-tester .+

top - 21:54:55 up 1 day,  1:49,  0 users,  load average: 1.38, 0.55, 0.20
Tasks:   6 total,   2 running,   4 sleeping,   0 stopped,   0 zombie
%Cpu(s):  7.6 us,  1.2 sy,  0.0 ni, 91.3 id,  0.0 wa,  0.0 hi,  0.0 si,  0.0 st
MiB Mem :   7877.2 total,   3715.5 free,   1454.2 used,   2707.5 buff/cache
MiB Swap:   2048.0 total,   2048.0 free,      0.0 used.   6112.3 avail Mem 

  PID USER      PR  NI    VIRT    RES    SHR S  %CPU  %MEM     TIME+ COMMAND
 1188 root      20   0  340180 334588   5096 R  99.0   4.1   0:02.75 /zkay/zkay/jsnark_interface/run_snark proofgen /tmp/tmpfk4maap3 /tmp/tmpfk4maap3/proo+
    1 root      20   0    3984   3232   2736 S   0.0   0.0   0:00.06 bash
    7 root      20   0    3992   3108   2608 S   0.0   0.0   0:00.08 bash
   13 root      20   0    3988   3228   2716 S   0.0   0.0   0:00.10 bash
  844 root      20   0    7864   2984   2628 R   0.0   0.0   0:00.06 top -bc -d 1 -n 6000
  845 root      20   0   96380  90004  12488 S   0.0   1.1   1:21.55 /usr/local/bin/python3.8 /usr/local/bin/zkay run --blockchain-backend w3-eth-tester .+

top - 21:54:56 up 1 day,  1:49,  0 users,  load average: 1.38, 0.55, 0.20
Tasks:   6 total,   2 running,   4 sleeping,   0 stopped,   0 zombie
%Cpu(s):  6.3 us,  2.1 sy,  0.0 ni, 91.3 id,  0.0 wa,  0.0 hi,  0.3 si,  0.0 st
MiB Mem :   7877.2 total,   3272.5 free,   1897.2 used,   2707.5 buff/cache
MiB Swap:   2048.0 total,   2048.0 free,      0.0 used.   5669.2 avail Mem 

  PID USER      PR  NI    VIRT    RES    SHR S  %CPU  %MEM     TIME+ COMMAND
 1188 root      20   0  554428 549392   5096 R 100.0   6.8   0:03.75 /zkay/zkay/jsnark_interface/run_snark proofgen /tmp/tmpfk4maap3 /tmp/tmpfk4maap3/proo+
    1 root      20   0    3984   3232   2736 S   0.0   0.0   0:00.06 bash
    7 root      20   0    3992   3108   2608 S   0.0   0.0   0:00.08 bash
   13 root      20   0    3988   3228   2716 S   0.0   0.0   0:00.10 bash
  844 root      20   0    7864   2984   2628 R   0.0   0.0   0:00.06 top -bc -d 1 -n 6000
  845 root      20   0   96380  90004  12488 S   0.0   1.1   1:21.55 /usr/local/bin/python3.8 /usr/local/bin/zkay run --blockchain-backend w3-eth-tester .+

top - 21:54:57 up 1 day,  1:49,  0 users,  load average: 1.38, 0.55, 0.20
Tasks:   6 total,   2 running,   4 sleeping,   0 stopped,   0 zombie
%Cpu(s):  6.2 us,  2.1 sy,  0.0 ni, 91.5 id,  0.1 wa,  0.0 hi,  0.1 si,  0.0 st
MiB Mem :   7877.2 total,   3272.5 free,   1897.2 used,   2707.5 buff/cache
MiB Swap:   2048.0 total,   2048.0 free,      0.0 used.   5669.2 avail Mem 

  PID USER      PR  NI    VIRT    RES    SHR S  %CPU  %MEM     TIME+ COMMAND
 1188 root      20   0  809868 804604   5096 R 100.0  10.0   0:04.76 /zkay/zkay/jsnark_interface/run_snark proofgen /tmp/tmpfk4maap3 /tmp/tmpfk4maap3/proo+
    1 root      20   0    3984   3232   2736 S   0.0   0.0   0:00.06 bash
    7 root      20   0    3992   3108   2608 S   0.0   0.0   0:00.08 bash
   13 root      20   0    3988   3228   2716 S   0.0   0.0   0:00.10 bash
  844 root      20   0    7864   2984   2628 R   0.0   0.0   0:00.06 top -bc -d 1 -n 6000
  845 root      20   0   96380  90004  12488 S   0.0   1.1   1:21.55 /usr/local/bin/python3.8 /usr/local/bin/zkay run --blockchain-backend w3-eth-tester .+

top - 21:54:58 up 1 day,  1:49,  0 users,  load average: 1.38, 0.55, 0.20
Tasks:   6 total,   2 running,   4 sleeping,   0 stopped,   0 zombie
%Cpu(s):  7.5 us,  1.2 sy,  0.0 ni, 90.2 id,  0.0 wa,  0.0 hi,  1.2 si,  0.0 st
MiB Mem :   7877.2 total,   3272.5 free,   1897.2 used,   2707.5 buff/cache
MiB Swap:   2048.0 total,   2048.0 free,      0.0 used.   5669.2 avail Mem 

  PID USER      PR  NI    VIRT    RES    SHR S  %CPU  %MEM     TIME+ COMMAND
 1188 root      20   0 1007504 977.8m   5096 R 100.0  12.4   0:05.76 /zkay/zkay/jsnark_interface/run_snark proofgen /tmp/tmpfk4maap3 /tmp/tmpfk4maap3/proo+
    1 root      20   0    3984   3232   2736 S   0.0   0.0   0:00.06 bash
    7 root      20   0    3992   3108   2608 S   0.0   0.0   0:00.08 bash
   13 root      20   0    3988   3228   2716 S   0.0   0.0   0:00.10 bash
  844 root      20   0    7864   2984   2628 R   0.0   0.0   0:00.06 top -bc -d 1 -n 6000
  845 root      20   0   96380  90004  12488 S   0.0   1.1   1:21.55 /usr/local/bin/python3.8 /usr/local/bin/zkay run --blockchain-backend w3-eth-tester .+

top - 21:54:59 up 1 day,  1:49,  0 users,  load average: 1.38, 0.55, 0.20
Tasks:   6 total,   2 running,   4 sleeping,   0 stopped,   0 zombie
%Cpu(s):  7.5 us,  1.1 sy,  0.0 ni, 91.4 id,  0.0 wa,  0.0 hi,  0.1 si,  0.0 st
MiB Mem :   7877.2 total,   2631.4 free,   2538.3 used,   2707.5 buff/cache
MiB Swap:   2048.0 total,   2048.0 free,      0.0 used.   5028.2 avail Mem 

  PID USER      PR  NI    VIRT    RES    SHR S  %CPU  %MEM     TIME+ COMMAND
 1188 root      20   0 1221408   1.2g   5096 R 100.0  15.0   0:06.76 /zkay/zkay/jsnark_interface/run_snark proofgen /tmp/tmpfk4maap3 /tmp/tmpfk4maap3/proo+
    1 root      20   0    3984   3232   2736 S   0.0   0.0   0:00.06 bash
    7 root      20   0    3992   3108   2608 S   0.0   0.0   0:00.08 bash
   13 root      20   0    3988   3228   2716 S   0.0   0.0   0:00.10 bash
  844 root      20   0    7864   2984   2628 R   0.0   0.0   0:00.06 top -bc -d 1 -n 6000
  845 root      20   0   96380  90004  12488 S   0.0   1.1   1:21.55 /usr/local/bin/python3.8 /usr/local/bin/zkay run --blockchain-backend w3-eth-tester .+

top - 21:55:00 up 1 day,  1:49,  0 users,  load average: 1.35, 0.56, 0.21
Tasks:   6 total,   2 running,   4 sleeping,   0 stopped,   0 zombie
%Cpu(s):  7.1 us,  1.2 sy,  0.0 ni, 91.7 id,  0.0 wa,  0.0 hi,  0.0 si,  0.0 st
MiB Mem :   7877.2 total,   2631.4 free,   2538.3 used,   2707.5 buff/cache
MiB Swap:   2048.0 total,   2048.0 free,      0.0 used.   5028.2 avail Mem 

  PID USER      PR  NI    VIRT    RES    SHR S  %CPU  %MEM     TIME+ COMMAND
 1188 root      20   0 1419284   1.3g   5096 R 100.0  17.5   0:07.76 /zkay/zkay/jsnark_interface/run_snark proofgen /tmp/tmpfk4maap3 /tmp/tmpfk4maap3/proo+
  844 root      20   0    7864   2984   2628 R   1.0   0.0   0:00.07 top -bc -d 1 -n 6000
    1 root      20   0    3984   3232   2736 S   0.0   0.0   0:00.06 bash
    7 root      20   0    3992   3108   2608 S   0.0   0.0   0:00.08 bash
   13 root      20   0    3988   3228   2716 S   0.0   0.0   0:00.10 bash
  845 root      20   0   96380  90004  12488 S   0.0   1.1   1:21.55 /usr/local/bin/python3.8 /usr/local/bin/zkay run --blockchain-backend w3-eth-tester .+

top - 21:55:01 up 1 day,  1:49,  0 users,  load average: 1.35, 0.56, 0.21
Tasks:   6 total,   2 running,   4 sleeping,   0 stopped,   0 zombie
%Cpu(s):  7.2 us,  1.1 sy,  0.0 ni, 91.8 id,  0.0 wa,  0.0 hi,  0.0 si,  0.0 st
MiB Mem :   7877.2 total,   2631.4 free,   2538.3 used,   2707.5 buff/cache
MiB Swap:   2048.0 total,   2048.0 free,      0.0 used.   5028.2 avail Mem 

  PID USER      PR  NI    VIRT    RES    SHR S  %CPU  %MEM     TIME+ COMMAND
 1188 root      20   0 1644948   1.5g   5096 R 100.0  20.0   0:08.76 /zkay/zkay/jsnark_interface/run_snark proofgen /tmp/tmpfk4maap3 /tmp/tmpfk4maap3/proo+
    1 root      20   0    3984   3232   2736 S   0.0   0.0   0:00.06 bash
    7 root      20   0    3992   3108   2608 S   0.0   0.0   0:00.08 bash
   13 root      20   0    3988   3228   2716 S   0.0   0.0   0:00.10 bash
  844 root      20   0    7864   2984   2628 R   0.0   0.0   0:00.07 top -bc -d 1 -n 6000
  845 root      20   0   96380  90004  12488 S   0.0   1.1   1:21.55 /usr/local/bin/python3.8 /usr/local/bin/zkay run --blockchain-backend w3-eth-tester .+

top - 21:55:02 up 1 day,  1:49,  0 users,  load average: 1.35, 0.56, 0.21
Tasks:   6 total,   2 running,   4 sleeping,   0 stopped,   0 zombie
%Cpu(s):  7.6 us,  0.8 sy,  0.0 ni, 91.6 id,  0.0 wa,  0.0 hi,  0.0 si,  0.0 st
MiB Mem :   7877.2 total,   2049.2 free,   3120.5 used,   2707.5 buff/cache
MiB Swap:   2048.0 total,   2048.0 free,      0.0 used.   4445.9 avail Mem 

  PID USER      PR  NI    VIRT    RES    SHR S  %CPU  %MEM     TIME+ COMMAND
 1188 root      20   0 1832044   1.7g   5096 R 100.0  22.3   0:09.77 /zkay/zkay/jsnark_interface/run_snark proofgen /tmp/tmpfk4maap3 /tmp/tmpfk4maap3/proo+
    1 root      20   0    3984   3232   2736 S   0.0   0.0   0:00.06 bash
    7 root      20   0    3992   3108   2608 S   0.0   0.0   0:00.08 bash
   13 root      20   0    3988   3228   2716 S   0.0   0.0   0:00.10 bash
  844 root      20   0    7864   2984   2628 R   0.0   0.0   0:00.07 top -bc -d 1 -n 6000
  845 root      20   0   96380  90004  12488 S   0.0   1.1   1:21.55 /usr/local/bin/python3.8 /usr/local/bin/zkay run --blockchain-backend w3-eth-tester .+

top - 21:55:03 up 1 day,  1:49,  0 users,  load average: 1.35, 0.56, 0.21
Tasks:   6 total,   2 running,   4 sleeping,   0 stopped,   0 zombie
%Cpu(s):  8.3 us,  0.0 sy,  0.0 ni, 91.6 id,  0.1 wa,  0.0 hi,  0.0 si,  0.0 st
MiB Mem :   7877.2 total,   2049.2 free,   3120.5 used,   2707.5 buff/cache
MiB Swap:   2048.0 total,   2048.0 free,      0.0 used.   4445.9 avail Mem 

  PID USER      PR  NI    VIRT    RES    SHR S  %CPU  %MEM     TIME+ COMMAND
 1188 root      20   0 1832044   1.7g   5096 R 100.0  22.3   0:10.77 /zkay/zkay/jsnark_interface/run_snark proofgen /tmp/tmpfk4maap3 /tmp/tmpfk4maap3/proo+
    1 root      20   0    3984   3232   2736 S   0.0   0.0   0:00.06 bash
    7 root      20   0    3992   3108   2608 S   0.0   0.0   0:00.08 bash
   13 root      20   0    3988   3228   2716 S   0.0   0.0   0:00.10 bash
  844 root      20   0    7864   2984   2628 R   0.0   0.0   0:00.07 top -bc -d 1 -n 6000
  845 root      20   0   96380  90004  12488 S   0.0   1.1   1:21.55 /usr/local/bin/python3.8 /usr/local/bin/zkay run --blockchain-backend w3-eth-tester .+

top - 21:55:04 up 1 day,  1:49,  0 users,  load average: 1.35, 0.56, 0.21
Tasks:   6 total,   2 running,   4 sleeping,   0 stopped,   0 zombie
%Cpu(s):  8.3 us,  0.0 sy,  0.0 ni, 91.7 id,  0.0 wa,  0.0 hi,  0.0 si,  0.0 st
MiB Mem :   7877.2 total,   2049.2 free,   3120.5 used,   2707.5 buff/cache
MiB Swap:   2048.0 total,   2048.0 free,      0.0 used.   4445.9 avail Mem 

  PID USER      PR  NI    VIRT    RES    SHR S  %CPU  %MEM     TIME+ COMMAND
 1188 root      20   0 1832044   1.7g   5096 R 100.0  22.3   0:11.77 /zkay/zkay/jsnark_interface/run_snark proofgen /tmp/tmpfk4maap3 /tmp/tmpfk4maap3/proo+
    1 root      20   0    3984   3232   2736 S   0.0   0.0   0:00.06 bash
    7 root      20   0    3992   3108   2608 S   0.0   0.0   0:00.08 bash
   13 root      20   0    3988   3228   2716 S   0.0   0.0   0:00.10 bash
  844 root      20   0    7864   2984   2628 R   0.0   0.0   0:00.07 top -bc -d 1 -n 6000
  845 root      20   0   96380  90004  12488 S   0.0   1.1   1:21.55 /usr/local/bin/python3.8 /usr/local/bin/zkay run --blockchain-backend w3-eth-tester .+

top - 21:55:05 up 1 day,  1:49,  0 users,  load average: 1.32, 0.57, 0.21
Tasks:   6 total,   2 running,   4 sleeping,   0 stopped,   0 zombie
%Cpu(s):  8.3 us,  0.0 sy,  0.0 ni, 91.7 id,  0.0 wa,  0.0 hi,  0.0 si,  0.0 st
MiB Mem :   7877.2 total,   2148.5 free,   3021.2 used,   2707.5 buff/cache
MiB Swap:   2048.0 total,   2048.0 free,      0.0 used.   4545.2 avail Mem 

  PID USER      PR  NI    VIRT    RES    SHR S  %CPU  %MEM     TIME+ COMMAND
 1188 root      20   0 1717352   1.6g   5096 R 100.0  21.1   0:12.77 /zkay/zkay/jsnark_interface/run_snark proofgen /tmp/tmpfk4maap3 /tmp/tmpfk4maap3/proo+
    1 root      20   0    3984   3232   2736 S   0.0   0.0   0:00.06 bash
    7 root      20   0    3992   3108   2608 S   0.0   0.0   0:00.08 bash
   13 root      20   0    3988   3228   2716 S   0.0   0.0   0:00.10 bash
  844 root      20   0    7864   2984   2628 R   0.0   0.0   0:00.07 top -bc -d 1 -n 6000
  845 root      20   0   96380  90004  12488 S   0.0   1.1   1:21.55 /usr/local/bin/python3.8 /usr/local/bin/zkay run --blockchain-backend w3-eth-tester .+

top - 21:55:06 up 1 day,  1:49,  0 users,  load average: 1.32, 0.57, 0.21
Tasks:   6 total,   2 running,   4 sleeping,   0 stopped,   0 zombie
%Cpu(s):  7.7 us,  0.7 sy,  0.0 ni, 91.7 id,  0.0 wa,  0.0 hi,  0.0 si,  0.0 st
MiB Mem :   7877.2 total,   2148.5 free,   3021.2 used,   2707.5 buff/cache
MiB Swap:   2048.0 total,   2048.0 free,      0.0 used.   4545.2 avail Mem 

  PID USER      PR  NI    VIRT    RES    SHR S  %CPU  %MEM     TIME+ COMMAND
 1188 root      20   0 2091196   1.8g   5096 R 100.0  23.4   0:13.77 /zkay/zkay/jsnark_interface/run_snark proofgen /tmp/tmpfk4maap3 /tmp/tmpfk4maap3/proo+
    1 root      20   0    3984   3232   2736 S   0.0   0.0   0:00.06 bash
    7 root      20   0    3992   3108   2608 S   0.0   0.0   0:00.08 bash
   13 root      20   0    3988   3228   2716 S   0.0   0.0   0:00.10 bash
  844 root      20   0    7864   2984   2628 R   0.0   0.0   0:00.07 top -bc -d 1 -n 6000
  845 root      20   0   96380  90004  12488 S   0.0   1.1   1:21.55 /usr/local/bin/python3.8 /usr/local/bin/zkay run --blockchain-backend w3-eth-tester .+

top - 21:55:07 up 1 day,  1:49,  0 users,  load average: 1.32, 0.57, 0.21
Tasks:   6 total,   2 running,   4 sleeping,   0 stopped,   0 zombie
%Cpu(s):  7.7 us,  0.7 sy,  0.0 ni, 91.7 id,  0.0 wa,  0.0 hi,  0.0 si,  0.0 st
MiB Mem :   7877.2 total,   2148.5 free,   3021.2 used,   2707.5 buff/cache
MiB Swap:   2048.0 total,   2048.0 free,      0.0 used.   4545.2 avail Mem 

  PID USER      PR  NI    VIRT    RES    SHR S  %CPU  %MEM     TIME+ COMMAND
 1188 root      20   0 2191120   1.9g   5096 R 100.0  24.8   0:14.77 /zkay/zkay/jsnark_interface/run_snark proofgen /tmp/tmpfk4maap3 /tmp/tmpfk4maap3/proo+
    1 root      20   0    3984   3232   2736 S   0.0   0.0   0:00.06 bash
    7 root      20   0    3992   3108   2608 S   0.0   0.0   0:00.08 bash
   13 root      20   0    3988   3228   2716 S   0.0   0.0   0:00.10 bash
  844 root      20   0    7864   2984   2628 R   0.0   0.0   0:00.07 top -bc -d 1 -n 6000
  845 root      20   0   96380  90004  12488 S   0.0   1.1   1:21.55 /usr/local/bin/python3.8 /usr/local/bin/zkay run --blockchain-backend w3-eth-tester .+

top - 21:55:08 up 1 day,  1:49,  0 users,  load average: 1.32, 0.57, 0.21
Tasks:   6 total,   2 running,   4 sleeping,   0 stopped,   0 zombie
%Cpu(s):  7.9 us,  0.9 sy,  0.0 ni, 89.6 id,  0.0 wa,  0.0 hi,  1.6 si,  0.0 st
MiB Mem :   7877.2 total,   1688.9 free,   3480.6 used,   2707.7 buff/cache
MiB Swap:   2048.0 total,   2048.0 free,      0.0 used.   4085.8 avail Mem 

  PID USER      PR  NI    VIRT    RES    SHR S  %CPU  %MEM     TIME+ COMMAND
 1188 root      20   0 2303384   2.1g   5096 R 100.0  26.8   0:15.77 /zkay/zkay/jsnark_interface/run_snark proofgen /tmp/tmpfk4maap3 /tmp/tmpfk4maap3/proo+
    1 root      20   0    3984   3232   2736 S   0.0   0.0   0:00.06 bash
    7 root      20   0    3992   3108   2608 S   0.0   0.0   0:00.08 bash
   13 root      20   0    3988   3228   2716 S   0.0   0.0   0:00.10 bash
  844 root      20   0    7864   2984   2628 R   0.0   0.0   0:00.07 top -bc -d 1 -n 6000
  845 root      20   0   96380  90004  12488 S   0.0   1.1   1:21.55 /usr/local/bin/python3.8 /usr/local/bin/zkay run --blockchain-backend w3-eth-tester .+

top - 21:55:09 up 1 day,  1:49,  0 users,  load average: 1.32, 0.57, 0.21
Tasks:   6 total,   2 running,   4 sleeping,   0 stopped,   0 zombie
%Cpu(s):  7.4 us,  1.1 sy,  0.0 ni, 91.5 id,  0.0 wa,  0.0 hi,  0.0 si,  0.0 st
MiB Mem :   7877.2 total,   1688.9 free,   3480.6 used,   2707.7 buff/cache
MiB Swap:   2048.0 total,   2048.0 free,      0.0 used.   4085.8 avail Mem 

  PID USER      PR  NI    VIRT    RES    SHR S  %CPU  %MEM     TIME+ COMMAND
 1188 root      20   0 2425756   2.3g   5096 R 100.0  29.3   0:16.78 /zkay/zkay/jsnark_interface/run_snark proofgen /tmp/tmpfk4maap3 /tmp/tmpfk4maap3/proo+
    1 root      20   0    3984   3232   2736 S   0.0   0.0   0:00.06 bash
    7 root      20   0    3992   3108   2608 S   0.0   0.0   0:00.08 bash
   13 root      20   0    3988   3228   2716 S   0.0   0.0   0:00.10 bash
  844 root      20   0    7864   2984   2628 R   0.0   0.0   0:00.07 top -bc -d 1 -n 6000
  845 root      20   0   96380  90004  12488 S   0.0   1.1   1:21.55 /usr/local/bin/python3.8 /usr/local/bin/zkay run --blockchain-backend w3-eth-tester .+

top - 21:55:10 up 1 day,  1:49,  0 users,  load average: 1.29, 0.57, 0.22
Tasks:   6 total,   2 running,   4 sleeping,   0 stopped,   0 zombie
%Cpu(s): 15.2 us,  2.0 sy,  0.0 ni, 82.8 id,  0.0 wa,  0.0 hi,  0.0 si,  0.0 st
MiB Mem :   7877.2 total,   1688.9 free,   3480.6 used,   2707.7 buff/cache
MiB Swap:   2048.0 total,   2048.0 free,      0.0 used.   4085.8 avail Mem 

  PID USER      PR  NI    VIRT    RES    SHR S  %CPU  %MEM     TIME+ COMMAND
 1188 root      20   0 3386428   2.5g   5100 R 211.0  32.1   0:18.89 /zkay/zkay/jsnark_interface/run_snark proofgen /tmp/tmpfk4maap3 /tmp/tmpfk4maap3/proo+
    1 root      20   0    3984   3232   2736 S   0.0   0.0   0:00.06 bash
    7 root      20   0    3992   3108   2608 S   0.0   0.0   0:00.08 bash
   13 root      20   0    3988   3228   2716 S   0.0   0.0   0:00.10 bash
  844 root      20   0    7864   2984   2628 R   0.0   0.0   0:00.07 top -bc -d 1 -n 6000
  845 root      20   0   96380  90004  12488 S   0.0   1.1   1:21.55 /usr/local/bin/python3.8 /usr/local/bin/zkay run --blockchain-backend w3-eth-tester .+

top - 21:55:11 up 1 day,  1:49,  0 users,  load average: 1.29, 0.57, 0.22
Tasks:   6 total,   2 running,   4 sleeping,   0 stopped,   0 zombie
%Cpu(s): 28.8 us, 10.7 sy,  0.0 ni, 60.5 id,  0.0 wa,  0.0 hi,  0.0 si,  0.0 st
MiB Mem :   7877.2 total,   1103.2 free,   4066.2 used,   2707.7 buff/cache
MiB Swap:   2048.0 total,   2048.0 free,      0.0 used.   3500.2 avail Mem 

  PID USER      PR  NI    VIRT    RES    SHR S  %CPU  %MEM     TIME+ COMMAND
 1188 root      20   0 3386428   2.6g   5100 R 499.0  34.3   0:23.88 /zkay/zkay/jsnark_interface/run_snark proofgen /tmp/tmpfk4maap3 /tmp/tmpfk4maap3/proo+
    1 root      20   0    3984   3232   2736 S   0.0   0.0   0:00.06 bash
    7 root      20   0    3992   3108   2608 S   0.0   0.0   0:00.08 bash
   13 root      20   0    3988   3228   2716 S   0.0   0.0   0:00.10 bash
  844 root      20   0    7864   2984   2628 R   0.0   0.0   0:00.07 top -bc -d 1 -n 6000
  845 root      20   0   96380  90004  12488 S   0.0   1.1   1:21.55 /usr/local/bin/python3.8 /usr/local/bin/zkay run --blockchain-backend w3-eth-tester .+

top - 21:55:12 up 1 day,  1:49,  0 users,  load average: 1.29, 0.57, 0.22
Tasks:   6 total,   2 running,   4 sleeping,   0 stopped,   0 zombie
%Cpu(s): 47.2 us,  9.8 sy,  0.0 ni, 43.0 id,  0.0 wa,  0.0 hi,  0.0 si,  0.0 st
MiB Mem :   7877.2 total,   1103.2 free,   4066.2 used,   2707.7 buff/cache
MiB Swap:   2048.0 total,   2048.0 free,      0.0 used.   3500.2 avail Mem 

  PID USER      PR  NI    VIRT    RES    SHR S  %CPU  %MEM     TIME+ COMMAND
 1188 root      20   0 3398704   2.9g   5100 R 702.0  37.3   0:30.90 /zkay/zkay/jsnark_interface/run_snark proofgen /tmp/tmpfk4maap3 /tmp/tmpfk4maap3/proo+
    1 root      20   0    3984   3232   2736 S   0.0   0.0   0:00.06 bash
    7 root      20   0    3992   3108   2608 S   0.0   0.0   0:00.08 bash
   13 root      20   0    3988   3228   2716 S   0.0   0.0   0:00.10 bash
  844 root      20   0    7864   2984   2628 R   0.0   0.0   0:00.07 top -bc -d 1 -n 6000
  845 root      20   0   96380  90004  12488 S   0.0   1.1   1:21.55 /usr/local/bin/python3.8 /usr/local/bin/zkay run --blockchain-backend w3-eth-tester .+

top - 21:55:13 up 1 day,  1:49,  0 users,  load average: 1.29, 0.57, 0.22
Tasks:   6 total,   2 running,   4 sleeping,   0 stopped,   0 zombie
%Cpu(s): 15.4 us,  1.5 sy,  0.0 ni, 83.1 id,  0.0 wa,  0.0 hi,  0.0 si,  0.0 st
MiB Mem :   7877.2 total,   1103.2 free,   4066.2 used,   2707.7 buff/cache
MiB Swap:   2048.0 total,   2048.0 free,      0.0 used.   3500.2 avail Mem 

  PID USER      PR  NI    VIRT    RES    SHR S  %CPU  %MEM     TIME+ COMMAND
 1188 root      20   0 3209836   2.7g   5100 R 177.0  35.2   0:32.67 /zkay/zkay/jsnark_interface/run_snark proofgen /tmp/tmpfk4maap3 /tmp/tmpfk4maap3/proo+
    1 root      20   0    3984   3232   2736 S   0.0   0.0   0:00.06 bash
    7 root      20   0    3992   3108   2608 S   0.0   0.0   0:00.08 bash
   13 root      20   0    3988   3228   2716 S   0.0   0.0   0:00.10 bash
  844 root      20   0    7864   2984   2628 R   0.0   0.0   0:00.07 top -bc -d 1 -n 6000
  845 root      20   0   96380  90004  12488 S   0.0   1.1   1:21.55 /usr/local/bin/python3.8 /usr/local/bin/zkay run --blockchain-backend w3-eth-tester .+

top - 21:55:14 up 1 day,  1:49,  0 users,  load average: 1.29, 0.57, 0.22
Tasks:   6 total,   2 running,   4 sleeping,   0 stopped,   0 zombie
%Cpu(s):  8.4 us,  0.0 sy,  0.0 ni, 91.6 id,  0.0 wa,  0.0 hi,  0.0 si,  0.0 st
MiB Mem :   7877.2 total,   1012.7 free,   4156.7 used,   2707.7 buff/cache
MiB Swap:   2048.0 total,   2048.0 free,      0.0 used.   3409.7 avail Mem 

  PID USER      PR  NI    VIRT    RES    SHR S  %CPU  %MEM     TIME+ COMMAND
 1188 root      20   0 3213148   2.7g   5100 R 100.0  35.4   0:33.68 /zkay/zkay/jsnark_interface/run_snark proofgen /tmp/tmpfk4maap3 /tmp/tmpfk4maap3/proo+
    1 root      20   0    3984   3232   2736 S   0.0   0.0   0:00.06 bash
    7 root      20   0    3992   3108   2608 S   0.0   0.0   0:00.08 bash
   13 root      20   0    3988   3228   2716 S   0.0   0.0   0:00.10 bash
  844 root      20   0    7864   2984   2628 R   0.0   0.0   0:00.07 top -bc -d 1 -n 6000
  845 root      20   0   96380  90004  12488 S   0.0   1.1   1:21.55 /usr/local/bin/python3.8 /usr/local/bin/zkay run --blockchain-backend w3-eth-tester .+

top - 21:55:15 up 1 day,  1:49,  0 users,  load average: 1.27, 0.58, 0.22
Tasks:   6 total,   2 running,   4 sleeping,   0 stopped,   0 zombie
%Cpu(s):  7.4 us,  0.9 sy,  0.0 ni, 91.6 id,  0.1 wa,  0.0 hi,  0.0 si,  0.0 st
MiB Mem :   7877.2 total,   1012.7 free,   4156.7 used,   2707.7 buff/cache
MiB Swap:   2048.0 total,   2048.0 free,      0.0 used.   3409.7 avail Mem 

  PID USER      PR  NI    VIRT    RES    SHR S  %CPU  %MEM     TIME+ COMMAND
 1188 root      20   0 3095384   2.6g   5100 R  97.0  34.0   0:34.65 /zkay/zkay/jsnark_interface/run_snark proofgen /tmp/tmpfk4maap3 /tmp/tmpfk4maap3/proo+
    1 root      20   0    3984   3232   2736 S   0.0   0.0   0:00.06 bash
    7 root      20   0    3992   3108   2608 S   0.0   0.0   0:00.08 bash
   13 root      20   0    3988   3228   2716 S   0.0   0.0   0:00.10 bash
  844 root      20   0    7864   2984   2628 R   0.0   0.0   0:00.07 top -bc -d 1 -n 6000
  845 root      20   0   96380  90004  12488 S   0.0   1.1   1:21.55 /usr/local/bin/python3.8 /usr/local/bin/zkay run --blockchain-backend w3-eth-tester .+

top - 21:55:16 up 1 day,  1:49,  0 users,  load average: 1.27, 0.58, 0.22
Tasks:   6 total,   2 running,   4 sleeping,   0 stopped,   0 zombie
%Cpu(s):  6.3 us,  2.0 sy,  0.0 ni, 91.5 id,  0.0 wa,  0.0 hi,  0.2 si,  0.0 st
MiB Mem :   7877.2 total,   1012.7 free,   4156.7 used,   2707.7 buff/cache
MiB Swap:   2048.0 total,   2048.0 free,      0.0 used.   3409.7 avail Mem 

  PID USER      PR  NI    VIRT    RES    SHR S  %CPU  %MEM     TIME+ COMMAND
 1188 root      20   0 3203628   2.7g   5100 R 101.0  35.3   0:35.66 /zkay/zkay/jsnark_interface/run_snark proofgen /tmp/tmpfk4maap3 /tmp/tmpfk4maap3/proo+
    1 root      20   0    3984   3232   2736 S   0.0   0.0   0:00.06 bash
    7 root      20   0    3992   3108   2608 S   0.0   0.0   0:00.08 bash
   13 root      20   0    3988   3228   2716 S   0.0   0.0   0:00.10 bash
  844 root      20   0    7864   2984   2628 R   0.0   0.0   0:00.07 top -bc -d 1 -n 6000
  845 root      20   0   96380  90004  12488 S   0.0   1.1   1:21.55 /usr/local/bin/python3.8 /usr/local/bin/zkay run --blockchain-backend w3-eth-tester .+

top - 21:55:17 up 1 day,  1:49,  0 users,  load average: 1.27, 0.58, 0.22
Tasks:   6 total,   2 running,   4 sleeping,   0 stopped,   0 zombie
%Cpu(s):  4.2 us,  4.1 sy,  0.0 ni, 91.6 id,  0.0 wa,  0.0 hi,  0.1 si,  0.0 st
MiB Mem :   7877.2 total,   1021.3 free,   4148.1 used,   2707.7 buff/cache
MiB Swap:   2048.0 total,   2048.0 free,      0.0 used.   3418.3 avail Mem 

  PID USER      PR  NI    VIRT    RES    SHR S  %CPU  %MEM     TIME+ COMMAND
 1188 root      20   0 3203628   2.7g   5100 R  98.0  35.3   0:36.64 /zkay/zkay/jsnark_interface/run_snark proofgen /tmp/tmpfk4maap3 /tmp/tmpfk4maap3/proo+
    1 root      20   0    3984   3232   2736 S   0.0   0.0   0:00.06 bash
    7 root      20   0    3992   3108   2608 S   0.0   0.0   0:00.08 bash
   13 root      20   0    3988   3228   2716 S   0.0   0.0   0:00.10 bash
  844 root      20   0    7864   2984   2628 R   0.0   0.0   0:00.07 top -bc -d 1 -n 6000
  845 root      20   0   96380  90004  12488 S   0.0   1.1   1:21.55 /usr/local/bin/python3.8 /usr/local/bin/zkay run --blockchain-backend w3-eth-tester .+

top - 21:55:18 up 1 day,  1:49,  0 users,  load average: 1.27, 0.58, 0.22
Tasks:   6 total,   2 running,   4 sleeping,   0 stopped,   0 zombie
%Cpu(s):  6.2 us,  3.8 sy,  0.0 ni, 88.6 id,  0.0 wa,  0.0 hi,  1.4 si,  0.0 st
MiB Mem :   7877.2 total,   1021.3 free,   4148.1 used,   2707.7 buff/cache
MiB Swap:   2048.0 total,   2048.0 free,      0.0 used.   3418.3 avail Mem 

  PID USER      PR  NI    VIRT    RES    SHR S  %CPU  %MEM     TIME+ COMMAND
 1188 root      20   0 3203628   2.7g   5100 R 102.0  35.3   0:37.66 /zkay/zkay/jsnark_interface/run_snark proofgen /tmp/tmpfk4maap3 /tmp/tmpfk4maap3/proo+
    1 root      20   0    3984   3232   2736 S   0.0   0.0   0:00.06 bash
    7 root      20   0    3992   3108   2608 S   0.0   0.0   0:00.08 bash
   13 root      20   0    3988   3228   2716 S   0.0   0.0   0:00.10 bash
  844 root      20   0    7864   2984   2628 R   0.0   0.0   0:00.07 top -bc -d 1 -n 6000
  845 root      20   0   96380  90004  12488 S   0.0   1.1   1:21.55 /usr/local/bin/python3.8 /usr/local/bin/zkay run --blockchain-backend w3-eth-tester .+

top - 21:55:19 up 1 day,  1:49,  0 users,  load average: 1.27, 0.58, 0.22
Tasks:   6 total,   2 running,   4 sleeping,   0 stopped,   0 zombie
%Cpu(s): 22.2 us,  0.2 sy,  0.0 ni, 77.0 id,  0.0 wa,  0.0 hi,  0.5 si,  0.0 st
MiB Mem :   7877.2 total,   1021.3 free,   4148.1 used,   2707.7 buff/cache
MiB Swap:   2048.0 total,   2048.0 free,      0.0 used.   3418.3 avail Mem 

  PID USER      PR  NI    VIRT    RES    SHR S  %CPU  %MEM     TIME+ COMMAND
 1188 root      20   0 3203628   2.7g   5100 R 261.0  35.3   0:40.27 /zkay/zkay/jsnark_interface/run_snark proofgen /tmp/tmpfk4maap3 /tmp/tmpfk4maap3/proo+
    1 root      20   0    3984   3232   2736 S   0.0   0.0   0:00.06 bash
    7 root      20   0    3992   3108   2608 S   0.0   0.0   0:00.08 bash
   13 root      20   0    3988   3228   2716 S   0.0   0.0   0:00.10 bash
  844 root      20   0    7864   2984   2628 R   0.0   0.0   0:00.07 top -bc -d 1 -n 6000
  845 root      20   0   96380  90004  12488 S   0.0   1.1   1:21.55 /usr/local/bin/python3.8 /usr/local/bin/zkay run --blockchain-backend w3-eth-tester .+

top - 21:55:20 up 1 day,  1:49,  0 users,  load average: 1.49, 0.64, 0.24
Tasks:   6 total,   2 running,   4 sleeping,   0 stopped,   0 zombie
%Cpu(s): 29.7 us,  0.0 sy,  0.0 ni, 70.3 id,  0.0 wa,  0.0 hi,  0.0 si,  0.0 st
MiB Mem :   7877.2 total,   1022.1 free,   4147.3 used,   2707.8 buff/cache
MiB Swap:   2048.0 total,   2048.0 free,      0.0 used.   3419.1 avail Mem 

  PID USER      PR  NI    VIRT    RES    SHR S  %CPU  %MEM     TIME+ COMMAND
 1188 root      20   0 3203628   2.7g   5100 R 331.0  35.3   0:43.58 /zkay/zkay/jsnark_interface/run_snark proofgen /tmp/tmpfk4maap3 /tmp/tmpfk4maap3/proo+
    1 root      20   0    3984   3232   2736 S   0.0   0.0   0:00.06 bash
    7 root      20   0    3992   3108   2608 S   0.0   0.0   0:00.08 bash
   13 root      20   0    3988   3228   2716 S   0.0   0.0   0:00.10 bash
  844 root      20   0    7864   2984   2628 R   0.0   0.0   0:00.07 top -bc -d 1 -n 6000
  845 root      20   0   96380  90004  12488 S   0.0   1.1   1:21.55 /usr/local/bin/python3.8 /usr/local/bin/zkay run --blockchain-backend w3-eth-tester .+

top - 21:55:21 up 1 day,  1:49,  0 users,  load average: 1.49, 0.64, 0.24
Tasks:   6 total,   2 running,   4 sleeping,   0 stopped,   0 zombie
%Cpu(s): 24.6 us,  0.0 sy,  0.0 ni, 75.3 id,  0.1 wa,  0.0 hi,  0.0 si,  0.0 st
MiB Mem :   7877.2 total,   1022.1 free,   4147.3 used,   2707.8 buff/cache
MiB Swap:   2048.0 total,   2048.0 free,      0.0 used.   3419.1 avail Mem 

  PID USER      PR  NI    VIRT    RES    SHR S  %CPU  %MEM     TIME+ COMMAND
 1188 root      20   0 3203628   2.7g   5100 R 300.0  35.3   0:46.61 /zkay/zkay/jsnark_interface/run_snark proofgen /tmp/tmpfk4maap3 /tmp/tmpfk4maap3/proo+
    1 root      20   0    3984   3232   2736 S   0.0   0.0   0:00.06 bash
    7 root      20   0    3992   3108   2608 S   0.0   0.0   0:00.08 bash
   13 root      20   0    3988   3228   2716 S   0.0   0.0   0:00.10 bash
  844 root      20   0    7864   2984   2628 R   0.0   0.0   0:00.07 top -bc -d 1 -n 6000
  845 root      20   0   96380  90004  12488 S   0.0   1.1   1:21.55 /usr/local/bin/python3.8 /usr/local/bin/zkay run --blockchain-backend w3-eth-tester .+

top - 21:55:22 up 1 day,  1:49,  0 users,  load average: 1.49, 0.64, 0.24
Tasks:   6 total,   2 running,   4 sleeping,   0 stopped,   0 zombie
%Cpu(s): 23.9 us,  0.0 sy,  0.0 ni, 76.1 id,  0.0 wa,  0.0 hi,  0.1 si,  0.0 st
MiB Mem :   7877.2 total,   1022.1 free,   4147.3 used,   2707.8 buff/cache
MiB Swap:   2048.0 total,   2048.0 free,      0.0 used.   3419.1 avail Mem 

  PID USER      PR  NI    VIRT    RES    SHR S  %CPU  %MEM     TIME+ COMMAND
 1188 root      20   0 3203628   2.7g   5100 R 289.0  35.3   0:49.50 /zkay/zkay/jsnark_interface/run_snark proofgen /tmp/tmpfk4maap3 /tmp/tmpfk4maap3/proo+
    1 root      20   0    3984   3232   2736 S   0.0   0.0   0:00.06 bash
    7 root      20   0    3992   3108   2608 S   0.0   0.0   0:00.08 bash
   13 root      20   0    3988   3228   2716 S   0.0   0.0   0:00.10 bash
  844 root      20   0    7864   2984   2628 R   0.0   0.0   0:00.07 top -bc -d 1 -n 6000
  845 root      20   0   96380  90004  12488 S   0.0   1.1   1:21.55 /usr/local/bin/python3.8 /usr/local/bin/zkay run --blockchain-backend w3-eth-tester .+

top - 21:55:23 up 1 day,  1:49,  0 users,  load average: 1.49, 0.64, 0.24
Tasks:   6 total,   2 running,   4 sleeping,   0 stopped,   0 zombie
%Cpu(s): 16.0 us,  0.0 sy,  0.0 ni, 84.0 id,  0.0 wa,  0.0 hi,  0.0 si,  0.0 st
MiB Mem :   7877.2 total,   1022.1 free,   4147.3 used,   2707.8 buff/cache
MiB Swap:   2048.0 total,   2048.0 free,      0.0 used.   3419.1 avail Mem 

  PID USER      PR  NI    VIRT    RES    SHR S  %CPU  %MEM     TIME+ COMMAND
 1188 root      20   0 3203628   2.7g   5100 R 186.0  35.3   0:51.36 /zkay/zkay/jsnark_interface/run_snark proofgen /tmp/tmpfk4maap3 /tmp/tmpfk4maap3/proo+
    1 root      20   0    3984   3232   2736 S   0.0   0.0   0:00.06 bash
    7 root      20   0    3992   3108   2608 S   0.0   0.0   0:00.08 bash
   13 root      20   0    3988   3228   2716 S   0.0   0.0   0:00.10 bash
  844 root      20   0    7864   2984   2628 R   0.0   0.0   0:00.07 top -bc -d 1 -n 6000
  845 root      20   0   96380  90004  12488 S   0.0   1.1   1:21.55 /usr/local/bin/python3.8 /usr/local/bin/zkay run --blockchain-backend w3-eth-tester .+

top - 21:55:24 up 1 day,  1:49,  0 users,  load average: 1.49, 0.64, 0.24
Tasks:   6 total,   2 running,   4 sleeping,   0 stopped,   0 zombie
%Cpu(s): 29.4 us,  0.1 sy,  0.0 ni, 70.6 id,  0.0 wa,  0.0 hi,  0.0 si,  0.0 st
MiB Mem :   7877.2 total,   1022.1 free,   4147.3 used,   2707.8 buff/cache
MiB Swap:   2048.0 total,   2048.0 free,      0.0 used.   3419.1 avail Mem 

  PID USER      PR  NI    VIRT    RES    SHR S  %CPU  %MEM     TIME+ COMMAND
 1188 root      20   0 3203628   2.7g   5100 R 350.0  35.3   0:54.86 /zkay/zkay/jsnark_interface/run_snark proofgen /tmp/tmpfk4maap3 /tmp/tmpfk4maap3/proo+
    1 root      20   0    3984   3232   2736 S   0.0   0.0   0:00.06 bash
    7 root      20   0    3992   3108   2608 S   0.0   0.0   0:00.08 bash
   13 root      20   0    3988   3228   2716 S   0.0   0.0   0:00.10 bash
  844 root      20   0    7864   2984   2628 R   0.0   0.0   0:00.07 top -bc -d 1 -n 6000
  845 root      20   0   96380  90004  12488 S   0.0   1.1   1:21.55 /usr/local/bin/python3.8 /usr/local/bin/zkay run --blockchain-backend w3-eth-tester .+

top - 21:55:25 up 1 day,  1:49,  0 users,  load average: 1.45, 0.64, 0.25
Tasks:   6 total,   2 running,   4 sleeping,   0 stopped,   0 zombie
%Cpu(s): 75.7 us,  0.2 sy,  0.0 ni, 24.2 id,  0.0 wa,  0.0 hi,  0.0 si,  0.0 st
MiB Mem :   7877.2 total,   1022.1 free,   4147.3 used,   2707.8 buff/cache
MiB Swap:   2048.0 total,   2048.0 free,      0.0 used.   3419.1 avail Mem 

  PID USER      PR  NI    VIRT    RES    SHR S  %CPU  %MEM     TIME+ COMMAND
 1188 root      20   0 3203628   2.7g   5100 R 905.0  35.3   1:03.91 /zkay/zkay/jsnark_interface/run_snark proofgen /tmp/tmpfk4maap3 /tmp/tmpfk4maap3/proo+
  844 root      20   0    7864   2984   2628 R   1.0   0.0   0:00.08 top -bc -d 1 -n 6000
    1 root      20   0    3984   3232   2736 S   0.0   0.0   0:00.06 bash
    7 root      20   0    3992   3108   2608 S   0.0   0.0   0:00.08 bash
   13 root      20   0    3988   3228   2716 S   0.0   0.0   0:00.10 bash
  845 root      20   0   96380  90004  12488 S   0.0   1.1   1:21.55 /usr/local/bin/python3.8 /usr/local/bin/zkay run --blockchain-backend w3-eth-tester .+

top - 21:55:26 up 1 day,  1:49,  0 users,  load average: 1.45, 0.64, 0.25
Tasks:   6 total,   2 running,   4 sleeping,   0 stopped,   0 zombie
%Cpu(s): 98.7 us,  0.3 sy,  0.0 ni,  1.0 id,  0.0 wa,  0.0 hi,  0.0 si,  0.0 st
MiB Mem :   7877.2 total,   1022.1 free,   4147.3 used,   2707.8 buff/cache
MiB Swap:   2048.0 total,   2048.0 free,      0.0 used.   3419.1 avail Mem 

  PID USER      PR  NI    VIRT    RES    SHR S  %CPU  %MEM     TIME+ COMMAND
 1188 root      20   0 3203628   2.7g   5100 R  1185  35.3   1:15.76 /zkay/zkay/jsnark_interface/run_snark proofgen /tmp/tmpfk4maap3 /tmp/tmpfk4maap3/proo+
    1 root      20   0    3984   3232   2736 S   0.0   0.0   0:00.06 bash
    7 root      20   0    3992   3108   2608 S   0.0   0.0   0:00.08 bash
   13 root      20   0    3988   3228   2716 S   0.0   0.0   0:00.10 bash
  844 root      20   0    7864   2984   2628 R   0.0   0.0   0:00.08 top -bc -d 1 -n 6000
  845 root      20   0   96380  90004  12488 S   0.0   1.1   1:21.55 /usr/local/bin/python3.8 /usr/local/bin/zkay run --blockchain-backend w3-eth-tester .+

top - 21:55:27 up 1 day,  1:49,  0 users,  load average: 1.45, 0.64, 0.25
Tasks:   6 total,   2 running,   4 sleeping,   0 stopped,   0 zombie
%Cpu(s):100.0 us,  0.0 sy,  0.0 ni,  0.0 id,  0.0 wa,  0.0 hi,  0.0 si,  0.0 st
MiB Mem :   7877.2 total,   1022.1 free,   4147.3 used,   2707.8 buff/cache
MiB Swap:   2048.0 total,   2048.0 free,      0.0 used.   3419.1 avail Mem 

  PID USER      PR  NI    VIRT    RES    SHR S  %CPU  %MEM     TIME+ COMMAND
 1188 root      20   0 3203628   2.7g   5100 R  1200  35.3   1:27.76 /zkay/zkay/jsnark_interface/run_snark proofgen /tmp/tmpfk4maap3 /tmp/tmpfk4maap3/proo+
    1 root      20   0    3984   3232   2736 S   0.0   0.0   0:00.06 bash
    7 root      20   0    3992   3108   2608 S   0.0   0.0   0:00.08 bash
   13 root      20   0    3988   3228   2716 S   0.0   0.0   0:00.10 bash
  844 root      20   0    7864   2984   2628 R   0.0   0.0   0:00.08 top -bc -d 1 -n 6000
  845 root      20   0   96380  90004  12488 S   0.0   1.1   1:21.55 /usr/local/bin/python3.8 /usr/local/bin/zkay run --blockchain-backend w3-eth-tester .+

top - 21:55:28 up 1 day,  1:49,  0 users,  load average: 1.45, 0.64, 0.25
Tasks:   6 total,   2 running,   4 sleeping,   0 stopped,   0 zombie
%Cpu(s): 78.4 us,  0.3 sy,  0.0 ni, 21.2 id,  0.0 wa,  0.0 hi,  0.1 si,  0.0 st
MiB Mem :   7877.2 total,   1022.1 free,   4147.3 used,   2707.8 buff/cache
MiB Swap:   2048.0 total,   2048.0 free,      0.0 used.   3419.1 avail Mem 

  PID USER      PR  NI    VIRT    RES    SHR S  %CPU  %MEM     TIME+ COMMAND
 1188 root      20   0 3203628   2.7g   5100 R 933.7  35.3   1:37.19 /zkay/zkay/jsnark_interface/run_snark proofgen /tmp/tmpfk4maap3 /tmp/tmpfk4maap3/proo+
  845 root      20   0   96380  90004  12488 S   1.0   1.1   1:21.56 /usr/local/bin/python3.8 /usr/local/bin/zkay run --blockchain-backend w3-eth-tester .+
    1 root      20   0    3984   3232   2736 S   0.0   0.0   0:00.06 bash
    7 root      20   0    3992   3108   2608 S   0.0   0.0   0:00.08 bash
   13 root      20   0    3988   3228   2716 S   0.0   0.0   0:00.10 bash
  844 root      20   0    7864   2984   2628 R   0.0   0.0   0:00.08 top -bc -d 1 -n 6000

top - 21:55:29 up 1 day,  1:49,  0 users,  load average: 1.45, 0.64, 0.25
Tasks:   5 total,   2 running,   3 sleeping,   0 stopped,   0 zombie
%Cpu(s): 29.7 us,  0.9 sy,  0.0 ni, 68.6 id,  0.0 wa,  0.0 hi,  0.8 si,  0.0 st
MiB Mem :   7877.2 total,   3878.4 free,   1361.1 used,   2637.7 buff/cache
MiB Swap:   2048.0 total,   2048.0 free,      0.0 used.   6205.5 avail Mem 

  PID USER      PR  NI    VIRT    RES    SHR S  %CPU  %MEM     TIME+ COMMAND
  845 root      20   0   96380  90004  12488 R  48.0   1.1   1:22.04 /usr/local/bin/python3.8 /usr/local/bin/zkay run --blockchain-backend w3-eth-tester .+
    1 root      20   0    3984   3232   2736 S   0.0   0.0   0:00.06 bash
    7 root      20   0    3992   3108   2608 S   0.0   0.0   0:00.08 bash
   13 root      20   0    3988   3228   2716 S   0.0   0.0   0:00.10 bash
  844 root      20   0    7864   2984   2628 R   0.0   0.0   0:00.08 top -bc -d 1 -n 6000

top - 21:55:30 up 1 day,  1:49,  0 users,  load average: 1.41, 0.65, 0.25
Tasks:   5 total,   2 running,   3 sleeping,   0 stopped,   0 zombie
%Cpu(s):  8.3 us,  0.4 sy,  0.0 ni, 91.2 id,  0.0 wa,  0.0 hi,  0.0 si,  0.0 st
MiB Mem :   7877.2 total,   3878.4 free,   1361.1 used,   2637.7 buff/cache
MiB Swap:   2048.0 total,   2048.0 free,      0.0 used.   6205.5 avail Mem 

  PID USER      PR  NI    VIRT    RES    SHR S  %CPU  %MEM     TIME+ COMMAND
  845 root      20   0   96380  90004  12488 R 100.0   1.1   1:23.04 /usr/local/bin/python3.8 /usr/local/bin/zkay run --blockchain-backend w3-eth-tester .+
    1 root      20   0    3984   3232   2736 S   0.0   0.0   0:00.06 bash
    7 root      20   0    3992   3108   2608 S   0.0   0.0   0:00.08 bash
   13 root      20   0    3988   3228   2716 S   0.0   0.0   0:00.10 bash
  844 root      20   0    7864   2984   2628 R   0.0   0.0   0:00.08 top -bc -d 1 -n 6000

top - 21:55:31 up 1 day,  1:49,  0 users,  load average: 1.41, 0.65, 0.25
Tasks:   5 total,   2 running,   3 sleeping,   0 stopped,   0 zombie
%Cpu(s):  8.3 us,  0.2 sy,  0.0 ni, 91.5 id,  0.0 wa,  0.0 hi,  0.0 si,  0.0 st
MiB Mem :   7877.2 total,   3878.4 free,   1361.1 used,   2637.7 buff/cache
MiB Swap:   2048.0 total,   2048.0 free,      0.0 used.   6205.5 avail Mem 

  PID USER      PR  NI    VIRT    RES    SHR S  %CPU  %MEM     TIME+ COMMAND
  845 root      20   0   96380  90004  12488 R 100.0   1.1   1:24.04 /usr/local/bin/python3.8 /usr/local/bin/zkay run --blockchain-backend w3-eth-tester .+
    1 root      20   0    3984   3232   2736 S   0.0   0.0   0:00.06 bash
    7 root      20   0    3992   3108   2608 S   0.0   0.0   0:00.08 bash
   13 root      20   0    3988   3228   2716 S   0.0   0.0   0:00.10 bash
  844 root      20   0    7864   2984   2628 R   0.0   0.0   0:00.08 top -bc -d 1 -n 6000

top - 21:55:32 up 1 day,  1:49,  0 users,  load average: 1.41, 0.65, 0.25
Tasks:   5 total,   2 running,   3 sleeping,   0 stopped,   0 zombie
%Cpu(s):  8.3 us,  0.3 sy,  0.0 ni, 91.2 id,  0.2 wa,  0.0 hi,  0.0 si,  0.0 st
MiB Mem :   7877.2 total,   3878.1 free,   1361.3 used,   2637.7 buff/cache
MiB Swap:   2048.0 total,   2048.0 free,      0.0 used.   6205.2 avail Mem 

  PID USER      PR  NI    VIRT    RES    SHR S  %CPU  %MEM     TIME+ COMMAND
  845 root      20   0   96380  90004  12488 R 100.0   1.1   1:25.04 /usr/local/bin/python3.8 /usr/local/bin/zkay run --blockchain-backend w3-eth-tester .+
    1 root      20   0    3984   3232   2736 S   0.0   0.0   0:00.06 bash
    7 root      20   0    3992   3108   2608 S   0.0   0.0   0:00.08 bash
   13 root      20   0    3988   3228   2716 S   0.0   0.0   0:00.10 bash
  844 root      20   0    7864   2984   2628 R   0.0   0.0   0:00.08 top -bc -d 1 -n 6000

top - 21:55:33 up 1 day,  1:49,  0 users,  load average: 1.41, 0.65, 0.25
Tasks:   5 total,   2 running,   3 sleeping,   0 stopped,   0 zombie
%Cpu(s):  8.3 us,  0.0 sy,  0.0 ni, 91.7 id,  0.0 wa,  0.0 hi,  0.0 si,  0.0 st
MiB Mem :   7877.2 total,   3878.1 free,   1361.3 used,   2637.7 buff/cache
MiB Swap:   2048.0 total,   2048.0 free,      0.0 used.   6205.2 avail Mem 

  PID USER      PR  NI    VIRT    RES    SHR S  %CPU  %MEM     TIME+ COMMAND
  845 root      20   0   96380  90004  12488 R 100.0   1.1   1:26.04 /usr/local/bin/python3.8 /usr/local/bin/zkay run --blockchain-backend w3-eth-tester .+
    1 root      20   0    3984   3232   2736 S   0.0   0.0   0:00.06 bash
    7 root      20   0    3992   3108   2608 S   0.0   0.0   0:00.08 bash
   13 root      20   0    3988   3228   2716 S   0.0   0.0   0:00.10 bash
  844 root      20   0    7864   2984   2628 R   0.0   0.0   0:00.08 top -bc -d 1 -n 6000

top - 21:55:34 up 1 day,  1:49,  0 users,  load average: 1.41, 0.65, 0.25
Tasks:   5 total,   2 running,   3 sleeping,   0 stopped,   0 zombie
%Cpu(s):  8.3 us,  0.3 sy,  0.0 ni, 91.4 id,  0.0 wa,  0.0 hi,  0.0 si,  0.0 st
MiB Mem :   7877.2 total,   3878.1 free,   1361.3 used,   2637.7 buff/cache
MiB Swap:   2048.0 total,   2048.0 free,      0.0 used.   6205.2 avail Mem 

  PID USER      PR  NI    VIRT    RES    SHR S  %CPU  %MEM     TIME+ COMMAND
  845 root      20   0   96380  90004  12488 R 100.0   1.1   1:27.04 /usr/local/bin/python3.8 /usr/local/bin/zkay run --blockchain-backend w3-eth-tester .+
    1 root      20   0    3984   3232   2736 S   0.0   0.0   0:00.06 bash
    7 root      20   0    3992   3108   2608 S   0.0   0.0   0:00.08 bash
   13 root      20   0    3988   3228   2716 S   0.0   0.0   0:00.10 bash
  844 root      20   0    7864   2984   2628 R   0.0   0.0   0:00.08 top -bc -d 1 -n 6000

top - 21:55:35 up 1 day,  1:49,  0 users,  load average: 1.38, 0.66, 0.26
Tasks:   5 total,   2 running,   3 sleeping,   0 stopped,   0 zombie
%Cpu(s):  8.4 us,  0.1 sy,  0.0 ni, 91.5 id,  0.0 wa,  0.0 hi,  0.0 si,  0.0 st
MiB Mem :   7877.2 total,   3877.9 free,   1361.6 used,   2637.7 buff/cache
MiB Swap:   2048.0 total,   2048.0 free,      0.0 used.   6205.0 avail Mem 

  PID USER      PR  NI    VIRT    RES    SHR S  %CPU  %MEM     TIME+ COMMAND
  845 root      20   0   96380  90004  12488 R 100.0   1.1   1:28.05 /usr/local/bin/python3.8 /usr/local/bin/zkay run --blockchain-backend w3-eth-tester .+
    1 root      20   0    3984   3232   2736 S   0.0   0.0   0:00.06 bash
    7 root      20   0    3992   3108   2608 S   0.0   0.0   0:00.08 bash
   13 root      20   0    3988   3228   2716 S   0.0   0.0   0:00.10 bash
  844 root      20   0    7864   2984   2628 R   0.0   0.0   0:00.08 top -bc -d 1 -n 6000

top - 21:55:36 up 1 day,  1:49,  0 users,  load average: 1.38, 0.66, 0.26
Tasks:   5 total,   2 running,   3 sleeping,   0 stopped,   0 zombie
%Cpu(s):  8.3 us,  0.3 sy,  0.0 ni, 91.3 id,  0.0 wa,  0.0 hi,  0.0 si,  0.0 st
MiB Mem :   7877.2 total,   3877.9 free,   1361.6 used,   2637.7 buff/cache
MiB Swap:   2048.0 total,   2048.0 free,      0.0 used.   6205.0 avail Mem 

  PID USER      PR  NI    VIRT    RES    SHR S  %CPU  %MEM     TIME+ COMMAND
  845 root      20   0   96380  90004  12488 R 100.0   1.1   1:29.05 /usr/local/bin/python3.8 /usr/local/bin/zkay run --blockchain-backend w3-eth-tester .+
    1 root      20   0    3984   3232   2736 S   0.0   0.0   0:00.06 bash
    7 root      20   0    3992   3108   2608 S   0.0   0.0   0:00.08 bash
   13 root      20   0    3988   3228   2716 S   0.0   0.0   0:00.10 bash
  844 root      20   0    7864   2984   2628 R   0.0   0.0   0:00.08 top -bc -d 1 -n 6000

top - 21:55:37 up 1 day,  1:49,  0 users,  load average: 1.38, 0.66, 0.26
Tasks:   5 total,   2 running,   3 sleeping,   0 stopped,   0 zombie
%Cpu(s):  8.3 us,  0.0 sy,  0.0 ni, 91.7 id,  0.0 wa,  0.0 hi,  0.0 si,  0.0 st
MiB Mem :   7877.2 total,   3877.9 free,   1361.6 used,   2637.7 buff/cache
MiB Swap:   2048.0 total,   2048.0 free,      0.0 used.   6205.0 avail Mem 

  PID USER      PR  NI    VIRT    RES    SHR S  %CPU  %MEM     TIME+ COMMAND
  845 root      20   0   96380  90004  12488 R 100.0   1.1   1:30.05 /usr/local/bin/python3.8 /usr/local/bin/zkay run --blockchain-backend w3-eth-tester .+
    1 root      20   0    3984   3232   2736 S   0.0   0.0   0:00.06 bash
    7 root      20   0    3992   3108   2608 S   0.0   0.0   0:00.08 bash
   13 root      20   0    3988   3228   2716 S   0.0   0.0   0:00.10 bash
  844 root      20   0    7864   2984   2628 R   0.0   0.0   0:00.08 top -bc -d 1 -n 6000

top - 21:55:38 up 1 day,  1:49,  0 users,  load average: 1.38, 0.66, 0.26
Tasks:   5 total,   2 running,   3 sleeping,   0 stopped,   0 zombie
%Cpu(s):  8.4 us,  0.3 sy,  0.0 ni, 90.2 id,  0.1 wa,  0.0 hi,  0.9 si,  0.0 st
MiB Mem :   7877.2 total,   3873.7 free,   1365.8 used,   2637.7 buff/cache
MiB Swap:   2048.0 total,   2048.0 free,      0.0 used.   6200.6 avail Mem 

  PID USER      PR  NI    VIRT    RES    SHR S  %CPU  %MEM     TIME+ COMMAND
  845 root      20   0   96380  90004  12488 R 100.0   1.1   1:31.05 /usr/local/bin/python3.8 /usr/local/bin/zkay run --blockchain-backend w3-eth-tester .+
    1 root      20   0    3984   3232   2736 S   0.0   0.0   0:00.06 bash
    7 root      20   0    3992   3108   2608 S   0.0   0.0   0:00.08 bash
   13 root      20   0    3988   3228   2716 S   0.0   0.0   0:00.10 bash
  844 root      20   0    7864   2984   2628 R   0.0   0.0   0:00.08 top -bc -d 1 -n 6000

top - 21:55:39 up 1 day,  1:49,  0 users,  load average: 1.38, 0.66, 0.26
Tasks:   5 total,   2 running,   3 sleeping,   0 stopped,   0 zombie
%Cpu(s):  8.4 us,  0.2 sy,  0.0 ni, 91.4 id,  0.0 wa,  0.0 hi,  0.0 si,  0.0 st
MiB Mem :   7877.2 total,   3873.7 free,   1365.8 used,   2637.7 buff/cache
MiB Swap:   2048.0 total,   2048.0 free,      0.0 used.   6200.6 avail Mem 

  PID USER      PR  NI    VIRT    RES    SHR S  %CPU  %MEM     TIME+ COMMAND
  845 root      20   0   96380  90004  12488 R 100.0   1.1   1:32.05 /usr/local/bin/python3.8 /usr/local/bin/zkay run --blockchain-backend w3-eth-tester .+
    1 root      20   0    3984   3232   2736 S   0.0   0.0   0:00.06 bash
    7 root      20   0    3992   3108   2608 S   0.0   0.0   0:00.08 bash
   13 root      20   0    3988   3228   2716 S   0.0   0.0   0:00.10 bash
  844 root      20   0    7864   2984   2628 R   0.0   0.0   0:00.08 top -bc -d 1 -n 6000

top - 21:55:40 up 1 day,  1:49,  0 users,  load average: 1.35, 0.66, 0.26
Tasks:   5 total,   2 running,   3 sleeping,   0 stopped,   0 zombie
%Cpu(s):  8.3 us,  0.3 sy,  0.0 ni, 91.4 id,  0.0 wa,  0.0 hi,  0.0 si,  0.0 st
MiB Mem :   7877.2 total,   3873.7 free,   1365.8 used,   2637.7 buff/cache
MiB Swap:   2048.0 total,   2048.0 free,      0.0 used.   6200.6 avail Mem 

  PID USER      PR  NI    VIRT    RES    SHR S  %CPU  %MEM     TIME+ COMMAND
  845 root      20   0   96380  90004  12488 R 100.0   1.1   1:33.05 /usr/local/bin/python3.8 /usr/local/bin/zkay run --blockchain-backend w3-eth-tester .+
    1 root      20   0    3984   3232   2736 S   0.0   0.0   0:00.06 bash
    7 root      20   0    3992   3108   2608 S   0.0   0.0   0:00.08 bash
   13 root      20   0    3988   3228   2716 S   0.0   0.0   0:00.10 bash
  844 root      20   0    7864   2984   2628 R   0.0   0.0   0:00.08 top -bc -d 1 -n 6000

top - 21:55:41 up 1 day,  1:49,  0 users,  load average: 1.35, 0.66, 0.26
Tasks:   5 total,   2 running,   3 sleeping,   0 stopped,   0 zombie
%Cpu(s):  8.3 us,  0.0 sy,  0.0 ni, 91.7 id,  0.0 wa,  0.0 hi,  0.0 si,  0.0 st
MiB Mem :   7877.2 total,   3875.5 free,   1364.0 used,   2637.7 buff/cache
MiB Swap:   2048.0 total,   2048.0 free,      0.0 used.   6202.4 avail Mem 

  PID USER      PR  NI    VIRT    RES    SHR S  %CPU  %MEM     TIME+ COMMAND
  845 root      20   0   96380  90004  12488 R 100.0   1.1   1:34.05 /usr/local/bin/python3.8 /usr/local/bin/zkay run --blockchain-backend w3-eth-tester .+
    1 root      20   0    3984   3232   2736 S   0.0   0.0   0:00.06 bash
    7 root      20   0    3992   3108   2608 S   0.0   0.0   0:00.08 bash
   13 root      20   0    3988   3228   2716 S   0.0   0.0   0:00.10 bash
  844 root      20   0    7864   2984   2628 R   0.0   0.0   0:00.08 top -bc -d 1 -n 6000

top - 21:55:42 up 1 day,  1:49,  0 users,  load average: 1.35, 0.66, 0.26
Tasks:   5 total,   2 running,   3 sleeping,   0 stopped,   0 zombie
%Cpu(s):  8.3 us,  0.1 sy,  0.0 ni, 91.6 id,  0.0 wa,  0.0 hi,  0.0 si,  0.0 st
MiB Mem :   7877.2 total,   3875.5 free,   1364.0 used,   2637.7 buff/cache
MiB Swap:   2048.0 total,   2048.0 free,      0.0 used.   6202.4 avail Mem 

  PID USER      PR  NI    VIRT    RES    SHR S  %CPU  %MEM     TIME+ COMMAND
  845 root      20   0   96380  90004  12488 R 100.0   1.1   1:35.05 /usr/local/bin/python3.8 /usr/local/bin/zkay run --blockchain-backend w3-eth-tester .+
    1 root      20   0    3984   3232   2736 S   0.0   0.0   0:00.06 bash
    7 root      20   0    3992   3108   2608 S   0.0   0.0   0:00.08 bash
   13 root      20   0    3988   3228   2716 S   0.0   0.0   0:00.10 bash
  844 root      20   0    7864   2984   2628 R   0.0   0.0   0:00.08 top -bc -d 1 -n 6000

top - 21:55:43 up 1 day,  1:49,  0 users,  load average: 1.35, 0.66, 0.26
Tasks:   5 total,   2 running,   3 sleeping,   0 stopped,   0 zombie
%Cpu(s):  8.5 us,  0.2 sy,  0.0 ni, 91.4 id,  0.0 wa,  0.0 hi,  0.0 si,  0.0 st
MiB Mem :   7877.2 total,   3875.5 free,   1364.0 used,   2637.7 buff/cache
MiB Swap:   2048.0 total,   2048.0 free,      0.0 used.   6202.4 avail Mem 

  PID USER      PR  NI    VIRT    RES    SHR S  %CPU  %MEM     TIME+ COMMAND
  845 root      20   0   96380  90004  12488 R 100.0   1.1   1:36.06 /usr/local/bin/python3.8 /usr/local/bin/zkay run --blockchain-backend w3-eth-tester .+
    1 root      20   0    3984   3232   2736 S   0.0   0.0   0:00.06 bash
    7 root      20   0    3992   3108   2608 S   0.0   0.0   0:00.08 bash
   13 root      20   0    3988   3228   2716 S   0.0   0.0   0:00.10 bash
  844 root      20   0    7864   2984   2628 R   0.0   0.0   0:00.08 top -bc -d 1 -n 6000

top - 21:55:44 up 1 day,  1:49,  0 users,  load average: 1.35, 0.66, 0.26
Tasks:   5 total,   2 running,   3 sleeping,   0 stopped,   0 zombie
%Cpu(s):  8.3 us,  0.1 sy,  0.0 ni, 91.6 id,  0.0 wa,  0.0 hi,  0.0 si,  0.0 st
MiB Mem :   7877.2 total,   3875.5 free,   1364.0 used,   2637.7 buff/cache
MiB Swap:   2048.0 total,   2048.0 free,      0.0 used.   6202.4 avail Mem 

  PID USER      PR  NI    VIRT    RES    SHR S  %CPU  %MEM     TIME+ COMMAND
  845 root      20   0   96380  90004  12488 R 100.0   1.1   1:37.06 /usr/local/bin/python3.8 /usr/local/bin/zkay run --blockchain-backend w3-eth-tester .+
    1 root      20   0    3984   3232   2736 S   0.0   0.0   0:00.06 bash
    7 root      20   0    3992   3108   2608 S   0.0   0.0   0:00.08 bash
   13 root      20   0    3988   3228   2716 S   0.0   0.0   0:00.10 bash
  844 root      20   0    7864   2984   2628 R   0.0   0.0   0:00.08 top -bc -d 1 -n 6000

top - 21:55:45 up 1 day,  1:49,  0 users,  load average: 1.32, 0.67, 0.26
Tasks:   6 total,   1 running,   5 sleeping,   0 stopped,   0 zombie
%Cpu(s): 13.5 us,  2.3 sy,  0.0 ni, 84.1 id,  0.1 wa,  0.0 hi,  0.1 si,  0.0 st
MiB Mem :   7877.2 total,   3875.5 free,   1364.0 used,   2637.7 buff/cache
MiB Swap:   2048.0 total,   2048.0 free,      0.0 used.   6202.4 avail Mem 

  PID USER      PR  NI    VIRT    RES    SHR S  %CPU  %MEM     TIME+ COMMAND
 1200 root      20   0   19.6g 204704  25580 S 134.0   2.5   0:01.34 java -Xms4096m -Xmx16384m -cp /zkay/zkay/jsnark_interface/JsnarkCircuitBuilder.jar:/z+
  845 root      20   0   96380  90004  12488 S  58.0   1.1   1:37.64 /usr/local/bin/python3.8 /usr/local/bin/zkay run --blockchain-backend w3-eth-tester .+
    1 root      20   0    3984   3232   2736 S   0.0   0.0   0:00.06 bash
    7 root      20   0    3992   3108   2608 S   0.0   0.0   0:00.08 bash
   13 root      20   0    3988   3228   2716 S   0.0   0.0   0:00.10 bash
  844 root      20   0    7864   2984   2628 R   0.0   0.0   0:00.08 top -bc -d 1 -n 6000

top - 21:55:46 up 1 day,  1:49,  0 users,  load average: 1.32, 0.67, 0.26
Tasks:   6 total,   1 running,   5 sleeping,   0 stopped,   0 zombie
%Cpu(s): 28.0 us,  5.1 sy,  0.0 ni, 65.3 id,  0.0 wa,  0.0 hi,  1.6 si,  0.0 st
MiB Mem :   7877.2 total,   3875.5 free,   1364.0 used,   2637.7 buff/cache
MiB Swap:   2048.0 total,   2048.0 free,      0.0 used.   6202.4 avail Mem 

  PID USER      PR  NI    VIRT    RES    SHR S  %CPU  %MEM     TIME+ COMMAND
 1200 root      20   0   20.3g 497792  25636 S 405.0   6.2   0:05.39 java -Xms4096m -Xmx16384m -cp /zkay/zkay/jsnark_interface/JsnarkCircuitBuilder.jar:/z+
    1 root      20   0    3984   3232   2736 S   0.0   0.0   0:00.06 bash
    7 root      20   0    3992   3108   2608 S   0.0   0.0   0:00.08 bash
   13 root      20   0    3988   3228   2716 S   0.0   0.0   0:00.10 bash
  844 root      20   0    7864   2984   2628 R   0.0   0.0   0:00.08 top -bc -d 1 -n 6000
  845 root      20   0   96380  90004  12488 S   0.0   1.1   1:37.64 /usr/local/bin/python3.8 /usr/local/bin/zkay run --blockchain-backend w3-eth-tester .+

top - 21:55:47 up 1 day,  1:49,  0 users,  load average: 1.32, 0.67, 0.26
Tasks:   6 total,   2 running,   4 sleeping,   0 stopped,   0 zombie
%Cpu(s):  7.8 us,  0.7 sy,  0.0 ni, 91.0 id,  0.1 wa,  0.0 hi,  0.3 si,  0.0 st
MiB Mem :   7877.2 total,   3748.6 free,   1462.5 used,   2666.0 buff/cache
MiB Swap:   2048.0 total,   2048.0 free,      0.0 used.   6103.9 avail Mem 

  PID USER      PR  NI    VIRT    RES    SHR S  %CPU  %MEM     TIME+ COMMAND
 1239 root      20   0  102264  97364   5100 R  95.0   1.2   0:00.95 /zkay/zkay/jsnark_interface/run_snark proofgen /tmp/tmpcj1_noqz /tmp/tmpcj1_noqz/proo+
    1 root      20   0    3984   3232   2736 S   0.0   0.0   0:00.06 bash
    7 root      20   0    3992   3108   2608 S   0.0   0.0   0:00.08 bash
   13 root      20   0    3988   3228   2716 S   0.0   0.0   0:00.10 bash
  844 root      20   0    7864   2984   2628 R   0.0   0.0   0:00.08 top -bc -d 1 -n 6000
  845 root      20   0   96380  90004  12488 S   0.0   1.1   1:37.64 /usr/local/bin/python3.8 /usr/local/bin/zkay run --blockchain-backend w3-eth-tester .+

top - 21:55:48 up 1 day,  1:49,  0 users,  load average: 1.32, 0.67, 0.26
Tasks:   6 total,   2 running,   4 sleeping,   0 stopped,   0 zombie
%Cpu(s):  7.8 us,  1.0 sy,  0.0 ni, 90.5 id,  0.0 wa,  0.0 hi,  0.7 si,  0.0 st
MiB Mem :   7877.2 total,   3748.6 free,   1462.5 used,   2666.0 buff/cache
MiB Swap:   2048.0 total,   2048.0 free,      0.0 used.   6103.9 avail Mem 

  PID USER      PR  NI    VIRT    RES    SHR S  %CPU  %MEM     TIME+ COMMAND
 1239 root      20   0  382920 377132   5100 R 100.0   4.7   0:01.96 /zkay/zkay/jsnark_interface/run_snark proofgen /tmp/tmpcj1_noqz /tmp/tmpcj1_noqz/proo+
    1 root      20   0    3984   3232   2736 S   0.0   0.0   0:00.06 bash
    7 root      20   0    3992   3108   2608 S   0.0   0.0   0:00.08 bash
   13 root      20   0    3988   3228   2716 S   0.0   0.0   0:00.10 bash
  844 root      20   0    7864   2984   2628 R   0.0   0.0   0:00.08 top -bc -d 1 -n 6000
  845 root      20   0   96380  90004  12488 S   0.0   1.1   1:37.64 /usr/local/bin/python3.8 /usr/local/bin/zkay run --blockchain-backend w3-eth-tester .+

top - 21:55:49 up 1 day,  1:49,  0 users,  load average: 1.32, 0.67, 0.26
Tasks:   6 total,   2 running,   4 sleeping,   0 stopped,   0 zombie
%Cpu(s):  7.0 us,  1.4 sy,  0.0 ni, 91.4 id,  0.1 wa,  0.0 hi,  0.1 si,  0.0 st
MiB Mem :   7877.2 total,   3748.6 free,   1462.5 used,   2666.0 buff/cache
MiB Swap:   2048.0 total,   2048.0 free,      0.0 used.   6103.9 avail Mem 

  PID USER      PR  NI    VIRT    RES    SHR S  %CPU  %MEM     TIME+ COMMAND
 1239 root      20   0  594696 585412   5100 R 100.0   7.3   0:02.96 /zkay/zkay/jsnark_interface/run_snark proofgen /tmp/tmpcj1_noqz /tmp/tmpcj1_noqz/proo+
    1 root      20   0    3984   3232   2736 S   0.0   0.0   0:00.06 bash
    7 root      20   0    3992   3108   2608 S   0.0   0.0   0:00.08 bash
   13 root      20   0    3988   3228   2716 S   0.0   0.0   0:00.10 bash
  844 root      20   0    7864   2984   2628 R   0.0   0.0   0:00.08 top -bc -d 1 -n 6000
  845 root      20   0   96380  90004  12488 S   0.0   1.1   1:37.64 /usr/local/bin/python3.8 /usr/local/bin/zkay run --blockchain-backend w3-eth-tester .+

top - 21:55:50 up 1 day,  1:49,  0 users,  load average: 1.29, 0.67, 0.27
Tasks:   6 total,   2 running,   4 sleeping,   0 stopped,   0 zombie
%Cpu(s):  7.3 us,  1.0 sy,  0.0 ni, 91.7 id,  0.0 wa,  0.0 hi,  0.0 si,  0.0 st
MiB Mem :   7877.2 total,   3066.4 free,   2144.8 used,   2666.1 buff/cache
MiB Swap:   2048.0 total,   2048.0 free,      0.0 used.   5421.6 avail Mem 

  PID USER      PR  NI    VIRT    RES    SHR S  %CPU  %MEM     TIME+ COMMAND
 1239 root      20   0  804036 798392   5100 R 100.0   9.9   0:03.96 /zkay/zkay/jsnark_interface/run_snark proofgen /tmp/tmpcj1_noqz /tmp/tmpcj1_noqz/proo+
    1 root      20   0    3984   3232   2736 S   0.0   0.0   0:00.06 bash
    7 root      20   0    3992   3108   2608 S   0.0   0.0   0:00.08 bash
   13 root      20   0    3988   3228   2716 S   0.0   0.0   0:00.10 bash
  844 root      20   0    7864   2984   2628 R   0.0   0.0   0:00.08 top -bc -d 1 -n 6000
  845 root      20   0   96380  90004  12488 S   0.0   1.1   1:37.64 /usr/local/bin/python3.8 /usr/local/bin/zkay run --blockchain-backend w3-eth-tester .+

top - 21:55:51 up 1 day,  1:49,  0 users,  load average: 1.29, 0.67, 0.27
Tasks:   6 total,   2 running,   4 sleeping,   0 stopped,   0 zombie
%Cpu(s):  8.3 us,  0.0 sy,  0.0 ni, 91.7 id,  0.0 wa,  0.0 hi,  0.0 si,  0.0 st
MiB Mem :   7877.2 total,   3066.4 free,   2144.8 used,   2666.1 buff/cache
MiB Swap:   2048.0 total,   2048.0 free,      0.0 used.   5421.6 avail Mem 

  PID USER      PR  NI    VIRT    RES    SHR S  %CPU  %MEM     TIME+ COMMAND
 1239 root      20   0  804036 798392   5100 R 100.0   9.9   0:04.96 /zkay/zkay/jsnark_interface/run_snark proofgen /tmp/tmpcj1_noqz /tmp/tmpcj1_noqz/proo+
    1 root      20   0    3984   3232   2736 S   0.0   0.0   0:00.06 bash
    7 root      20   0    3992   3108   2608 S   0.0   0.0   0:00.08 bash
   13 root      20   0    3988   3228   2716 S   0.0   0.0   0:00.10 bash
  844 root      20   0    7864   2984   2628 R   0.0   0.0   0:00.08 top -bc -d 1 -n 6000
  845 root      20   0   96380  90004  12488 S   0.0   1.1   1:37.64 /usr/local/bin/python3.8 /usr/local/bin/zkay run --blockchain-backend w3-eth-tester .+

top - 21:55:52 up 1 day,  1:49,  0 users,  load average: 1.29, 0.67, 0.27
Tasks:   6 total,   2 running,   4 sleeping,   0 stopped,   0 zombie
%Cpu(s):  8.0 us,  0.3 sy,  0.0 ni, 91.7 id,  0.0 wa,  0.0 hi,  0.0 si,  0.0 st
MiB Mem :   7877.2 total,   3066.4 free,   2144.8 used,   2666.1 buff/cache
MiB Swap:   2048.0 total,   2048.0 free,      0.0 used.   5421.6 avail Mem 

  PID USER      PR  NI    VIRT    RES    SHR S  %CPU  %MEM     TIME+ COMMAND
 1239 root      20   0  955112 877852   5100 R 100.0  10.9   0:05.96 /zkay/zkay/jsnark_interface/run_snark proofgen /tmp/tmpcj1_noqz /tmp/tmpcj1_noqz/proo+
    1 root      20   0    3984   3232   2736 S   0.0   0.0   0:00.06 bash
    7 root      20   0    3992   3108   2608 S   0.0   0.0   0:00.08 bash
   13 root      20   0    3988   3228   2716 S   0.0   0.0   0:00.10 bash
  844 root      20   0    7864   2984   2628 R   0.0   0.0   0:00.08 top -bc -d 1 -n 6000
  845 root      20   0   96380  90004  12488 S   0.0   1.1   1:37.64 /usr/local/bin/python3.8 /usr/local/bin/zkay run --blockchain-backend w3-eth-tester .+

top - 21:55:53 up 1 day,  1:49,  0 users,  load average: 1.29, 0.67, 0.27
Tasks:   6 total,   2 running,   4 sleeping,   0 stopped,   0 zombie
%Cpu(s):  7.2 us,  1.2 sy,  0.0 ni, 91.5 id,  0.0 wa,  0.0 hi,  0.1 si,  0.0 st
MiB Mem :   7877.2 total,   2813.8 free,   2397.3 used,   2666.1 buff/cache
MiB Swap:   2048.0 total,   2048.0 free,      0.0 used.   5169.0 avail Mem 

  PID USER      PR  NI    VIRT    RES    SHR S  %CPU  %MEM     TIME+ COMMAND
 1239 root      20   0 1076476   1.0g   5100 R 100.0  13.1   0:06.96 /zkay/zkay/jsnark_interface/run_snark proofgen /tmp/tmpcj1_noqz /tmp/tmpcj1_noqz/proo+
    1 root      20   0    3984   3232   2736 S   0.0   0.0   0:00.06 bash
    7 root      20   0    3992   3108   2608 S   0.0   0.0   0:00.08 bash
   13 root      20   0    3988   3228   2716 S   0.0   0.0   0:00.10 bash
  844 root      20   0    7864   2984   2628 R   0.0   0.0   0:00.08 top -bc -d 1 -n 6000
  845 root      20   0   96380  90004  12488 S   0.0   1.1   1:37.64 /usr/local/bin/python3.8 /usr/local/bin/zkay run --blockchain-backend w3-eth-tester .+

top - 21:55:54 up 1 day,  1:50,  0 users,  load average: 1.29, 0.67, 0.27
Tasks:   6 total,   2 running,   4 sleeping,   0 stopped,   0 zombie
%Cpu(s): 25.5 us,  6.9 sy,  0.0 ni, 67.6 id,  0.0 wa,  0.0 hi,  0.1 si,  0.0 st
MiB Mem :   7877.2 total,   2813.8 free,   2397.3 used,   2666.1 buff/cache
MiB Swap:   2048.0 total,   2048.0 free,      0.0 used.   5169.0 avail Mem 

  PID USER      PR  NI    VIRT    RES    SHR S  %CPU  %MEM     TIME+ COMMAND
 1239 root      20   0 1947380   1.2g   5100 R 369.0  15.6   0:10.65 /zkay/zkay/jsnark_interface/run_snark proofgen /tmp/tmpcj1_noqz /tmp/tmpcj1_noqz/proo+
    1 root      20   0    3984   3232   2736 S   0.0   0.0   0:00.06 bash
    7 root      20   0    3992   3108   2608 S   0.0   0.0   0:00.08 bash
   13 root      20   0    3988   3228   2716 S   0.0   0.0   0:00.10 bash
  844 root      20   0    7864   2984   2628 R   0.0   0.0   0:00.08 top -bc -d 1 -n 6000
  845 root      20   0   96380  90004  12488 S   0.0   1.1   1:37.64 /usr/local/bin/python3.8 /usr/local/bin/zkay run --blockchain-backend w3-eth-tester .+

top - 21:55:55 up 1 day,  1:50,  0 users,  load average: 2.15, 0.86, 0.33
Tasks:   6 total,   2 running,   4 sleeping,   0 stopped,   0 zombie
%Cpu(s): 27.9 us,  2.5 sy,  0.0 ni, 69.5 id,  0.1 wa,  0.0 hi,  0.0 si,  0.0 st
MiB Mem :   7877.2 total,   2813.8 free,   2397.3 used,   2666.1 buff/cache
MiB Swap:   2048.0 total,   2048.0 free,      0.0 used.   5169.0 avail Mem 

  PID USER      PR  NI    VIRT    RES    SHR S  %CPU  %MEM     TIME+ COMMAND
 1239 root      20   0 1861720   1.2g   5100 R 368.0  15.6   0:14.33 /zkay/zkay/jsnark_interface/run_snark proofgen /tmp/tmpcj1_noqz /tmp/tmpcj1_noqz/proo+
  844 root      20   0    7864   2984   2628 R   1.0   0.0   0:00.09 top -bc -d 1 -n 6000
    1 root      20   0    3984   3232   2736 S   0.0   0.0   0:00.06 bash
    7 root      20   0    3992   3108   2608 S   0.0   0.0   0:00.08 bash
   13 root      20   0    3988   3228   2716 S   0.0   0.0   0:00.10 bash
  845 root      20   0   96380  90004  12488 S   0.0   1.1   1:37.64 /usr/local/bin/python3.8 /usr/local/bin/zkay run --blockchain-backend w3-eth-tester .+

top - 21:55:56 up 1 day,  1:50,  0 users,  load average: 2.15, 0.86, 0.33
Tasks:   6 total,   2 running,   4 sleeping,   0 stopped,   0 zombie
%Cpu(s):  8.2 us,  0.2 sy,  0.0 ni, 91.6 id,  0.0 wa,  0.0 hi,  0.0 si,  0.0 st
MiB Mem :   7877.2 total,   2598.9 free,   2612.2 used,   2666.1 buff/cache
MiB Swap:   2048.0 total,   2048.0 free,      0.0 used.   4954.2 avail Mem 

  PID USER      PR  NI    VIRT    RES    SHR S  %CPU  %MEM     TIME+ COMMAND
 1239 root      20   0 1888176   1.2g   5100 R  99.0  15.9   0:15.33 /zkay/zkay/jsnark_interface/run_snark proofgen /tmp/tmpcj1_noqz /tmp/tmpcj1_noqz/proo+
    1 root      20   0    3984   3232   2736 S   0.0   0.0   0:00.06 bash
    7 root      20   0    3992   3108   2608 S   0.0   0.0   0:00.08 bash
   13 root      20   0    3988   3228   2716 S   0.0   0.0   0:00.10 bash
  844 root      20   0    7864   2984   2628 R   0.0   0.0   0:00.09 top -bc -d 1 -n 6000
  845 root      20   0   96380  90004  12488 S   0.0   1.1   1:37.64 /usr/local/bin/python3.8 /usr/local/bin/zkay run --blockchain-backend w3-eth-tester .+

top - 21:55:57 up 1 day,  1:50,  0 users,  load average: 2.15, 0.86, 0.33
Tasks:   6 total,   2 running,   4 sleeping,   0 stopped,   0 zombie
%Cpu(s): 15.8 us,  0.3 sy,  0.0 ni, 83.9 id,  0.0 wa,  0.0 hi,  0.0 si,  0.0 st
MiB Mem :   7877.2 total,   2598.9 free,   2612.2 used,   2666.1 buff/cache
MiB Swap:   2048.0 total,   2048.0 free,      0.0 used.   4954.2 avail Mem 

  PID USER      PR  NI    VIRT    RES    SHR S  %CPU  %MEM     TIME+ COMMAND
 1239 root      20   0 1888176   1.2g   5100 R 197.0  15.9   0:17.30 /zkay/zkay/jsnark_interface/run_snark proofgen /tmp/tmpcj1_noqz /tmp/tmpcj1_noqz/proo+
    1 root      20   0    3984   3232   2736 S   0.0   0.0   0:00.06 bash
    7 root      20   0    3992   3108   2608 S   0.0   0.0   0:00.08 bash
   13 root      20   0    3988   3228   2716 S   0.0   0.0   0:00.10 bash
  844 root      20   0    7864   2984   2628 R   0.0   0.0   0:00.09 top -bc -d 1 -n 6000
  845 root      20   0   96380  90004  12488 S   0.0   1.1   1:37.64 /usr/local/bin/python3.8 /usr/local/bin/zkay run --blockchain-backend w3-eth-tester .+

top - 21:55:58 up 1 day,  1:50,  0 users,  load average: 2.15, 0.86, 0.33
Tasks:   6 total,   2 running,   4 sleeping,   0 stopped,   0 zombie
%Cpu(s): 29.9 us,  0.2 sy,  0.0 ni, 68.7 id,  0.0 wa,  0.0 hi,  1.1 si,  0.0 st
MiB Mem :   7877.2 total,   2598.9 free,   2612.2 used,   2666.1 buff/cache
MiB Swap:   2048.0 total,   2048.0 free,      0.0 used.   4954.2 avail Mem 

  PID USER      PR  NI    VIRT    RES    SHR S  %CPU  %MEM     TIME+ COMMAND
 1239 root      20   0 1888176   1.2g   5100 R 347.0  15.9   0:20.77 /zkay/zkay/jsnark_interface/run_snark proofgen /tmp/tmpcj1_noqz /tmp/tmpcj1_noqz/proo+
    1 root      20   0    3984   3232   2736 S   0.0   0.0   0:00.06 bash
    7 root      20   0    3992   3108   2608 S   0.0   0.0   0:00.08 bash
   13 root      20   0    3988   3228   2716 S   0.0   0.0   0:00.10 bash
  844 root      20   0    7864   2984   2628 R   0.0   0.0   0:00.09 top -bc -d 1 -n 6000
  845 root      20   0   96380  90004  12488 S   0.0   1.1   1:37.64 /usr/local/bin/python3.8 /usr/local/bin/zkay run --blockchain-backend w3-eth-tester .+

top - 21:55:59 up 1 day,  1:50,  0 users,  load average: 2.15, 0.86, 0.33
Tasks:   6 total,   2 running,   4 sleeping,   0 stopped,   0 zombie
%Cpu(s): 54.5 us,  0.1 sy,  0.0 ni, 45.0 id,  0.0 wa,  0.0 hi,  0.4 si,  0.0 st
MiB Mem :   7877.2 total,   2597.7 free,   2613.4 used,   2666.1 buff/cache
MiB Swap:   2048.0 total,   2048.0 free,      0.0 used.   4953.0 avail Mem 

  PID USER      PR  NI    VIRT    RES    SHR S  %CPU  %MEM     TIME+ COMMAND
 1239 root      20   0 1888176   1.2g   5100 R 640.0  15.9   0:27.17 /zkay/zkay/jsnark_interface/run_snark proofgen /tmp/tmpcj1_noqz /tmp/tmpcj1_noqz/proo+
    1 root      20   0    3984   3232   2736 S   0.0   0.0   0:00.06 bash
    7 root      20   0    3992   3108   2608 S   0.0   0.0   0:00.08 bash
   13 root      20   0    3988   3228   2716 S   0.0   0.0   0:00.10 bash
  844 root      20   0    7864   2984   2628 R   0.0   0.0   0:00.09 top -bc -d 1 -n 6000
  845 root      20   0   96380  90004  12488 S   0.0   1.1   1:37.64 /usr/local/bin/python3.8 /usr/local/bin/zkay run --blockchain-backend w3-eth-tester .+

top - 21:56:00 up 1 day,  1:50,  0 users,  load average: 2.94, 1.05, 0.40
Tasks:   6 total,   2 running,   4 sleeping,   0 stopped,   0 zombie
%Cpu(s): 98.3 us,  0.0 sy,  0.0 ni,  1.7 id,  0.0 wa,  0.0 hi,  0.0 si,  0.0 st
MiB Mem :   7877.2 total,   2597.7 free,   2613.4 used,   2666.1 buff/cache
MiB Swap:   2048.0 total,   2048.0 free,      0.0 used.   4953.0 avail Mem 

  PID USER      PR  NI    VIRT    RES    SHR S  %CPU  %MEM     TIME+ COMMAND
 1239 root      20   0 1888176   1.2g   5100 R  1180  15.9   0:38.97 /zkay/zkay/jsnark_interface/run_snark proofgen /tmp/tmpcj1_noqz /tmp/tmpcj1_noqz/proo+
    1 root      20   0    3984   3232   2736 S   0.0   0.0   0:00.06 bash
    7 root      20   0    3992   3108   2608 S   0.0   0.0   0:00.08 bash
   13 root      20   0    3988   3228   2716 S   0.0   0.0   0:00.10 bash
  844 root      20   0    7864   2984   2628 R   0.0   0.0   0:00.09 top -bc -d 1 -n 6000
  845 root      20   0   96380  90004  12488 S   0.0   1.1   1:37.64 /usr/local/bin/python3.8 /usr/local/bin/zkay run --blockchain-backend w3-eth-tester .+

top - 21:56:01 up 1 day,  1:50,  0 users,  load average: 2.94, 1.05, 0.40
Tasks:   5 total,   2 running,   3 sleeping,   0 stopped,   0 zombie
%Cpu(s): 58.8 us,  0.5 sy,  0.0 ni, 40.4 id,  0.0 wa,  0.0 hi,  0.3 si,  0.0 st
MiB Mem :   7877.2 total,   2597.7 free,   2613.4 used,   2666.1 buff/cache
MiB Swap:   2048.0 total,   2048.0 free,      0.0 used.   4953.0 avail Mem 

  PID USER      PR  NI    VIRT    RES    SHR S  %CPU  %MEM     TIME+ COMMAND
  845 root      20   0   96380  90004  12488 R  22.8   1.1   1:37.87 /usr/local/bin/python3.8 /usr/local/bin/zkay run --blockchain-backend w3-eth-tester .+
    1 root      20   0    3984   3232   2736 S   0.0   0.0   0:00.06 bash
    7 root      20   0    3992   3108   2608 S   0.0   0.0   0:00.08 bash
   13 root      20   0    3988   3228   2716 S   0.0   0.0   0:00.10 bash
  844 root      20   0    7864   2984   2628 R   0.0   0.0   0:00.09 top -bc -d 1 -n 6000

top - 21:56:02 up 1 day,  1:50,  0 users,  load average: 2.94, 1.05, 0.40
Tasks:   5 total,   2 running,   3 sleeping,   0 stopped,   0 zombie
%Cpu(s):  8.3 us,  0.0 sy,  0.0 ni, 91.7 id,  0.0 wa,  0.0 hi,  0.0 si,  0.0 st
MiB Mem :   7877.2 total,   3870.3 free,   1369.1 used,   2637.7 buff/cache
MiB Swap:   2048.0 total,   2048.0 free,      0.0 used.   6197.4 avail Mem 

  PID USER      PR  NI    VIRT    RES    SHR S  %CPU  %MEM     TIME+ COMMAND
  845 root      20   0   96380  90004  12488 R 100.0   1.1   1:38.88 /usr/local/bin/python3.8 /usr/local/bin/zkay run --blockchain-backend w3-eth-tester .+
  844 root      20   0    7864   2984   2628 R   1.0   0.0   0:00.10 top -bc -d 1 -n 6000
    1 root      20   0    3984   3232   2736 S   0.0   0.0   0:00.06 bash
    7 root      20   0    3992   3108   2608 S   0.0   0.0   0:00.08 bash
   13 root      20   0    3988   3228   2716 S   0.0   0.0   0:00.10 bash

top - 21:56:03 up 1 day,  1:50,  0 users,  load average: 2.94, 1.05, 0.40
Tasks:   5 total,   2 running,   3 sleeping,   0 stopped,   0 zombie
%Cpu(s):  8.3 us,  0.7 sy,  0.0 ni, 90.8 id,  0.0 wa,  0.0 hi,  0.2 si,  0.0 st
MiB Mem :   7877.2 total,   3870.3 free,   1369.1 used,   2637.7 buff/cache
MiB Swap:   2048.0 total,   2048.0 free,      0.0 used.   6197.4 avail Mem 

  PID USER      PR  NI    VIRT    RES    SHR S  %CPU  %MEM     TIME+ COMMAND
  845 root      20   0   96380  90004  12488 R 100.0   1.1   1:39.88 /usr/local/bin/python3.8 /usr/local/bin/zkay run --blockchain-backend w3-eth-tester .+
    1 root      20   0    3984   3232   2736 S   0.0   0.0   0:00.06 bash
    7 root      20   0    3992   3108   2608 S   0.0   0.0   0:00.08 bash
   13 root      20   0    3988   3228   2716 S   0.0   0.0   0:00.10 bash
  844 root      20   0    7864   2984   2628 R   0.0   0.0   0:00.10 top -bc -d 1 -n 6000

top - 21:56:04 up 1 day,  1:50,  0 users,  load average: 2.94, 1.05, 0.40
Tasks:   5 total,   2 running,   3 sleeping,   0 stopped,   0 zombie
%Cpu(s):  8.3 us,  0.0 sy,  0.0 ni, 91.7 id,  0.0 wa,  0.0 hi,  0.0 si,  0.0 st
MiB Mem :   7877.2 total,   3870.3 free,   1369.1 used,   2637.7 buff/cache
MiB Swap:   2048.0 total,   2048.0 free,      0.0 used.   6197.4 avail Mem 

  PID USER      PR  NI    VIRT    RES    SHR S  %CPU  %MEM     TIME+ COMMAND
  845 root      20   0   96380  90004  12488 R 100.0   1.1   1:40.88 /usr/local/bin/python3.8 /usr/local/bin/zkay run --blockchain-backend w3-eth-tester .+
    1 root      20   0    3984   3232   2736 S   0.0   0.0   0:00.06 bash
    7 root      20   0    3992   3108   2608 S   0.0   0.0   0:00.08 bash
   13 root      20   0    3988   3228   2716 S   0.0   0.0   0:00.10 bash
  844 root      20   0    7864   2984   2628 R   0.0   0.0   0:00.10 top -bc -d 1 -n 6000

top - 21:56:05 up 1 day,  1:50,  0 users,  load average: 2.79, 1.05, 0.40
Tasks:   5 total,   2 running,   3 sleeping,   0 stopped,   0 zombie
%Cpu(s):  8.3 us,  0.3 sy,  0.0 ni, 91.4 id,  0.0 wa,  0.0 hi,  0.0 si,  0.0 st
MiB Mem :   7877.2 total,   3870.1 free,   1369.3 used,   2637.7 buff/cache
MiB Swap:   2048.0 total,   2048.0 free,      0.0 used.   6197.2 avail Mem 

  PID USER      PR  NI    VIRT    RES    SHR S  %CPU  %MEM     TIME+ COMMAND
  845 root      20   0   96380  90004  12488 R 100.0   1.1   1:41.88 /usr/local/bin/python3.8 /usr/local/bin/zkay run --blockchain-backend w3-eth-tester .+
    1 root      20   0    3984   3232   2736 S   0.0   0.0   0:00.06 bash
    7 root      20   0    3992   3108   2608 S   0.0   0.0   0:00.08 bash
   13 root      20   0    3988   3228   2716 S   0.0   0.0   0:00.10 bash
  844 root      20   0    7864   2984   2628 R   0.0   0.0   0:00.10 top -bc -d 1 -n 6000

top - 21:56:06 up 1 day,  1:50,  0 users,  load average: 2.79, 1.05, 0.40
Tasks:   5 total,   2 running,   3 sleeping,   0 stopped,   0 zombie
%Cpu(s):  8.4 us,  0.0 sy,  0.0 ni, 91.4 id,  0.2 wa,  0.0 hi,  0.0 si,  0.0 st
MiB Mem :   7877.2 total,   3870.1 free,   1369.3 used,   2637.7 buff/cache
MiB Swap:   2048.0 total,   2048.0 free,      0.0 used.   6197.2 avail Mem 

  PID USER      PR  NI    VIRT    RES    SHR S  %CPU  %MEM     TIME+ COMMAND
  845 root      20   0   96380  90004  12488 R 100.0   1.1   1:42.89 /usr/local/bin/python3.8 /usr/local/bin/zkay run --blockchain-backend w3-eth-tester .+
    1 root      20   0    3984   3232   2736 S   0.0   0.0   0:00.06 bash
    7 root      20   0    3992   3108   2608 S   0.0   0.0   0:00.08 bash
   13 root      20   0    3988   3228   2716 S   0.0   0.0   0:00.10 bash
  844 root      20   0    7864   2984   2628 R   0.0   0.0   0:00.10 top -bc -d 1 -n 6000

top - 21:56:07 up 1 day,  1:50,  0 users,  load average: 2.79, 1.05, 0.40
Tasks:   5 total,   2 running,   3 sleeping,   0 stopped,   0 zombie
%Cpu(s):  8.3 us,  0.2 sy,  0.0 ni, 91.4 id,  0.0 wa,  0.0 hi,  0.0 si,  0.0 st
MiB Mem :   7877.2 total,   3870.1 free,   1369.3 used,   2637.7 buff/cache
MiB Swap:   2048.0 total,   2048.0 free,      0.0 used.   6197.2 avail Mem 

  PID USER      PR  NI    VIRT    RES    SHR S  %CPU  %MEM     TIME+ COMMAND
  845 root      20   0   96380  90004  12488 R 100.0   1.1   1:43.89 /usr/local/bin/python3.8 /usr/local/bin/zkay run --blockchain-backend w3-eth-tester .+
    1 root      20   0    3984   3232   2736 S   0.0   0.0   0:00.06 bash
    7 root      20   0    3992   3108   2608 S   0.0   0.0   0:00.08 bash
   13 root      20   0    3988   3228   2716 S   0.0   0.0   0:00.10 bash
  844 root      20   0    7864   2984   2628 R   0.0   0.0   0:00.10 top -bc -d 1 -n 6000

top - 21:56:08 up 1 day,  1:50,  0 users,  load average: 2.79, 1.05, 0.40
Tasks:   5 total,   2 running,   3 sleeping,   0 stopped,   0 zombie
%Cpu(s):  8.7 us,  0.4 sy,  0.0 ni, 89.7 id,  0.0 wa,  0.0 hi,  1.2 si,  0.0 st
MiB Mem :   7877.2 total,   3867.5 free,   1371.9 used,   2637.8 buff/cache
MiB Swap:   2048.0 total,   2048.0 free,      0.0 used.   6194.6 avail Mem 

  PID USER      PR  NI    VIRT    RES    SHR S  %CPU  %MEM     TIME+ COMMAND
  845 root      20   0   96380  90004  12488 R 100.0   1.1   1:44.89 /usr/local/bin/python3.8 /usr/local/bin/zkay run --blockchain-backend w3-eth-tester .+
    1 root      20   0    3984   3232   2736 S   0.0   0.0   0:00.06 bash
    7 root      20   0    3992   3108   2608 S   0.0   0.0   0:00.08 bash
   13 root      20   0    3988   3228   2716 S   0.0   0.0   0:00.10 bash
  844 root      20   0    7864   2984   2628 R   0.0   0.0   0:00.10 top -bc -d 1 -n 6000

top - 21:56:09 up 1 day,  1:50,  0 users,  load average: 2.79, 1.05, 0.40
Tasks:   5 total,   2 running,   3 sleeping,   0 stopped,   0 zombie
%Cpu(s):  8.7 us,  0.1 sy,  0.0 ni, 91.3 id,  0.0 wa,  0.0 hi,  0.0 si,  0.0 st
MiB Mem :   7877.2 total,   3867.5 free,   1371.9 used,   2637.8 buff/cache
MiB Swap:   2048.0 total,   2048.0 free,      0.0 used.   6194.6 avail Mem 

  PID USER      PR  NI    VIRT    RES    SHR S  %CPU  %MEM     TIME+ COMMAND
  845 root      20   0   96380  90004  12488 R 100.0   1.1   1:45.89 /usr/local/bin/python3.8 /usr/local/bin/zkay run --blockchain-backend w3-eth-tester .+
    1 root      20   0    3984   3232   2736 S   0.0   0.0   0:00.06 bash
    7 root      20   0    3992   3108   2608 S   0.0   0.0   0:00.08 bash
   13 root      20   0    3988   3228   2716 S   0.0   0.0   0:00.10 bash
  844 root      20   0    7864   2984   2628 R   0.0   0.0   0:00.10 top -bc -d 1 -n 6000

top - 21:56:10 up 1 day,  1:50,  0 users,  load average: 2.64, 1.04, 0.40
Tasks:   5 total,   2 running,   3 sleeping,   0 stopped,   0 zombie
%Cpu(s):  8.3 us,  0.0 sy,  0.0 ni, 91.7 id,  0.0 wa,  0.0 hi,  0.0 si,  0.0 st
MiB Mem :   7877.2 total,   3867.5 free,   1371.9 used,   2637.8 buff/cache
MiB Swap:   2048.0 total,   2048.0 free,      0.0 used.   6194.6 avail Mem 

  PID USER      PR  NI    VIRT    RES    SHR S  %CPU  %MEM     TIME+ COMMAND
  845 root      20   0   96380  90004  12488 R 100.0   1.1   1:46.89 /usr/local/bin/python3.8 /usr/local/bin/zkay run --blockchain-backend w3-eth-tester .+
    1 root      20   0    3984   3232   2736 S   0.0   0.0   0:00.06 bash
    7 root      20   0    3992   3108   2608 S   0.0   0.0   0:00.08 bash
   13 root      20   0    3988   3228   2716 S   0.0   0.0   0:00.10 bash
  844 root      20   0    7864   2984   2628 R   0.0   0.0   0:00.10 top -bc -d 1 -n 6000

top - 21:56:11 up 1 day,  1:50,  0 users,  load average: 2.64, 1.04, 0.40
Tasks:   5 total,   2 running,   3 sleeping,   0 stopped,   0 zombie
%Cpu(s):  8.3 us,  0.0 sy,  0.0 ni, 91.7 id,  0.0 wa,  0.0 hi,  0.0 si,  0.0 st
MiB Mem :   7877.2 total,   3866.9 free,   1372.4 used,   2637.9 buff/cache
MiB Swap:   2048.0 total,   2048.0 free,      0.0 used.   6193.9 avail Mem 

  PID USER      PR  NI    VIRT    RES    SHR S  %CPU  %MEM     TIME+ COMMAND
  845 root      20   0   96380  90004  12488 R 100.0   1.1   1:47.89 /usr/local/bin/python3.8 /usr/local/bin/zkay run --blockchain-backend w3-eth-tester .+
    1 root      20   0    3984   3232   2736 S   0.0   0.0   0:00.06 bash
    7 root      20   0    3992   3108   2608 S   0.0   0.0   0:00.08 bash
   13 root      20   0    3988   3228   2716 S   0.0   0.0   0:00.10 bash
  844 root      20   0    7864   2984   2628 R   0.0   0.0   0:00.10 top -bc -d 1 -n 6000

top - 21:56:12 up 1 day,  1:50,  0 users,  load average: 2.64, 1.04, 0.40
Tasks:   5 total,   2 running,   3 sleeping,   0 stopped,   0 zombie
%Cpu(s):  8.3 us,  0.0 sy,  0.0 ni, 91.6 id,  0.1 wa,  0.0 hi,  0.0 si,  0.0 st
MiB Mem :   7877.2 total,   3866.9 free,   1372.4 used,   2637.9 buff/cache
MiB Swap:   2048.0 total,   2048.0 free,      0.0 used.   6193.9 avail Mem 

  PID USER      PR  NI    VIRT    RES    SHR S  %CPU  %MEM     TIME+ COMMAND
  845 root      20   0   96380  90004  12488 R 100.0   1.1   1:48.89 /usr/local/bin/python3.8 /usr/local/bin/zkay run --blockchain-backend w3-eth-tester .+
    1 root      20   0    3984   3232   2736 S   0.0   0.0   0:00.06 bash
    7 root      20   0    3992   3108   2608 S   0.0   0.0   0:00.08 bash
   13 root      20   0    3988   3228   2716 S   0.0   0.0   0:00.10 bash
  844 root      20   0    7864   2984   2628 R   0.0   0.0   0:00.10 top -bc -d 1 -n 6000

top - 21:56:13 up 1 day,  1:50,  0 users,  load average: 2.64, 1.04, 0.40
Tasks:   5 total,   2 running,   3 sleeping,   0 stopped,   0 zombie
%Cpu(s):  8.4 us,  0.0 sy,  0.0 ni, 91.6 id,  0.0 wa,  0.0 hi,  0.0 si,  0.0 st
MiB Mem :   7877.2 total,   3866.9 free,   1372.4 used,   2637.9 buff/cache
MiB Swap:   2048.0 total,   2048.0 free,      0.0 used.   6193.9 avail Mem 

  PID USER      PR  NI    VIRT    RES    SHR S  %CPU  %MEM     TIME+ COMMAND
  845 root      20   0   96380  90004  12488 R 100.0   1.1   1:49.90 /usr/local/bin/python3.8 /usr/local/bin/zkay run --blockchain-backend w3-eth-tester .+
    1 root      20   0    3984   3232   2736 S   0.0   0.0   0:00.06 bash
    7 root      20   0    3992   3108   2608 S   0.0   0.0   0:00.08 bash
   13 root      20   0    3988   3228   2716 S   0.0   0.0   0:00.10 bash
  844 root      20   0    7864   2984   2628 R   0.0   0.0   0:00.10 top -bc -d 1 -n 6000

top - 21:56:14 up 1 day,  1:50,  0 users,  load average: 2.64, 1.04, 0.40
Tasks:   5 total,   2 running,   3 sleeping,   0 stopped,   0 zombie
%Cpu(s):  8.3 us,  0.0 sy,  0.0 ni, 91.7 id,  0.0 wa,  0.0 hi,  0.0 si,  0.0 st
MiB Mem :   7877.2 total,   3866.9 free,   1372.4 used,   2637.9 buff/cache
MiB Swap:   2048.0 total,   2048.0 free,      0.0 used.   6193.9 avail Mem 

  PID USER      PR  NI    VIRT    RES    SHR S  %CPU  %MEM     TIME+ COMMAND
  845 root      20   0   96380  90004  12488 R 100.0   1.1   1:50.90 /usr/local/bin/python3.8 /usr/local/bin/zkay run --blockchain-backend w3-eth-tester .+
    1 root      20   0    3984   3232   2736 S   0.0   0.0   0:00.06 bash
    7 root      20   0    3992   3108   2608 S   0.0   0.0   0:00.08 bash
   13 root      20   0    3988   3228   2716 S   0.0   0.0   0:00.10 bash
  844 root      20   0    7864   2984   2628 R   0.0   0.0   0:00.10 top -bc -d 1 -n 6000

top - 21:56:15 up 1 day,  1:50,  0 users,  load average: 2.51, 1.04, 0.41
Tasks:   5 total,   2 running,   3 sleeping,   0 stopped,   0 zombie
%Cpu(s):  8.3 us,  0.0 sy,  0.0 ni, 91.7 id,  0.0 wa,  0.0 hi,  0.0 si,  0.0 st
MiB Mem :   7877.2 total,   3866.9 free,   1372.4 used,   2637.9 buff/cache
MiB Swap:   2048.0 total,   2048.0 free,      0.0 used.   6193.9 avail Mem 

  PID USER      PR  NI    VIRT    RES    SHR S  %CPU  %MEM     TIME+ COMMAND
  845 root      20   0   96380  90004  12488 R 100.0   1.1   1:51.90 /usr/local/bin/python3.8 /usr/local/bin/zkay run --blockchain-backend w3-eth-tester .+
    1 root      20   0    3984   3232   2736 S   0.0   0.0   0:00.06 bash
    7 root      20   0    3992   3108   2608 S   0.0   0.0   0:00.08 bash
   13 root      20   0    3988   3228   2716 S   0.0   0.0   0:00.10 bash
  844 root      20   0    7864   2984   2628 R   0.0   0.0   0:00.10 top -bc -d 1 -n 6000

top - 21:56:16 up 1 day,  1:50,  0 users,  load average: 2.51, 1.04, 0.41
Tasks:   5 total,   2 running,   3 sleeping,   0 stopped,   0 zombie
%Cpu(s):  8.4 us,  0.1 sy,  0.0 ni, 91.5 id,  0.0 wa,  0.0 hi,  0.0 si,  0.0 st
MiB Mem :   7877.2 total,   3866.9 free,   1372.4 used,   2637.9 buff/cache
MiB Swap:   2048.0 total,   2048.0 free,      0.0 used.   6193.9 avail Mem 

  PID USER      PR  NI    VIRT    RES    SHR S  %CPU  %MEM     TIME+ COMMAND
  845 root      20   0   96380  90004  12488 R 100.0   1.1   1:52.91 /usr/local/bin/python3.8 /usr/local/bin/zkay run --blockchain-backend w3-eth-tester .+
  844 root      20   0    7864   2984   2628 R   2.0   0.0   0:00.12 top -bc -d 1 -n 6000
    1 root      20   0    3984   3232   2736 S   0.0   0.0   0:00.06 bash
    7 root      20   0    3992   3108   2608 S   0.0   0.0   0:00.08 bash
   13 root      20   0    3988   3228   2716 S   0.0   0.0   0:00.10 bash

top - 21:56:17 up 1 day,  1:50,  0 users,  load average: 2.51, 1.04, 0.41
Tasks:   5 total,   2 running,   3 sleeping,   0 stopped,   0 zombie
%Cpu(s):  8.3 us,  0.0 sy,  0.0 ni, 91.7 id,  0.0 wa,  0.0 hi,  0.0 si,  0.0 st
MiB Mem :   7877.2 total,   3866.9 free,   1372.4 used,   2637.9 buff/cache
MiB Swap:   2048.0 total,   2048.0 free,      0.0 used.   6193.9 avail Mem 

  PID USER      PR  NI    VIRT    RES    SHR S  %CPU  %MEM     TIME+ COMMAND
  845 root      20   0   96380  90004  12488 R  99.0   1.1   1:53.91 /usr/local/bin/python3.8 /usr/local/bin/zkay run --blockchain-backend w3-eth-tester .+
    1 root      20   0    3984   3232   2736 S   0.0   0.0   0:00.06 bash
    7 root      20   0    3992   3108   2608 S   0.0   0.0   0:00.08 bash
   13 root      20   0    3988   3228   2716 S   0.0   0.0   0:00.10 bash
  844 root      20   0    7864   2984   2628 R   0.0   0.0   0:00.12 top -bc -d 1 -n 6000

top - 21:56:18 up 1 day,  1:50,  0 users,  load average: 2.51, 1.04, 0.41
Tasks:   5 total,   2 running,   3 sleeping,   0 stopped,   0 zombie
%Cpu(s):  8.4 us,  0.8 sy,  0.0 ni, 89.6 id,  0.1 wa,  0.0 hi,  1.1 si,  0.0 st
MiB Mem :   7877.2 total,   3866.9 free,   1372.4 used,   2637.9 buff/cache
MiB Swap:   2048.0 total,   2048.0 free,      0.0 used.   6193.9 avail Mem 

  PID USER      PR  NI    VIRT    RES    SHR S  %CPU  %MEM     TIME+ COMMAND
  845 root      20   0   96380  90004  12488 R 100.0   1.1   1:54.91 /usr/local/bin/python3.8 /usr/local/bin/zkay run --blockchain-backend w3-eth-tester .+
    1 root      20   0    3984   3232   2736 S   0.0   0.0   0:00.06 bash
    7 root      20   0    3992   3108   2608 S   0.0   0.0   0:00.08 bash
   13 root      20   0    3988   3228   2716 S   0.0   0.0   0:00.10 bash
  844 root      20   0    7864   2984   2628 R   0.0   0.0   0:00.12 top -bc -d 1 -n 6000

top - 21:56:19 up 1 day,  1:50,  0 users,  load average: 2.51, 1.04, 0.41
Tasks:   5 total,   2 running,   3 sleeping,   0 stopped,   0 zombie
%Cpu(s):  8.6 us,  0.1 sy,  0.0 ni, 91.3 id,  0.0 wa,  0.0 hi,  0.1 si,  0.0 st
MiB Mem :   7877.2 total,   3866.9 free,   1372.4 used,   2637.9 buff/cache
MiB Swap:   2048.0 total,   2048.0 free,      0.0 used.   6193.9 avail Mem 

  PID USER      PR  NI    VIRT    RES    SHR S  %CPU  %MEM     TIME+ COMMAND
  845 root      20   0   96380  90004  12488 R 100.0   1.1   1:55.92 /usr/local/bin/python3.8 /usr/local/bin/zkay run --blockchain-backend w3-eth-tester .+
    1 root      20   0    3984   3232   2736 S   0.0   0.0   0:00.06 bash
    7 root      20   0    3992   3108   2608 S   0.0   0.0   0:00.08 bash
   13 root      20   0    3988   3228   2716 S   0.0   0.0   0:00.10 bash
  844 root      20   0    7864   2984   2628 R   0.0   0.0   0:00.12 top -bc -d 1 -n 6000

top - 21:56:20 up 1 day,  1:50,  0 users,  load average: 2.39, 1.04, 0.41
Tasks:   5 total,   2 running,   3 sleeping,   0 stopped,   0 zombie
%Cpu(s):  8.3 us,  0.0 sy,  0.0 ni, 91.7 id,  0.0 wa,  0.0 hi,  0.0 si,  0.0 st
MiB Mem :   7877.2 total,   3867.3 free,   1372.0 used,   2637.9 buff/cache
MiB Swap:   2048.0 total,   2048.0 free,      0.0 used.   6194.3 avail Mem 

  PID USER      PR  NI    VIRT    RES    SHR S  %CPU  %MEM     TIME+ COMMAND
  845 root      20   0   96380  90004  12488 R 100.0   1.1   1:56.92 /usr/local/bin/python3.8 /usr/local/bin/zkay run --blockchain-backend w3-eth-tester .+
    1 root      20   0    3984   3232   2736 S   0.0   0.0   0:00.06 bash
    7 root      20   0    3992   3108   2608 S   0.0   0.0   0:00.08 bash
   13 root      20   0    3988   3228   2716 S   0.0   0.0   0:00.10 bash
  844 root      20   0    7864   2984   2628 R   0.0   0.0   0:00.12 top -bc -d 1 -n 6000

top - 21:56:21 up 1 day,  1:50,  0 users,  load average: 2.39, 1.04, 0.41
Tasks:   5 total,   2 running,   3 sleeping,   0 stopped,   0 zombie
%Cpu(s):  8.3 us,  0.1 sy,  0.0 ni, 91.6 id,  0.0 wa,  0.0 hi,  0.0 si,  0.0 st
MiB Mem :   7877.2 total,   3867.3 free,   1372.0 used,   2637.9 buff/cache
MiB Swap:   2048.0 total,   2048.0 free,      0.0 used.   6194.3 avail Mem 

  PID USER      PR  NI    VIRT    RES    SHR S  %CPU  %MEM     TIME+ COMMAND
  845 root      20   0   96380  90004  12488 R 100.0   1.1   1:57.92 /usr/local/bin/python3.8 /usr/local/bin/zkay run --blockchain-backend w3-eth-tester .+
    1 root      20   0    3984   3232   2736 S   0.0   0.0   0:00.06 bash
    7 root      20   0    3992   3108   2608 S   0.0   0.0   0:00.08 bash
   13 root      20   0    3988   3228   2716 S   0.0   0.0   0:00.10 bash
  844 root      20   0    7864   2984   2628 R   0.0   0.0   0:00.12 top -bc -d 1 -n 6000

top - 21:56:22 up 1 day,  1:50,  0 users,  load average: 2.39, 1.04, 0.41
Tasks:   5 total,   2 running,   3 sleeping,   0 stopped,   0 zombie
%Cpu(s):  8.4 us,  0.1 sy,  0.0 ni, 91.4 id,  0.1 wa,  0.0 hi,  0.0 si,  0.0 st
MiB Mem :   7877.2 total,   3867.3 free,   1372.0 used,   2637.9 buff/cache
MiB Swap:   2048.0 total,   2048.0 free,      0.0 used.   6194.3 avail Mem 

  PID USER      PR  NI    VIRT    RES    SHR S  %CPU  %MEM     TIME+ COMMAND
  845 root      20   0   96380  90004  12488 R 100.0   1.1   1:58.92 /usr/local/bin/python3.8 /usr/local/bin/zkay run --blockchain-backend w3-eth-tester .+
    1 root      20   0    3984   3232   2736 S   0.0   0.0   0:00.06 bash
    7 root      20   0    3992   3108   2608 S   0.0   0.0   0:00.08 bash
   13 root      20   0    3988   3228   2716 S   0.0   0.0   0:00.10 bash
  844 root      20   0    7864   2984   2628 R   0.0   0.0   0:00.12 top -bc -d 1 -n 6000

top - 21:56:23 up 1 day,  1:50,  0 users,  load average: 2.39, 1.04, 0.41
Tasks:   5 total,   2 running,   3 sleeping,   0 stopped,   0 zombie
%Cpu(s):  8.3 us,  0.0 sy,  0.0 ni, 91.7 id,  0.0 wa,  0.0 hi,  0.0 si,  0.0 st
MiB Mem :   7877.2 total,   3867.3 free,   1372.0 used,   2637.9 buff/cache
MiB Swap:   2048.0 total,   2048.0 free,      0.0 used.   6194.3 avail Mem 

  PID USER      PR  NI    VIRT    RES    SHR S  %CPU  %MEM     TIME+ COMMAND
  845 root      20   0   96380  90004  12488 R 100.0   1.1   1:59.92 /usr/local/bin/python3.8 /usr/local/bin/zkay run --blockchain-backend w3-eth-tester .+
    1 root      20   0    3984   3232   2736 S   0.0   0.0   0:00.06 bash
    7 root      20   0    3992   3108   2608 S   0.0   0.0   0:00.08 bash
   13 root      20   0    3988   3228   2716 S   0.0   0.0   0:00.10 bash
  844 root      20   0    7864   2984   2628 R   0.0   0.0   0:00.12 top -bc -d 1 -n 6000

top - 21:56:24 up 1 day,  1:50,  0 users,  load average: 2.39, 1.04, 0.41
Tasks:   5 total,   2 running,   3 sleeping,   0 stopped,   0 zombie
%Cpu(s):  8.3 us,  0.0 sy,  0.0 ni, 91.7 id,  0.0 wa,  0.0 hi,  0.0 si,  0.0 st
MiB Mem :   7877.2 total,   3867.3 free,   1372.0 used,   2637.9 buff/cache
MiB Swap:   2048.0 total,   2048.0 free,      0.0 used.   6194.3 avail Mem 

  PID USER      PR  NI    VIRT    RES    SHR S  %CPU  %MEM     TIME+ COMMAND
  845 root      20   0   96380  90004  12488 R 100.0   1.1   2:00.92 /usr/local/bin/python3.8 /usr/local/bin/zkay run --blockchain-backend w3-eth-tester .+
    1 root      20   0    3984   3232   2736 S   0.0   0.0   0:00.06 bash
    7 root      20   0    3992   3108   2608 S   0.0   0.0   0:00.08 bash
   13 root      20   0    3988   3228   2716 S   0.0   0.0   0:00.10 bash
  844 root      20   0    7864   2984   2628 R   0.0   0.0   0:00.12 top -bc -d 1 -n 6000

top - 21:56:25 up 1 day,  1:50,  0 users,  load average: 2.28, 1.04, 0.41
Tasks:   5 total,   2 running,   3 sleeping,   0 stopped,   0 zombie
%Cpu(s):  8.3 us,  0.0 sy,  0.0 ni, 91.7 id,  0.0 wa,  0.0 hi,  0.0 si,  0.0 st
MiB Mem :   7877.2 total,   3867.3 free,   1372.0 used,   2637.9 buff/cache
MiB Swap:   2048.0 total,   2048.0 free,      0.0 used.   6194.3 avail Mem 

  PID USER      PR  NI    VIRT    RES    SHR S  %CPU  %MEM     TIME+ COMMAND
  845 root      20   0   96380  90004  12488 R 100.0   1.1   2:01.92 /usr/local/bin/python3.8 /usr/local/bin/zkay run --blockchain-backend w3-eth-tester .+
    1 root      20   0    3984   3232   2736 S   0.0   0.0   0:00.06 bash
    7 root      20   0    3992   3108   2608 S   0.0   0.0   0:00.08 bash
   13 root      20   0    3988   3228   2716 S   0.0   0.0   0:00.10 bash
  844 root      20   0    7864   2984   2628 R   0.0   0.0   0:00.12 top -bc -d 1 -n 6000

top - 21:56:26 up 1 day,  1:50,  0 users,  load average: 2.28, 1.04, 0.41
Tasks:   5 total,   2 running,   3 sleeping,   0 stopped,   0 zombie
%Cpu(s):  8.3 us,  0.0 sy,  0.0 ni, 91.7 id,  0.0 wa,  0.0 hi,  0.0 si,  0.0 st
MiB Mem :   7877.2 total,   3867.3 free,   1372.0 used,   2637.9 buff/cache
MiB Swap:   2048.0 total,   2048.0 free,      0.0 used.   6194.3 avail Mem 

  PID USER      PR  NI    VIRT    RES    SHR S  %CPU  %MEM     TIME+ COMMAND
  845 root      20   0   96380  90004  12488 R 100.0   1.1   2:02.92 /usr/local/bin/python3.8 /usr/local/bin/zkay run --blockchain-backend w3-eth-tester .+
    1 root      20   0    3984   3232   2736 S   0.0   0.0   0:00.06 bash
    7 root      20   0    3992   3108   2608 S   0.0   0.0   0:00.08 bash
   13 root      20   0    3988   3228   2716 S   0.0   0.0   0:00.10 bash
  844 root      20   0    7864   2984   2628 R   0.0   0.0   0:00.12 top -bc -d 1 -n 6000

top - 21:56:27 up 1 day,  1:50,  0 users,  load average: 2.28, 1.04, 0.41
Tasks:   6 total,   1 running,   5 sleeping,   0 stopped,   0 zombie
%Cpu(s): 16.1 us,  1.4 sy,  0.0 ni, 81.6 id,  0.1 wa,  0.0 hi,  0.7 si,  0.0 st
MiB Mem :   7877.2 total,   3867.3 free,   1372.0 used,   2637.9 buff/cache
MiB Swap:   2048.0 total,   2048.0 free,      0.0 used.   6194.3 avail Mem 

  PID USER      PR  NI    VIRT    RES    SHR S  %CPU  %MEM     TIME+ COMMAND
 1251 root      20   0   19.5g 287008  25812 S 149.5   3.6   0:01.51 java -Xms4096m -Xmx16384m -cp /zkay/zkay/jsnark_interface/JsnarkCircuitBuilder.jar:/z+
  845 root      20   0   96380  90004  12488 S  55.4   1.1   2:03.48 /usr/local/bin/python3.8 /usr/local/bin/zkay run --blockchain-backend w3-eth-tester .+
    1 root      20   0    3984   3232   2736 S   0.0   0.0   0:00.06 bash
    7 root      20   0    3992   3108   2608 S   0.0   0.0   0:00.08 bash
   13 root      20   0    3988   3228   2716 S   0.0   0.0   0:00.10 bash
  844 root      20   0    7864   2984   2628 R   0.0   0.0   0:00.12 top -bc -d 1 -n 6000

top - 21:56:28 up 1 day,  1:50,  0 users,  load average: 2.28, 1.04, 0.41
Tasks:   6 total,   1 running,   5 sleeping,   0 stopped,   0 zombie
%Cpu(s): 41.7 us,  3.0 sy,  0.0 ni, 52.4 id,  0.0 wa,  0.0 hi,  2.9 si,  0.0 st
MiB Mem :   7877.2 total,   3867.3 free,   1372.0 used,   2637.9 buff/cache
MiB Swap:   2048.0 total,   2048.0 free,      0.0 used.   6194.3 avail Mem 

  PID USER      PR  NI    VIRT    RES    SHR S  %CPU  %MEM     TIME+ COMMAND
 1251 root      20   0   20.3g 608992  25936 S 542.0   7.5   0:06.93 java -Xms4096m -Xmx16384m -cp /zkay/zkay/jsnark_interface/JsnarkCircuitBuilder.jar:/z+
    1 root      20   0    3984   3232   2736 S   0.0   0.0   0:00.06 bash
    7 root      20   0    3992   3108   2608 S   0.0   0.0   0:00.08 bash
   13 root      20   0    3988   3228   2716 S   0.0   0.0   0:00.10 bash
  844 root      20   0    7864   2984   2628 R   0.0   0.0   0:00.12 top -bc -d 1 -n 6000
  845 root      20   0   96380  90004  12488 S   0.0   1.1   2:03.48 /usr/local/bin/python3.8 /usr/local/bin/zkay run --blockchain-backend w3-eth-tester .+

top - 21:56:29 up 1 day,  1:50,  0 users,  load average: 2.28, 1.04, 0.41
Tasks:   6 total,   1 running,   5 sleeping,   0 stopped,   0 zombie
%Cpu(s): 17.5 us,  3.1 sy,  0.0 ni, 78.8 id,  0.0 wa,  0.0 hi,  0.6 si,  0.0 st
MiB Mem :   7877.2 total,   2778.8 free,   2410.8 used,   2687.6 buff/cache
MiB Swap:   2048.0 total,   2048.0 free,      0.0 used.   5155.5 avail Mem 

  PID USER      PR  NI    VIRT    RES    SHR S  %CPU  %MEM     TIME+ COMMAND
 1251 root      20   0   20.3g   1.0g  26056 S 244.0  13.6   0:09.37 java -Xms4096m -Xmx16384m -cp /zkay/zkay/jsnark_interface/JsnarkCircuitBuilder.jar:/z+
    1 root      20   0    3984   3232   2736 S   0.0   0.0   0:00.06 bash
    7 root      20   0    3992   3108   2608 S   0.0   0.0   0:00.08 bash
   13 root      20   0    3988   3228   2716 S   0.0   0.0   0:00.10 bash
  844 root      20   0    7864   2984   2628 R   0.0   0.0   0:00.12 top -bc -d 1 -n 6000
  845 root      20   0   96380  90004  12488 S   0.0   1.1   2:03.48 /usr/local/bin/python3.8 /usr/local/bin/zkay run --blockchain-backend w3-eth-tester .+

top - 21:56:30 up 1 day,  1:50,  0 users,  load average: 2.18, 1.04, 0.42
Tasks:   6 total,   2 running,   4 sleeping,   0 stopped,   0 zombie
%Cpu(s):  8.6 us,  0.3 sy,  0.0 ni, 90.9 id,  0.1 wa,  0.0 hi,  0.1 si,  0.0 st
MiB Mem :   7877.2 total,   2778.8 free,   2410.8 used,   2687.6 buff/cache
MiB Swap:   2048.0 total,   2048.0 free,      0.0 used.   5155.5 avail Mem 

  PID USER      PR  NI    VIRT    RES    SHR S  %CPU  %MEM     TIME+ COMMAND
 1290 root      20   0  100880  96264   4948 R  70.0   1.2   0:00.70 /zkay/zkay/jsnark_interface/run_snark proofgen /tmp/tmpliz0ps50 /tmp/tmpliz0ps50/proo+
  845 root      20   0   96380  90004  12488 S   1.0   1.1   2:03.49 /usr/local/bin/python3.8 /usr/local/bin/zkay run --blockchain-backend w3-eth-tester .+
    1 root      20   0    3984   3232   2736 S   0.0   0.0   0:00.06 bash
    7 root      20   0    3992   3108   2608 S   0.0   0.0   0:00.08 bash
   13 root      20   0    3988   3228   2716 S   0.0   0.0   0:00.10 bash
  844 root      20   0    7864   2984   2628 R   0.0   0.0   0:00.12 top -bc -d 1 -n 6000

top - 21:56:31 up 1 day,  1:50,  0 users,  load average: 2.18, 1.04, 0.42
Tasks:   6 total,   2 running,   4 sleeping,   0 stopped,   0 zombie
%Cpu(s):  8.4 us,  0.0 sy,  0.0 ni, 91.6 id,  0.0 wa,  0.0 hi,  0.0 si,  0.0 st
MiB Mem :   7877.2 total,   2778.8 free,   2410.8 used,   2687.6 buff/cache
MiB Swap:   2048.0 total,   2048.0 free,      0.0 used.   5155.5 avail Mem 

  PID USER      PR  NI    VIRT    RES    SHR S  %CPU  %MEM     TIME+ COMMAND
 1290 root      20   0  100880  96264   4948 R  99.0   1.2   0:01.70 /zkay/zkay/jsnark_interface/run_snark proofgen /tmp/tmpliz0ps50 /tmp/tmpliz0ps50/proo+
  844 root      20   0    7864   2984   2628 R   1.0   0.0   0:00.13 top -bc -d 1 -n 6000
    1 root      20   0    3984   3232   2736 S   0.0   0.0   0:00.06 bash
    7 root      20   0    3992   3108   2608 S   0.0   0.0   0:00.08 bash
   13 root      20   0    3988   3228   2716 S   0.0   0.0   0:00.10 bash
  845 root      20   0   96380  90004  12488 S   0.0   1.1   2:03.49 /usr/local/bin/python3.8 /usr/local/bin/zkay run --blockchain-backend w3-eth-tester .+

top - 21:56:32 up 1 day,  1:50,  0 users,  load average: 2.18, 1.04, 0.42
Tasks:   6 total,   2 running,   4 sleeping,   0 stopped,   0 zombie
%Cpu(s):  7.6 us,  1.2 sy,  0.0 ni, 91.1 id,  0.1 wa,  0.0 hi,  0.1 si,  0.0 st
MiB Mem :   7877.2 total,   3449.9 free,   1719.1 used,   2708.2 buff/cache
MiB Swap:   2048.0 total,   2048.0 free,      0.0 used.   5847.4 avail Mem 

  PID USER      PR  NI    VIRT    RES    SHR S  %CPU  %MEM     TIME+ COMMAND
 1290 root      20   0  378080 371572   4948 R 100.0   4.6   0:02.70 /zkay/zkay/jsnark_interface/run_snark proofgen /tmp/tmpliz0ps50 /tmp/tmpliz0ps50/proo+
    1 root      20   0    3984   3232   2736 S   0.0   0.0   0:00.06 bash
    7 root      20   0    3992   3108   2608 S   0.0   0.0   0:00.08 bash
   13 root      20   0    3988   3228   2716 S   0.0   0.0   0:00.10 bash
  844 root      20   0    7864   2984   2628 R   0.0   0.0   0:00.13 top -bc -d 1 -n 6000
  845 root      20   0   96380  90004  12488 S   0.0   1.1   2:03.49 /usr/local/bin/python3.8 /usr/local/bin/zkay run --blockchain-backend w3-eth-tester .+

top - 21:56:33 up 1 day,  1:50,  0 users,  load average: 2.18, 1.04, 0.42
Tasks:   6 total,   2 running,   4 sleeping,   0 stopped,   0 zombie
%Cpu(s):  7.8 us,  0.6 sy,  0.0 ni, 91.5 id,  0.0 wa,  0.0 hi,  0.1 si,  0.0 st
MiB Mem :   7877.2 total,   3449.9 free,   1719.1 used,   2708.2 buff/cache
MiB Swap:   2048.0 total,   2048.0 free,      0.0 used.   5847.4 avail Mem 

  PID USER      PR  NI    VIRT    RES    SHR S  %CPU  %MEM     TIME+ COMMAND
 1290 root      20   0  695832 688464   4948 R 100.0   8.5   0:03.70 /zkay/zkay/jsnark_interface/run_snark proofgen /tmp/tmpliz0ps50 /tmp/tmpliz0ps50/proo+
    1 root      20   0    3984   3232   2736 S   0.0   0.0   0:00.06 bash
    7 root      20   0    3992   3108   2608 S   0.0   0.0   0:00.08 bash
   13 root      20   0    3988   3228   2716 S   0.0   0.0   0:00.10 bash
  844 root      20   0    7864   2984   2628 R   0.0   0.0   0:00.13 top -bc -d 1 -n 6000
  845 root      20   0   96380  90004  12488 S   0.0   1.1   2:03.49 /usr/local/bin/python3.8 /usr/local/bin/zkay run --blockchain-backend w3-eth-tester .+

top - 21:56:34 up 1 day,  1:50,  0 users,  load average: 2.18, 1.04, 0.42
Tasks:   6 total,   2 running,   4 sleeping,   0 stopped,   0 zombie
%Cpu(s):  7.6 us,  0.8 sy,  0.0 ni, 91.6 id,  0.0 wa,  0.0 hi,  0.0 si,  0.0 st
MiB Mem :   7877.2 total,   3449.9 free,   1719.1 used,   2708.2 buff/cache
MiB Swap:   2048.0 total,   2048.0 free,      0.0 used.   5847.4 avail Mem 

  PID USER      PR  NI    VIRT    RES    SHR S  %CPU  %MEM     TIME+ COMMAND
 1290 root      20   0  937360 928964   4948 R 100.0  11.5   0:04.71 /zkay/zkay/jsnark_interface/run_snark proofgen /tmp/tmpliz0ps50 /tmp/tmpliz0ps50/proo+
    1 root      20   0    3984   3232   2736 S   0.0   0.0   0:00.06 bash
    7 root      20   0    3992   3108   2608 S   0.0   0.0   0:00.08 bash
   13 root      20   0    3988   3228   2716 S   0.0   0.0   0:00.10 bash
  844 root      20   0    7864   2984   2628 R   0.0   0.0   0:00.13 top -bc -d 1 -n 6000
  845 root      20   0   96380  90004  12488 S   0.0   1.1   2:03.49 /usr/local/bin/python3.8 /usr/local/bin/zkay run --blockchain-backend w3-eth-tester .+

top - 21:56:35 up 1 day,  1:50,  0 users,  load average: 2.08, 1.04, 0.42
Tasks:   6 total,   2 running,   4 sleeping,   0 stopped,   0 zombie
%Cpu(s):  8.0 us,  0.4 sy,  0.0 ni, 91.6 id,  0.0 wa,  0.0 hi,  0.0 si,  0.0 st
MiB Mem :   7877.2 total,   2687.2 free,   2481.8 used,   2708.2 buff/cache
MiB Swap:   2048.0 total,   2048.0 free,      0.0 used.   5084.5 avail Mem 

  PID USER      PR  NI    VIRT    RES    SHR S  %CPU  %MEM     TIME+ COMMAND
 1290 root      20   0 1166328   1.1g   4948 R 100.0  14.2   0:05.71 /zkay/zkay/jsnark_interface/run_snark proofgen /tmp/tmpliz0ps50 /tmp/tmpliz0ps50/proo+
    1 root      20   0    3984   3232   2736 S   0.0   0.0   0:00.06 bash
    7 root      20   0    3992   3108   2608 S   0.0   0.0   0:00.08 bash
   13 root      20   0    3988   3228   2716 S   0.0   0.0   0:00.10 bash
  844 root      20   0    7864   2984   2628 R   0.0   0.0   0:00.13 top -bc -d 1 -n 6000
  845 root      20   0   96380  90004  12488 S   0.0   1.1   2:03.49 /usr/local/bin/python3.8 /usr/local/bin/zkay run --blockchain-backend w3-eth-tester .+

top - 21:56:36 up 1 day,  1:50,  0 users,  load average: 2.08, 1.04, 0.42
Tasks:   6 total,   2 running,   4 sleeping,   0 stopped,   0 zombie
%Cpu(s):  8.1 us,  0.2 sy,  0.0 ni, 91.7 id,  0.0 wa,  0.0 hi,  0.0 si,  0.0 st
MiB Mem :   7877.2 total,   2687.2 free,   2481.8 used,   2708.2 buff/cache
MiB Swap:   2048.0 total,   2048.0 free,      0.0 used.   5084.5 avail Mem 

  PID USER      PR  NI    VIRT    RES    SHR S  %CPU  %MEM     TIME+ COMMAND
 1290 root      20   0 1378208   1.3g   4948 R 100.0  17.0   0:06.71 /zkay/zkay/jsnark_interface/run_snark proofgen /tmp/tmpliz0ps50 /tmp/tmpliz0ps50/proo+
    1 root      20   0    3984   3232   2736 S   0.0   0.0   0:00.06 bash
    7 root      20   0    3992   3108   2608 S   0.0   0.0   0:00.08 bash
   13 root      20   0    3988   3228   2716 S   0.0   0.0   0:00.10 bash
  844 root      20   0    7864   2984   2628 R   0.0   0.0   0:00.13 top -bc -d 1 -n 6000
  845 root      20   0   96380  90004  12488 S   0.0   1.1   2:03.49 /usr/local/bin/python3.8 /usr/local/bin/zkay run --blockchain-backend w3-eth-tester .+

top - 21:56:37 up 1 day,  1:50,  0 users,  load average: 2.08, 1.04, 0.42
Tasks:   6 total,   2 running,   4 sleeping,   0 stopped,   0 zombie
%Cpu(s):  7.6 us,  1.0 sy,  0.0 ni, 91.4 id,  0.0 wa,  0.0 hi,  0.0 si,  0.0 st
MiB Mem :   7877.2 total,   2687.2 free,   2481.8 used,   2708.2 buff/cache
MiB Swap:   2048.0 total,   2048.0 free,      0.0 used.   5084.5 avail Mem 

  PID USER      PR  NI    VIRT    RES    SHR S  %CPU  %MEM     TIME+ COMMAND
 1290 root      20   0 1548228   1.5g   4948 R 100.0  19.1   0:07.71 /zkay/zkay/jsnark_interface/run_snark proofgen /tmp/tmpliz0ps50 /tmp/tmpliz0ps50/proo+
    1 root      20   0    3984   3232   2736 S   0.0   0.0   0:00.06 bash
    7 root      20   0    3992   3108   2608 S   0.0   0.0   0:00.08 bash
   13 root      20   0    3988   3228   2716 S   0.0   0.0   0:00.10 bash
  844 root      20   0    7864   2984   2628 R   0.0   0.0   0:00.13 top -bc -d 1 -n 6000
  845 root      20   0   96380  90004  12488 S   0.0   1.1   2:03.49 /usr/local/bin/python3.8 /usr/local/bin/zkay run --blockchain-backend w3-eth-tester .+

top - 21:56:38 up 1 day,  1:50,  0 users,  load average: 2.08, 1.04, 0.42
Tasks:   6 total,   2 running,   4 sleeping,   0 stopped,   0 zombie
%Cpu(s):  8.0 us,  1.7 sy,  0.0 ni, 88.5 id,  0.0 wa,  0.0 hi,  1.7 si,  0.0 st
MiB Mem :   7877.2 total,   2121.0 free,   3048.0 used,   2708.2 buff/cache
MiB Swap:   2048.0 total,   2048.0 free,      0.0 used.   4518.4 avail Mem 

  PID USER      PR  NI    VIRT    RES    SHR S  %CPU  %MEM     TIME+ COMMAND
 1290 root      20   0 1760764   1.6g   4948 R 100.0  21.4   0:08.71 /zkay/zkay/jsnark_interface/run_snark proofgen /tmp/tmpliz0ps50 /tmp/tmpliz0ps50/proo+
    1 root      20   0    3984   3232   2736 S   0.0   0.0   0:00.06 bash
    7 root      20   0    3992   3108   2608 S   0.0   0.0   0:00.08 bash
   13 root      20   0    3988   3228   2716 S   0.0   0.0   0:00.10 bash
  844 root      20   0    7864   2984   2628 R   0.0   0.0   0:00.13 top -bc -d 1 -n 6000
  845 root      20   0   96380  90004  12488 S   0.0   1.1   2:03.49 /usr/local/bin/python3.8 /usr/local/bin/zkay run --blockchain-backend w3-eth-tester .+

top - 21:56:39 up 1 day,  1:50,  0 users,  load average: 2.08, 1.04, 0.42
Tasks:   6 total,   2 running,   4 sleeping,   0 stopped,   0 zombie
%Cpu(s):  8.2 us,  0.3 sy,  0.0 ni, 91.6 id,  0.0 wa,  0.0 hi,  0.0 si,  0.0 st
MiB Mem :   7877.2 total,   2121.0 free,   3048.0 used,   2708.2 buff/cache
MiB Swap:   2048.0 total,   2048.0 free,      0.0 used.   4518.4 avail Mem 

  PID USER      PR  NI    VIRT    RES    SHR S  %CPU  %MEM     TIME+ COMMAND
 1290 root      20   0 1832044   1.7g   4948 R 100.0  22.3   0:09.71 /zkay/zkay/jsnark_interface/run_snark proofgen /tmp/tmpliz0ps50 /tmp/tmpliz0ps50/proo+
  844 root      20   0    7864   2984   2628 R   1.0   0.0   0:00.14 top -bc -d 1 -n 6000
    1 root      20   0    3984   3232   2736 S   0.0   0.0   0:00.06 bash
    7 root      20   0    3992   3108   2608 S   0.0   0.0   0:00.08 bash
   13 root      20   0    3988   3228   2716 S   0.0   0.0   0:00.10 bash
  845 root      20   0   96380  90004  12488 S   0.0   1.1   2:03.49 /usr/local/bin/python3.8 /usr/local/bin/zkay run --blockchain-backend w3-eth-tester .+

top - 21:56:40 up 1 day,  1:50,  0 users,  load average: 1.99, 1.04, 0.42
Tasks:   6 total,   2 running,   4 sleeping,   0 stopped,   0 zombie
%Cpu(s):  8.3 us,  0.1 sy,  0.0 ni, 91.6 id,  0.0 wa,  0.0 hi,  0.0 si,  0.0 st
MiB Mem :   7877.2 total,   2121.0 free,   3048.0 used,   2708.2 buff/cache
MiB Swap:   2048.0 total,   2048.0 free,      0.0 used.   4518.4 avail Mem 

  PID USER      PR  NI    VIRT    RES    SHR S  %CPU  %MEM     TIME+ COMMAND
 1290 root      20   0 1832044   1.7g   4948 R 100.0  22.3   0:10.71 /zkay/zkay/jsnark_interface/run_snark proofgen /tmp/tmpliz0ps50 /tmp/tmpliz0ps50/proo+
    1 root      20   0    3984   3232   2736 S   0.0   0.0   0:00.06 bash
    7 root      20   0    3992   3108   2608 S   0.0   0.0   0:00.08 bash
   13 root      20   0    3988   3228   2716 S   0.0   0.0   0:00.10 bash
  844 root      20   0    7864   2984   2628 R   0.0   0.0   0:00.14 top -bc -d 1 -n 6000
  845 root      20   0   96380  90004  12488 S   0.0   1.1   2:03.49 /usr/local/bin/python3.8 /usr/local/bin/zkay run --blockchain-backend w3-eth-tester .+

top - 21:56:41 up 1 day,  1:50,  0 users,  load average: 1.99, 1.04, 0.42
Tasks:   6 total,   2 running,   4 sleeping,   0 stopped,   0 zombie
%Cpu(s):  8.4 us,  0.0 sy,  0.0 ni, 91.4 id,  0.2 wa,  0.0 hi,  0.0 si,  0.0 st
MiB Mem :   7877.2 total,   2051.0 free,   3117.9 used,   2708.2 buff/cache
MiB Swap:   2048.0 total,   2048.0 free,      0.0 used.   4448.4 avail Mem 

  PID USER      PR  NI    VIRT    RES    SHR S  %CPU  %MEM     TIME+ COMMAND
 1290 root      20   0 1832044   1.7g   4948 R 100.0  22.3   0:11.72 /zkay/zkay/jsnark_interface/run_snark proofgen /tmp/tmpliz0ps50 /tmp/tmpliz0ps50/proo+
    1 root      20   0    3984   3232   2736 S   0.0   0.0   0:00.06 bash
    7 root      20   0    3992   3108   2608 S   0.0   0.0   0:00.08 bash
   13 root      20   0    3988   3228   2716 S   0.0   0.0   0:00.10 bash
  844 root      20   0    7864   2984   2628 R   0.0   0.0   0:00.14 top -bc -d 1 -n 6000
  845 root      20   0   96380  90004  12488 S   0.0   1.1   2:03.49 /usr/local/bin/python3.8 /usr/local/bin/zkay run --blockchain-backend w3-eth-tester .+

top - 21:56:42 up 1 day,  1:50,  0 users,  load average: 1.99, 1.04, 0.42
Tasks:   6 total,   2 running,   4 sleeping,   0 stopped,   0 zombie
%Cpu(s):  8.1 us,  0.3 sy,  0.0 ni, 91.6 id,  0.0 wa,  0.0 hi,  0.0 si,  0.0 st
MiB Mem :   7877.2 total,   2051.0 free,   3117.9 used,   2708.2 buff/cache
MiB Swap:   2048.0 total,   2048.0 free,      0.0 used.   4448.4 avail Mem 

  PID USER      PR  NI    VIRT    RES    SHR S  %CPU  %MEM     TIME+ COMMAND
 1290 root      20   0 1780712   1.7g   4948 R 100.0  21.8   0:12.72 /zkay/zkay/jsnark_interface/run_snark proofgen /tmp/tmpliz0ps50 /tmp/tmpliz0ps50/proo+
    1 root      20   0    3984   3232   2736 S   0.0   0.0   0:00.06 bash
    7 root      20   0    3992   3108   2608 S   0.0   0.0   0:00.08 bash
   13 root      20   0    3988   3228   2716 S   0.0   0.0   0:00.10 bash
  844 root      20   0    7864   2984   2628 R   0.0   0.0   0:00.14 top -bc -d 1 -n 6000
  845 root      20   0   96380  90004  12488 S   0.0   1.1   2:03.49 /usr/local/bin/python3.8 /usr/local/bin/zkay run --blockchain-backend w3-eth-tester .+

top - 21:56:43 up 1 day,  1:50,  0 users,  load average: 1.99, 1.04, 0.42
Tasks:   6 total,   2 running,   4 sleeping,   0 stopped,   0 zombie
%Cpu(s):  7.8 us,  0.5 sy,  0.0 ni, 91.7 id,  0.0 wa,  0.0 hi,  0.0 si,  0.0 st
MiB Mem :   7877.2 total,   2051.0 free,   3117.9 used,   2708.2 buff/cache
MiB Swap:   2048.0 total,   2048.0 free,      0.0 used.   4448.4 avail Mem 

  PID USER      PR  NI    VIRT    RES    SHR S  %CPU  %MEM     TIME+ COMMAND
 1290 root      20   0 2102008   1.8g   4948 R 100.0  23.6   0:13.72 /zkay/zkay/jsnark_interface/run_snark proofgen /tmp/tmpliz0ps50 /tmp/tmpliz0ps50/proo+
    1 root      20   0    3984   3232   2736 S   0.0   0.0   0:00.06 bash
    7 root      20   0    3992   3108   2608 S   0.0   0.0   0:00.08 bash
   13 root      20   0    3988   3228   2716 S   0.0   0.0   0:00.10 bash
  844 root      20   0    7864   2984   2628 R   0.0   0.0   0:00.14 top -bc -d 1 -n 6000
  845 root      20   0   96380  90004  12488 S   0.0   1.1   2:03.49 /usr/local/bin/python3.8 /usr/local/bin/zkay run --blockchain-backend w3-eth-tester .+

top - 21:56:44 up 1 day,  1:50,  0 users,  load average: 1.99, 1.04, 0.42
Tasks:   6 total,   2 running,   4 sleeping,   0 stopped,   0 zombie
%Cpu(s):  8.0 us,  0.3 sy,  0.0 ni, 91.7 id,  0.0 wa,  0.0 hi,  0.0 si,  0.0 st
MiB Mem :   7877.2 total,   1837.7 free,   3331.2 used,   2708.2 buff/cache
MiB Swap:   2048.0 total,   2048.0 free,      0.0 used.   4235.1 avail Mem 

  PID USER      PR  NI    VIRT    RES    SHR S  %CPU  %MEM     TIME+ COMMAND
 1290 root      20   0 2203444   1.9g   4948 R 100.0  25.0   0:14.72 /zkay/zkay/jsnark_interface/run_snark proofgen /tmp/tmpliz0ps50 /tmp/tmpliz0ps50/proo+
    1 root      20   0    3984   3232   2736 S   0.0   0.0   0:00.06 bash
    7 root      20   0    3992   3108   2608 S   0.0   0.0   0:00.08 bash
   13 root      20   0    3988   3228   2716 S   0.0   0.0   0:00.10 bash
  844 root      20   0    7864   2984   2628 R   0.0   0.0   0:00.14 top -bc -d 1 -n 6000
  845 root      20   0   96380  90004  12488 S   0.0   1.1   2:03.49 /usr/local/bin/python3.8 /usr/local/bin/zkay run --blockchain-backend w3-eth-tester .+

top - 21:56:45 up 1 day,  1:50,  0 users,  load average: 1.91, 1.04, 0.43
Tasks:   6 total,   2 running,   4 sleeping,   0 stopped,   0 zombie
%Cpu(s):  7.5 us,  0.8 sy,  0.0 ni, 91.7 id,  0.0 wa,  0.0 hi,  0.0 si,  0.0 st
MiB Mem :   7877.2 total,   1837.7 free,   3331.2 used,   2708.2 buff/cache
MiB Swap:   2048.0 total,   2048.0 free,      0.0 used.   4235.1 avail Mem 

  PID USER      PR  NI    VIRT    RES    SHR S  %CPU  %MEM     TIME+ COMMAND
 1290 root      20   0 2327432   2.1g   4948 R 100.0  27.3   0:15.72 /zkay/zkay/jsnark_interface/run_snark proofgen /tmp/tmpliz0ps50 /tmp/tmpliz0ps50/proo+
    1 root      20   0    3984   3232   2736 S   0.0   0.0   0:00.06 bash
    7 root      20   0    3992   3108   2608 S   0.0   0.0   0:00.08 bash
   13 root      20   0    3988   3228   2716 S   0.0   0.0   0:00.10 bash
  844 root      20   0    7864   2984   2628 R   0.0   0.0   0:00.14 top -bc -d 1 -n 6000
  845 root      20   0   96380  90004  12488 S   0.0   1.1   2:03.49 /usr/local/bin/python3.8 /usr/local/bin/zkay run --blockchain-backend w3-eth-tester .+

top - 21:56:46 up 1 day,  1:50,  0 users,  load average: 1.91, 1.04, 0.43
Tasks:   6 total,   2 running,   4 sleeping,   0 stopped,   0 zombie
%Cpu(s):  7.7 us,  0.7 sy,  0.0 ni, 91.7 id,  0.0 wa,  0.0 hi,  0.0 si,  0.0 st
MiB Mem :   7877.2 total,   1837.7 free,   3331.2 used,   2708.2 buff/cache
MiB Swap:   2048.0 total,   2048.0 free,      0.0 used.   4235.1 avail Mem 

  PID USER      PR  NI    VIRT    RES    SHR S  %CPU  %MEM     TIME+ COMMAND
 1290 root      20   0 2477580   2.3g   4948 R 100.0  30.4   0:16.72 /zkay/zkay/jsnark_interface/run_snark proofgen /tmp/tmpliz0ps50 /tmp/tmpliz0ps50/proo+
    1 root      20   0    3984   3232   2736 S   0.0   0.0   0:00.06 bash
    7 root      20   0    3992   3108   2608 S   0.0   0.0   0:00.08 bash
   13 root      20   0    3988   3228   2716 S   0.0   0.0   0:00.10 bash
  844 root      20   0    7864   2984   2628 R   0.0   0.0   0:00.14 top -bc -d 1 -n 6000
  845 root      20   0   96380  90004  12488 S   0.0   1.1   2:03.49 /usr/local/bin/python3.8 /usr/local/bin/zkay run --blockchain-backend w3-eth-tester .+

top - 21:56:47 up 1 day,  1:50,  0 users,  load average: 1.91, 1.04, 0.43
Tasks:   6 total,   2 running,   4 sleeping,   0 stopped,   0 zombie
%Cpu(s): 33.0 us,  5.6 sy,  0.0 ni, 61.4 id,  0.0 wa,  0.0 hi,  0.0 si,  0.0 st
MiB Mem :   7877.2 total,   1171.3 free,   3997.7 used,   2708.2 buff/cache
MiB Swap:   2048.0 total,   2048.0 free,      0.0 used.   3568.6 avail Mem 

  PID USER      PR  NI    VIRT    RES    SHR S  %CPU  %MEM     TIME+ COMMAND
 1290 root      20   0 3386428   2.6g   4948 R 445.0  33.5   0:21.17 /zkay/zkay/jsnark_interface/run_snark proofgen /tmp/tmpliz0ps50 /tmp/tmpliz0ps50/proo+
    1 root      20   0    3984   3232   2736 S   0.0   0.0   0:00.06 bash
    7 root      20   0    3992   3108   2608 S   0.0   0.0   0:00.08 bash
   13 root      20   0    3988   3228   2716 S   0.0   0.0   0:00.10 bash
  844 root      20   0    7864   2984   2628 R   0.0   0.0   0:00.14 top -bc -d 1 -n 6000
  845 root      20   0   96380  90004  12488 S   0.0   1.1   2:03.49 /usr/local/bin/python3.8 /usr/local/bin/zkay run --blockchain-backend w3-eth-tester .+

top - 21:56:48 up 1 day,  1:50,  0 users,  load average: 1.91, 1.04, 0.43
Tasks:   6 total,   2 running,   4 sleeping,   0 stopped,   0 zombie
%Cpu(s): 27.9 us, 14.1 sy,  0.0 ni, 57.8 id,  0.0 wa,  0.0 hi,  0.2 si,  0.0 st
MiB Mem :   7877.2 total,   1171.3 free,   3997.7 used,   2708.2 buff/cache
MiB Swap:   2048.0 total,   2048.0 free,      0.0 used.   3568.6 avail Mem 

  PID USER      PR  NI    VIRT    RES    SHR S  %CPU  %MEM     TIME+ COMMAND
 1290 root      20   0 3389332   2.8g   4948 R 480.2  36.5   0:26.02 /zkay/zkay/jsnark_interface/run_snark proofgen /tmp/tmpliz0ps50 /tmp/tmpliz0ps50/proo+
  844 root      20   0    7864   2984   2628 R   1.0   0.0   0:00.15 top -bc -d 1 -n 6000
    1 root      20   0    3984   3232   2736 S   0.0   0.0   0:00.06 bash
    7 root      20   0    3992   3108   2608 S   0.0   0.0   0:00.08 bash
   13 root      20   0    3988   3228   2716 S   0.0   0.0   0:00.10 bash
  845 root      20   0   96380  90004  12488 S   0.0   1.1   2:03.49 /usr/local/bin/python3.8 /usr/local/bin/zkay run --blockchain-backend w3-eth-tester .+

top - 21:56:49 up 1 day,  1:50,  0 users,  load average: 1.91, 1.04, 0.43
Tasks:   6 total,   2 running,   4 sleeping,   0 stopped,   0 zombie
%Cpu(s): 26.2 us,  2.2 sy,  0.0 ni, 71.6 id,  0.0 wa,  0.0 hi,  0.0 si,  0.0 st
MiB Mem :   7877.2 total,   1171.3 free,   3997.7 used,   2708.2 buff/cache
MiB Swap:   2048.0 total,   2048.0 free,      0.0 used.   3568.6 avail Mem 

  PID USER      PR  NI    VIRT    RES    SHR S  %CPU  %MEM     TIME+ COMMAND
 1290 root      20   0 3202572   2.7g   4948 R 326.0  35.2   0:29.28 /zkay/zkay/jsnark_interface/run_snark proofgen /tmp/tmpliz0ps50 /tmp/tmpliz0ps50/proo+
    1 root      20   0    3984   3232   2736 S   0.0   0.0   0:00.06 bash
    7 root      20   0    3992   3108   2608 S   0.0   0.0   0:00.08 bash
   13 root      20   0    3988   3228   2716 S   0.0   0.0   0:00.10 bash
  844 root      20   0    7864   2984   2628 R   0.0   0.0   0:00.15 top -bc -d 1 -n 6000
  845 root      20   0   96380  90004  12488 S   0.0   1.1   2:03.49 /usr/local/bin/python3.8 /usr/local/bin/zkay run --blockchain-backend w3-eth-tester .+

top - 21:56:50 up 1 day,  1:50,  0 users,  load average: 1.84, 1.04, 0.43
Tasks:   6 total,   2 running,   4 sleeping,   0 stopped,   0 zombie
%Cpu(s):  8.4 us,  0.3 sy,  0.0 ni, 91.2 id,  0.0 wa,  0.0 hi,  0.0 si,  0.0 st
MiB Mem :   7877.2 total,    986.7 free,   4182.2 used,   2708.3 buff/cache
MiB Swap:   2048.0 total,   2048.0 free,      0.0 used.   3384.1 avail Mem 

  PID USER      PR  NI    VIRT    RES    SHR S  %CPU  %MEM     TIME+ COMMAND
 1290 root      20   0 3241968   2.8g   4948 R  99.0  35.9   0:30.27 /zkay/zkay/jsnark_interface/run_snark proofgen /tmp/tmpliz0ps50 /tmp/tmpliz0ps50/proo+
    1 root      20   0    3984   3232   2736 S   0.0   0.0   0:00.06 bash
    7 root      20   0    3992   3108   2608 S   0.0   0.0   0:00.08 bash
   13 root      20   0    3988   3228   2716 S   0.0   0.0   0:00.10 bash
  844 root      20   0    7864   2984   2628 R   0.0   0.0   0:00.15 top -bc -d 1 -n 6000
  845 root      20   0   96380  90004  12488 S   0.0   1.1   2:03.49 /usr/local/bin/python3.8 /usr/local/bin/zkay run --blockchain-backend w3-eth-tester .+

top - 21:56:51 up 1 day,  1:50,  0 users,  load average: 1.84, 1.04, 0.43
Tasks:   6 total,   2 running,   4 sleeping,   0 stopped,   0 zombie
%Cpu(s):  7.9 us,  0.4 sy,  0.0 ni, 91.7 id,  0.0 wa,  0.0 hi,  0.0 si,  0.0 st
MiB Mem :   7877.2 total,    986.7 free,   4182.2 used,   2708.3 buff/cache
MiB Swap:   2048.0 total,   2048.0 free,      0.0 used.   3384.1 avail Mem 

  PID USER      PR  NI    VIRT    RES    SHR S  %CPU  %MEM     TIME+ COMMAND
 1290 root      20   0 3124204   2.6g   4948 R 100.0  34.4   0:31.27 /zkay/zkay/jsnark_interface/run_snark proofgen /tmp/tmpliz0ps50 /tmp/tmpliz0ps50/proo+
    1 root      20   0    3984   3232   2736 S   0.0   0.0   0:00.06 bash
    7 root      20   0    3992   3108   2608 S   0.0   0.0   0:00.08 bash
   13 root      20   0    3988   3228   2716 S   0.0   0.0   0:00.10 bash
  844 root      20   0    7864   2984   2628 R   0.0   0.0   0:00.15 top -bc -d 1 -n 6000
  845 root      20   0   96380  90004  12488 S   0.0   1.1   2:03.49 /usr/local/bin/python3.8 /usr/local/bin/zkay run --blockchain-backend w3-eth-tester .+

top - 21:56:52 up 1 day,  1:50,  0 users,  load average: 1.84, 1.04, 0.43
Tasks:   6 total,   2 running,   4 sleeping,   0 stopped,   0 zombie
%Cpu(s):  4.1 us,  4.2 sy,  0.0 ni, 91.5 id,  0.2 wa,  0.0 hi,  0.0 si,  0.0 st
MiB Mem :   7877.2 total,    986.7 free,   4182.2 used,   2708.3 buff/cache
MiB Swap:   2048.0 total,   2048.0 free,      0.0 used.   3384.1 avail Mem 

  PID USER      PR  NI    VIRT    RES    SHR S  %CPU  %MEM     TIME+ COMMAND
 1290 root      20   0 3205884   2.7g   4948 R 101.0  34.5   0:32.28 /zkay/zkay/jsnark_interface/run_snark proofgen /tmp/tmpliz0ps50 /tmp/tmpliz0ps50/proo+
    1 root      20   0    3984   3232   2736 S   0.0   0.0   0:00.06 bash
    7 root      20   0    3992   3108   2608 S   0.0   0.0   0:00.08 bash
   13 root      20   0    3988   3228   2716 S   0.0   0.0   0:00.10 bash
  844 root      20   0    7864   2984   2628 R   0.0   0.0   0:00.15 top -bc -d 1 -n 6000
  845 root      20   0   96380  90004  12488 S   0.0   1.1   2:03.49 /usr/local/bin/python3.8 /usr/local/bin/zkay run --blockchain-backend w3-eth-tester .+

top - 21:56:53 up 1 day,  1:50,  0 users,  load average: 1.84, 1.04, 0.43
Tasks:   6 total,   2 running,   4 sleeping,   0 stopped,   0 zombie
%Cpu(s):  5.6 us,  2.7 sy,  0.0 ni, 91.6 id,  0.1 wa,  0.0 hi,  0.0 si,  0.0 st
MiB Mem :   7877.2 total,   1061.0 free,   4107.9 used,   2708.3 buff/cache
MiB Swap:   2048.0 total,   2048.0 free,      0.0 used.   3458.4 avail Mem 

  PID USER      PR  NI    VIRT    RES    SHR S  %CPU  %MEM     TIME+ COMMAND
 1290 root      20   0 3205884   2.7g   4948 R  99.0  34.9   0:33.27 /zkay/zkay/jsnark_interface/run_snark proofgen /tmp/tmpliz0ps50 /tmp/tmpliz0ps50/proo+
    1 root      20   0    3984   3232   2736 S   0.0   0.0   0:00.06 bash
    7 root      20   0    3992   3108   2608 S   0.0   0.0   0:00.08 bash
   13 root      20   0    3988   3228   2716 S   0.0   0.0   0:00.10 bash
  844 root      20   0    7864   2984   2628 R   0.0   0.0   0:00.15 top -bc -d 1 -n 6000
  845 root      20   0   96380  90004  12488 S   0.0   1.1   2:03.49 /usr/local/bin/python3.8 /usr/local/bin/zkay run --blockchain-backend w3-eth-tester .+

top - 21:56:54 up 1 day,  1:51,  0 users,  load average: 1.84, 1.04, 0.43
Tasks:   6 total,   2 running,   4 sleeping,   0 stopped,   0 zombie
%Cpu(s):  6.1 us,  2.2 sy,  0.0 ni, 91.7 id,  0.0 wa,  0.0 hi,  0.0 si,  0.0 st
MiB Mem :   7877.2 total,   1061.0 free,   4107.9 used,   2708.3 buff/cache
MiB Swap:   2048.0 total,   2048.0 free,      0.0 used.   3458.4 avail Mem 

  PID USER      PR  NI    VIRT    RES    SHR S  %CPU  %MEM     TIME+ COMMAND
 1290 root      20   0 3205884   2.7g   4948 R  99.0  35.4   0:34.26 /zkay/zkay/jsnark_interface/run_snark proofgen /tmp/tmpliz0ps50 /tmp/tmpliz0ps50/proo+
    1 root      20   0    3984   3232   2736 S   0.0   0.0   0:00.06 bash
    7 root      20   0    3992   3108   2608 S   0.0   0.0   0:00.08 bash
   13 root      20   0    3988   3228   2716 S   0.0   0.0   0:00.10 bash
  844 root      20   0    7864   2984   2628 R   0.0   0.0   0:00.15 top -bc -d 1 -n 6000
  845 root      20   0   96380  90004  12488 S   0.0   1.1   2:03.49 /usr/local/bin/python3.8 /usr/local/bin/zkay run --blockchain-backend w3-eth-tester .+

top - 21:56:55 up 1 day,  1:51,  0 users,  load average: 1.77, 1.04, 0.43
Tasks:   6 total,   2 running,   4 sleeping,   0 stopped,   0 zombie
%Cpu(s): 23.0 us,  0.0 sy,  0.0 ni, 77.0 id,  0.0 wa,  0.0 hi,  0.0 si,  0.0 st
MiB Mem :   7877.2 total,   1061.0 free,   4107.9 used,   2708.3 buff/cache
MiB Swap:   2048.0 total,   2048.0 free,      0.0 used.   3458.4 avail Mem 

  PID USER      PR  NI    VIRT    RES    SHR S  %CPU  %MEM     TIME+ COMMAND
 1290 root      20   0 3205884   2.7g   4948 R 276.2  35.4   0:37.05 /zkay/zkay/jsnark_interface/run_snark proofgen /tmp/tmpliz0ps50 /tmp/tmpliz0ps50/proo+
    1 root      20   0    3984   3232   2736 S   0.0   0.0   0:00.06 bash
    7 root      20   0    3992   3108   2608 S   0.0   0.0   0:00.08 bash
   13 root      20   0    3988   3228   2716 S   0.0   0.0   0:00.10 bash
  844 root      20   0    7864   2984   2628 R   0.0   0.0   0:00.15 top -bc -d 1 -n 6000
  845 root      20   0   96380  90004  12488 S   0.0   1.1   2:03.49 /usr/local/bin/python3.8 /usr/local/bin/zkay run --blockchain-backend w3-eth-tester .+

top - 21:56:56 up 1 day,  1:51,  0 users,  load average: 1.77, 1.04, 0.43
Tasks:   6 total,   2 running,   4 sleeping,   0 stopped,   0 zombie
%Cpu(s): 25.9 us,  0.0 sy,  0.0 ni, 73.9 id,  0.0 wa,  0.0 hi,  0.3 si,  0.0 st
MiB Mem :   7877.2 total,   1020.1 free,   4148.8 used,   2708.3 buff/cache
MiB Swap:   2048.0 total,   2048.0 free,      0.0 used.   3417.5 avail Mem 

  PID USER      PR  NI    VIRT    RES    SHR S  %CPU  %MEM     TIME+ COMMAND
 1290 root      20   0 3205884   2.7g   4948 R 320.0  35.4   0:40.25 /zkay/zkay/jsnark_interface/run_snark proofgen /tmp/tmpliz0ps50 /tmp/tmpliz0ps50/proo+
    1 root      20   0    3984   3232   2736 S   0.0   0.0   0:00.06 bash
    7 root      20   0    3992   3108   2608 S   0.0   0.0   0:00.08 bash
   13 root      20   0    3988   3228   2716 S   0.0   0.0   0:00.10 bash
  844 root      20   0    7864   2984   2628 R   0.0   0.0   0:00.15 top -bc -d 1 -n 6000
  845 root      20   0   96380  90004  12488 S   0.0   1.1   2:03.49 /usr/local/bin/python3.8 /usr/local/bin/zkay run --blockchain-backend w3-eth-tester .+

top - 21:56:57 up 1 day,  1:51,  0 users,  load average: 1.77, 1.04, 0.43
Tasks:   6 total,   2 running,   4 sleeping,   0 stopped,   0 zombie
%Cpu(s): 26.4 us,  0.2 sy,  0.0 ni, 73.2 id,  0.0 wa,  0.0 hi,  0.1 si,  0.0 st
MiB Mem :   7877.2 total,   1020.1 free,   4148.8 used,   2708.3 buff/cache
MiB Swap:   2048.0 total,   2048.0 free,      0.0 used.   3417.5 avail Mem 

  PID USER      PR  NI    VIRT    RES    SHR S  %CPU  %MEM     TIME+ COMMAND
 1290 root      20   0 3205884   2.7g   4948 R 311.0  35.4   0:43.36 /zkay/zkay/jsnark_interface/run_snark proofgen /tmp/tmpliz0ps50 /tmp/tmpliz0ps50/proo+
    1 root      20   0    3984   3232   2736 S   0.0   0.0   0:00.06 bash
    7 root      20   0    3992   3108   2608 S   0.0   0.0   0:00.08 bash
   13 root      20   0    3988   3228   2716 S   0.0   0.0   0:00.10 bash
  844 root      20   0    7864   2984   2628 R   0.0   0.0   0:00.15 top -bc -d 1 -n 6000
  845 root      20   0   96380  90004  12488 S   0.0   1.1   2:03.49 /usr/local/bin/python3.8 /usr/local/bin/zkay run --blockchain-backend w3-eth-tester .+

top - 21:56:58 up 1 day,  1:51,  0 users,  load average: 1.77, 1.04, 0.43
Tasks:   6 total,   2 running,   4 sleeping,   0 stopped,   0 zombie
%Cpu(s): 22.0 us,  0.7 sy,  0.0 ni, 76.1 id,  0.0 wa,  0.0 hi,  1.2 si,  0.0 st
MiB Mem :   7877.2 total,   1020.1 free,   4148.8 used,   2708.3 buff/cache
MiB Swap:   2048.0 total,   2048.0 free,      0.0 used.   3417.5 avail Mem 

  PID USER      PR  NI    VIRT    RES    SHR S  %CPU  %MEM     TIME+ COMMAND
 1290 root      20   0 3205884   2.7g   4948 R 270.0  35.4   0:46.06 /zkay/zkay/jsnark_interface/run_snark proofgen /tmp/tmpliz0ps50 /tmp/tmpliz0ps50/proo+
    1 root      20   0    3984   3232   2736 S   0.0   0.0   0:00.06 bash
    7 root      20   0    3992   3108   2608 S   0.0   0.0   0:00.08 bash
   13 root      20   0    3988   3228   2716 S   0.0   0.0   0:00.10 bash
  844 root      20   0    7864   2984   2628 R   0.0   0.0   0:00.15 top -bc -d 1 -n 6000
  845 root      20   0   96380  90004  12488 S   0.0   1.1   2:03.49 /usr/local/bin/python3.8 /usr/local/bin/zkay run --blockchain-backend w3-eth-tester .+

top - 21:56:59 up 1 day,  1:51,  0 users,  load average: 1.77, 1.04, 0.43
Tasks:   6 total,   2 running,   4 sleeping,   0 stopped,   0 zombie
%Cpu(s): 17.6 us,  0.0 sy,  0.0 ni, 81.9 id,  0.0 wa,  0.0 hi,  0.5 si,  0.0 st
MiB Mem :   7877.2 total,   1018.6 free,   4150.3 used,   2708.3 buff/cache
MiB Swap:   2048.0 total,   2048.0 free,      0.0 used.   3416.0 avail Mem 

  PID USER      PR  NI    VIRT    RES    SHR S  %CPU  %MEM     TIME+ COMMAND
 1290 root      20   0 3205884   2.7g   4948 R 204.0  35.4   0:48.10 /zkay/zkay/jsnark_interface/run_snark proofgen /tmp/tmpliz0ps50 /tmp/tmpliz0ps50/proo+
    1 root      20   0    3984   3232   2736 S   0.0   0.0   0:00.06 bash
    7 root      20   0    3992   3108   2608 S   0.0   0.0   0:00.08 bash
   13 root      20   0    3988   3228   2716 S   0.0   0.0   0:00.10 bash
  844 root      20   0    7864   2984   2628 R   0.0   0.0   0:00.15 top -bc -d 1 -n 6000
  845 root      20   0   96380  90004  12488 S   0.0   1.1   2:03.49 /usr/local/bin/python3.8 /usr/local/bin/zkay run --blockchain-backend w3-eth-tester .+

top - 21:57:00 up 1 day,  1:51,  0 users,  load average: 1.71, 1.04, 0.44
Tasks:   6 total,   2 running,   4 sleeping,   0 stopped,   0 zombie
%Cpu(s): 28.5 us,  0.0 sy,  0.0 ni, 71.5 id,  0.0 wa,  0.0 hi,  0.0 si,  0.0 st
MiB Mem :   7877.2 total,   1018.6 free,   4150.3 used,   2708.3 buff/cache
MiB Swap:   2048.0 total,   2048.0 free,      0.0 used.   3416.0 avail Mem 

  PID USER      PR  NI    VIRT    RES    SHR S  %CPU  %MEM     TIME+ COMMAND
 1290 root      20   0 3205884   2.7g   4948 R 343.0  35.4   0:51.53 /zkay/zkay/jsnark_interface/run_snark proofgen /tmp/tmpliz0ps50 /tmp/tmpliz0ps50/proo+
    1 root      20   0    3984   3232   2736 S   0.0   0.0   0:00.06 bash
    7 root      20   0    3992   3108   2608 S   0.0   0.0   0:00.08 bash
   13 root      20   0    3988   3228   2716 S   0.0   0.0   0:00.10 bash
  844 root      20   0    7864   2984   2628 R   0.0   0.0   0:00.15 top -bc -d 1 -n 6000
  845 root      20   0   96380  90004  12488 S   0.0   1.1   2:03.49 /usr/local/bin/python3.8 /usr/local/bin/zkay run --blockchain-backend w3-eth-tester .+

top - 21:57:01 up 1 day,  1:51,  0 users,  load average: 1.71, 1.04, 0.44
Tasks:   6 total,   2 running,   4 sleeping,   0 stopped,   0 zombie
%Cpu(s): 78.3 us,  0.0 sy,  0.0 ni, 21.7 id,  0.0 wa,  0.0 hi,  0.0 si,  0.0 st
MiB Mem :   7877.2 total,   1018.6 free,   4150.3 used,   2708.3 buff/cache
MiB Swap:   2048.0 total,   2048.0 free,      0.0 used.   3416.0 avail Mem 

  PID USER      PR  NI    VIRT    RES    SHR S  %CPU  %MEM     TIME+ COMMAND
 1290 root      20   0 3205884   2.7g   4948 R 933.0  35.4   1:00.86 /zkay/zkay/jsnark_interface/run_snark proofgen /tmp/tmpliz0ps50 /tmp/tmpliz0ps50/proo+
    1 root      20   0    3984   3232   2736 S   0.0   0.0   0:00.06 bash
    7 root      20   0    3992   3108   2608 S   0.0   0.0   0:00.08 bash
   13 root      20   0    3988   3228   2716 S   0.0   0.0   0:00.10 bash
  844 root      20   0    7864   2984   2628 R   0.0   0.0   0:00.15 top -bc -d 1 -n 6000
  845 root      20   0   96380  90004  12488 S   0.0   1.1   2:03.49 /usr/local/bin/python3.8 /usr/local/bin/zkay run --blockchain-backend w3-eth-tester .+

top - 21:57:02 up 1 day,  1:51,  0 users,  load average: 1.71, 1.04, 0.44
Tasks:   6 total,   2 running,   4 sleeping,   0 stopped,   0 zombie
%Cpu(s): 99.0 us,  0.0 sy,  0.0 ni,  1.0 id,  0.0 wa,  0.0 hi,  0.0 si,  0.0 st
MiB Mem :   7877.2 total,   1018.3 free,   4150.5 used,   2708.3 buff/cache
MiB Swap:   2048.0 total,   2048.0 free,      0.0 used.   3415.8 avail Mem 

  PID USER      PR  NI    VIRT    RES    SHR S  %CPU  %MEM     TIME+ COMMAND
 1290 root      20   0 3205884   2.7g   4948 R  1184  35.4   1:12.82 /zkay/zkay/jsnark_interface/run_snark proofgen /tmp/tmpliz0ps50 /tmp/tmpliz0ps50/proo+
    1 root      20   0    3984   3232   2736 S   0.0   0.0   0:00.06 bash
    7 root      20   0    3992   3108   2608 S   0.0   0.0   0:00.08 bash
   13 root      20   0    3988   3228   2716 S   0.0   0.0   0:00.10 bash
  844 root      20   0    7864   2984   2628 R   0.0   0.0   0:00.15 top -bc -d 1 -n 6000
  845 root      20   0   96380  90004  12488 S   0.0   1.1   2:03.49 /usr/local/bin/python3.8 /usr/local/bin/zkay run --blockchain-backend w3-eth-tester .+

top - 21:57:03 up 1 day,  1:51,  0 users,  load average: 1.71, 1.04, 0.44
Tasks:   6 total,   2 running,   4 sleeping,   0 stopped,   0 zombie
%Cpu(s): 99.8 us,  0.2 sy,  0.0 ni,  0.0 id,  0.0 wa,  0.0 hi,  0.0 si,  0.0 st
MiB Mem :   7877.2 total,   1018.3 free,   4150.5 used,   2708.3 buff/cache
MiB Swap:   2048.0 total,   2048.0 free,      0.0 used.   3415.8 avail Mem 

  PID USER      PR  NI    VIRT    RES    SHR S  %CPU  %MEM     TIME+ COMMAND
 1290 root      20   0 3205884   2.7g   4948 R  1198  35.4   1:24.80 /zkay/zkay/jsnark_interface/run_snark proofgen /tmp/tmpliz0ps50 /tmp/tmpliz0ps50/proo+
    1 root      20   0    3984   3232   2736 S   0.0   0.0   0:00.06 bash
    7 root      20   0    3992   3108   2608 S   0.0   0.0   0:00.08 bash
   13 root      20   0    3988   3228   2716 S   0.0   0.0   0:00.10 bash
  844 root      20   0    7864   2984   2628 R   0.0   0.0   0:00.15 top -bc -d 1 -n 6000
  845 root      20   0   96380  90004  12488 S   0.0   1.1   2:03.49 /usr/local/bin/python3.8 /usr/local/bin/zkay run --blockchain-backend w3-eth-tester .+

top - 21:57:04 up 1 day,  1:51,  0 users,  load average: 1.71, 1.04, 0.44
Tasks:   6 total,   2 running,   4 sleeping,   0 stopped,   0 zombie
%Cpu(s): 76.0 us,  0.0 sy,  0.0 ni, 23.9 id,  0.0 wa,  0.0 hi,  0.1 si,  0.0 st
MiB Mem :   7877.2 total,   1018.3 free,   4150.5 used,   2708.3 buff/cache
MiB Swap:   2048.0 total,   2048.0 free,      0.0 used.   3415.8 avail Mem 

  PID USER      PR  NI    VIRT    RES    SHR S  %CPU  %MEM     TIME+ COMMAND
 1290 root      20   0 3205884   2.7g   4948 R 916.0  35.4   1:33.96 /zkay/zkay/jsnark_interface/run_snark proofgen /tmp/tmpliz0ps50 /tmp/tmpliz0ps50/proo+
    1 root      20   0    3984   3232   2736 S   0.0   0.0   0:00.06 bash
    7 root      20   0    3992   3108   2608 S   0.0   0.0   0:00.08 bash
   13 root      20   0    3988   3228   2716 S   0.0   0.0   0:00.10 bash
  844 root      20   0    7864   2984   2628 R   0.0   0.0   0:00.15 top -bc -d 1 -n 6000
  845 root      20   0   96380  90004  12488 S   0.0   1.1   2:03.49 /usr/local/bin/python3.8 /usr/local/bin/zkay run --blockchain-backend w3-eth-tester .+

top - 21:57:05 up 1 day,  1:51,  0 users,  load average: 2.54, 1.22, 0.50
Tasks:   5 total,   2 running,   3 sleeping,   0 stopped,   0 zombie
%Cpu(s): 30.0 us,  1.1 sy,  0.0 ni, 68.6 id,  0.1 wa,  0.0 hi,  0.2 si,  0.0 st
MiB Mem :   7877.2 total,   3881.9 free,   1357.2 used,   2638.1 buff/cache
MiB Swap:   2048.0 total,   2048.0 free,      0.0 used.   6209.1 avail Mem 

  PID USER      PR  NI    VIRT    RES    SHR S  %CPU  %MEM     TIME+ COMMAND
  845 root      20   0   96380  90004  12488 R  50.0   1.1   2:03.99 /usr/local/bin/python3.8 /usr/local/bin/zkay run --blockchain-backend w3-eth-tester .+
    1 root      20   0    3984   3232   2736 S   0.0   0.0   0:00.06 bash
    7 root      20   0    3992   3108   2608 S   0.0   0.0   0:00.08 bash
   13 root      20   0    3988   3228   2716 S   0.0   0.0   0:00.10 bash
  844 root      20   0    7864   2984   2628 R   0.0   0.0   0:00.15 top -bc -d 1 -n 6000

top - 21:57:06 up 1 day,  1:51,  0 users,  load average: 2.54, 1.22, 0.50
Tasks:   5 total,   2 running,   3 sleeping,   0 stopped,   0 zombie
%Cpu(s):  8.3 us,  0.1 sy,  0.0 ni, 91.6 id,  0.0 wa,  0.0 hi,  0.0 si,  0.0 st
MiB Mem :   7877.2 total,   3881.9 free,   1357.2 used,   2638.1 buff/cache
MiB Swap:   2048.0 total,   2048.0 free,      0.0 used.   6209.1 avail Mem 

  PID USER      PR  NI    VIRT    RES    SHR S  %CPU  %MEM     TIME+ COMMAND
  845 root      20   0   96380  90004  12488 R 100.0   1.1   2:04.99 /usr/local/bin/python3.8 /usr/local/bin/zkay run --blockchain-backend w3-eth-tester .+
    1 root      20   0    3984   3232   2736 S   0.0   0.0   0:00.06 bash
    7 root      20   0    3992   3108   2608 S   0.0   0.0   0:00.08 bash
   13 root      20   0    3988   3228   2716 S   0.0   0.0   0:00.10 bash
  844 root      20   0    7864   2984   2628 R   0.0   0.0   0:00.15 top -bc -d 1 -n 6000

top - 21:57:07 up 1 day,  1:51,  0 users,  load average: 2.54, 1.22, 0.50
Tasks:   5 total,   2 running,   3 sleeping,   0 stopped,   0 zombie
%Cpu(s):  8.3 us,  0.5 sy,  0.0 ni, 91.2 id,  0.0 wa,  0.0 hi,  0.0 si,  0.0 st
MiB Mem :   7877.2 total,   3881.9 free,   1357.2 used,   2638.1 buff/cache
MiB Swap:   2048.0 total,   2048.0 free,      0.0 used.   6209.1 avail Mem 

  PID USER      PR  NI    VIRT    RES    SHR S  %CPU  %MEM     TIME+ COMMAND
  845 root      20   0   96380  90004  12488 R 100.0   1.1   2:05.99 /usr/local/bin/python3.8 /usr/local/bin/zkay run --blockchain-backend w3-eth-tester .+
    1 root      20   0    3984   3232   2736 S   0.0   0.0   0:00.06 bash
    7 root      20   0    3992   3108   2608 S   0.0   0.0   0:00.08 bash
   13 root      20   0    3988   3228   2716 S   0.0   0.0   0:00.10 bash
  844 root      20   0    7864   2984   2628 R   0.0   0.0   0:00.15 top -bc -d 1 -n 6000

top - 21:57:08 up 1 day,  1:51,  0 users,  load average: 2.54, 1.22, 0.50
Tasks:   5 total,   2 running,   3 sleeping,   0 stopped,   0 zombie
%Cpu(s):  8.6 us,  0.7 sy,  0.0 ni, 90.0 id,  0.0 wa,  0.0 hi,  0.7 si,  0.0 st
MiB Mem :   7877.2 total,   3876.3 free,   1362.8 used,   2638.1 buff/cache
MiB Swap:   2048.0 total,   2048.0 free,      0.0 used.   6203.6 avail Mem 

  PID USER      PR  NI    VIRT    RES    SHR S  %CPU  %MEM     TIME+ COMMAND
  845 root      20   0   96380  90004  12488 R 100.0   1.1   2:06.99 /usr/local/bin/python3.8 /usr/local/bin/zkay run --blockchain-backend w3-eth-tester .+
    1 root      20   0    3984   3232   2736 S   0.0   0.0   0:00.06 bash
    7 root      20   0    3992   3108   2608 S   0.0   0.0   0:00.08 bash
   13 root      20   0    3988   3228   2716 S   0.0   0.0   0:00.10 bash
  844 root      20   0    7864   2984   2628 R   0.0   0.0   0:00.15 top -bc -d 1 -n 6000

top - 21:57:09 up 1 day,  1:51,  0 users,  load average: 2.54, 1.22, 0.50
Tasks:   5 total,   2 running,   3 sleeping,   0 stopped,   0 zombie
%Cpu(s):  8.5 us,  0.3 sy,  0.0 ni, 90.7 id,  0.0 wa,  0.0 hi,  0.5 si,  0.0 st
MiB Mem :   7877.2 total,   3876.3 free,   1362.8 used,   2638.1 buff/cache
MiB Swap:   2048.0 total,   2048.0 free,      0.0 used.   6203.6 avail Mem 

  PID USER      PR  NI    VIRT    RES    SHR S  %CPU  %MEM     TIME+ COMMAND
  845 root      20   0   96380  90004  12488 R 100.0   1.1   2:08.00 /usr/local/bin/python3.8 /usr/local/bin/zkay run --blockchain-backend w3-eth-tester .+
    1 root      20   0    3984   3232   2736 S   0.0   0.0   0:00.06 bash
    7 root      20   0    3992   3108   2608 S   0.0   0.0   0:00.08 bash
   13 root      20   0    3988   3228   2716 S   0.0   0.0   0:00.10 bash
  844 root      20   0    7864   2984   2628 R   0.0   0.0   0:00.15 top -bc -d 1 -n 6000

top - 21:57:10 up 1 day,  1:51,  0 users,  load average: 2.41, 1.21, 0.50
Tasks:   5 total,   2 running,   3 sleeping,   0 stopped,   0 zombie
%Cpu(s):  8.3 us,  0.0 sy,  0.0 ni, 91.7 id,  0.0 wa,  0.0 hi,  0.0 si,  0.0 st
MiB Mem :   7877.2 total,   3876.3 free,   1362.8 used,   2638.1 buff/cache
MiB Swap:   2048.0 total,   2048.0 free,      0.0 used.   6203.6 avail Mem 

  PID USER      PR  NI    VIRT    RES    SHR S  %CPU  %MEM     TIME+ COMMAND
  845 root      20   0   96380  90004  12488 R 100.0   1.1   2:09.00 /usr/local/bin/python3.8 /usr/local/bin/zkay run --blockchain-backend w3-eth-tester .+
    1 root      20   0    3984   3232   2736 S   0.0   0.0   0:00.06 bash
    7 root      20   0    3992   3108   2608 S   0.0   0.0   0:00.08 bash
   13 root      20   0    3988   3228   2716 S   0.0   0.0   0:00.10 bash
  844 root      20   0    7864   2984   2628 R   0.0   0.0   0:00.15 top -bc -d 1 -n 6000

top - 21:57:11 up 1 day,  1:51,  0 users,  load average: 2.41, 1.21, 0.50
Tasks:   5 total,   2 running,   3 sleeping,   0 stopped,   0 zombie
%Cpu(s):  8.3 us,  0.3 sy,  0.0 ni, 91.2 id,  0.1 wa,  0.0 hi,  0.1 si,  0.0 st
MiB Mem :   7877.2 total,   3876.3 free,   1362.6 used,   2638.2 buff/cache
MiB Swap:   2048.0 total,   2048.0 free,      0.0 used.   6203.6 avail Mem 

  PID USER      PR  NI    VIRT    RES    SHR S  %CPU  %MEM     TIME+ COMMAND
  845 root      20   0   96380  90004  12488 R 100.0   1.1   2:10.00 /usr/local/bin/python3.8 /usr/local/bin/zkay run --blockchain-backend w3-eth-tester .+
    1 root      20   0    3984   3232   2736 S   0.0   0.0   0:00.06 bash
    7 root      20   0    3992   3108   2608 S   0.0   0.0   0:00.08 bash
   13 root      20   0    3988   3228   2716 S   0.0   0.0   0:00.10 bash
  844 root      20   0    7864   2984   2628 R   0.0   0.0   0:00.15 top -bc -d 1 -n 6000

top - 21:57:12 up 1 day,  1:51,  0 users,  load average: 2.41, 1.21, 0.50
Tasks:   5 total,   2 running,   3 sleeping,   0 stopped,   0 zombie
%Cpu(s):  8.3 us,  0.1 sy,  0.0 ni, 91.6 id,  0.0 wa,  0.0 hi,  0.0 si,  0.0 st
MiB Mem :   7877.2 total,   3876.3 free,   1362.6 used,   2638.2 buff/cache
MiB Swap:   2048.0 total,   2048.0 free,      0.0 used.   6203.6 avail Mem 

  PID USER      PR  NI    VIRT    RES    SHR S  %CPU  %MEM     TIME+ COMMAND
  845 root      20   0   96380  90004  12488 R 100.0   1.1   2:11.00 /usr/local/bin/python3.8 /usr/local/bin/zkay run --blockchain-backend w3-eth-tester .+
    1 root      20   0    3984   3232   2736 S   0.0   0.0   0:00.06 bash
    7 root      20   0    3992   3108   2608 S   0.0   0.0   0:00.08 bash
   13 root      20   0    3988   3228   2716 S   0.0   0.0   0:00.10 bash
  844 root      20   0    7864   2984   2628 R   0.0   0.0   0:00.15 top -bc -d 1 -n 6000

top - 21:57:13 up 1 day,  1:51,  0 users,  load average: 2.41, 1.21, 0.50
Tasks:   5 total,   2 running,   3 sleeping,   0 stopped,   0 zombie
%Cpu(s):  8.4 us,  0.3 sy,  0.0 ni, 91.3 id,  0.0 wa,  0.0 hi,  0.0 si,  0.0 st
MiB Mem :   7877.2 total,   3876.3 free,   1362.6 used,   2638.2 buff/cache
MiB Swap:   2048.0 total,   2048.0 free,      0.0 used.   6203.6 avail Mem 

  PID USER      PR  NI    VIRT    RES    SHR S  %CPU  %MEM     TIME+ COMMAND
  845 root      20   0   96380  90004  12488 R 100.0   1.1   2:12.00 /usr/local/bin/python3.8 /usr/local/bin/zkay run --blockchain-backend w3-eth-tester .+
    1 root      20   0    3984   3232   2736 S   0.0   0.0   0:00.06 bash
    7 root      20   0    3992   3108   2608 S   0.0   0.0   0:00.08 bash
   13 root      20   0    3988   3228   2716 S   0.0   0.0   0:00.10 bash
  844 root      20   0    7864   2984   2628 R   0.0   0.0   0:00.15 top -bc -d 1 -n 6000

top - 21:57:14 up 1 day,  1:51,  0 users,  load average: 2.41, 1.21, 0.50
Tasks:   5 total,   2 running,   3 sleeping,   0 stopped,   0 zombie
%Cpu(s):  8.3 us,  0.1 sy,  0.0 ni, 91.6 id,  0.0 wa,  0.0 hi,  0.0 si,  0.0 st
MiB Mem :   7877.2 total,   3876.3 free,   1362.6 used,   2638.2 buff/cache
MiB Swap:   2048.0 total,   2048.0 free,      0.0 used.   6203.6 avail Mem 

  PID USER      PR  NI    VIRT    RES    SHR S  %CPU  %MEM     TIME+ COMMAND
  845 root      20   0   96380  90004  12488 R 100.0   1.1   2:13.00 /usr/local/bin/python3.8 /usr/local/bin/zkay run --blockchain-backend w3-eth-tester .+
    1 root      20   0    3984   3232   2736 S   0.0   0.0   0:00.06 bash
    7 root      20   0    3992   3108   2608 S   0.0   0.0   0:00.08 bash
   13 root      20   0    3988   3228   2716 S   0.0   0.0   0:00.10 bash
  844 root      20   0    7864   2984   2628 R   0.0   0.0   0:00.15 top -bc -d 1 -n 6000

top - 21:57:15 up 1 day,  1:51,  0 users,  load average: 2.30, 1.21, 0.50
Tasks:   5 total,   2 running,   3 sleeping,   0 stopped,   0 zombie
%Cpu(s):  8.3 us,  0.3 sy,  0.0 ni, 91.3 id,  0.0 wa,  0.0 hi,  0.1 si,  0.0 st
MiB Mem :   7877.2 total,   3876.3 free,   1362.6 used,   2638.2 buff/cache
MiB Swap:   2048.0 total,   2048.0 free,      0.0 used.   6203.6 avail Mem 

  PID USER      PR  NI    VIRT    RES    SHR S  %CPU  %MEM     TIME+ COMMAND
  845 root      20   0   96380  90004  12488 R 100.0   1.1   2:14.00 /usr/local/bin/python3.8 /usr/local/bin/zkay run --blockchain-backend w3-eth-tester .+
    1 root      20   0    3984   3232   2736 S   0.0   0.0   0:00.06 bash
    7 root      20   0    3992   3108   2608 S   0.0   0.0   0:00.08 bash
   13 root      20   0    3988   3228   2716 S   0.0   0.0   0:00.10 bash
  844 root      20   0    7864   2984   2628 R   0.0   0.0   0:00.15 top -bc -d 1 -n 6000

top - 21:57:16 up 1 day,  1:51,  0 users,  load average: 2.30, 1.21, 0.50
Tasks:   5 total,   2 running,   3 sleeping,   0 stopped,   0 zombie
%Cpu(s):  8.4 us,  0.0 sy,  0.0 ni, 90.9 id,  0.0 wa,  0.0 hi,  0.7 si,  0.0 st
MiB Mem :   7877.2 total,   3876.3 free,   1362.6 used,   2638.2 buff/cache
MiB Swap:   2048.0 total,   2048.0 free,      0.0 used.   6203.6 avail Mem 

  PID USER      PR  NI    VIRT    RES    SHR S  %CPU  %MEM     TIME+ COMMAND
  845 root      20   0   96380  90004  12488 R 100.0   1.1   2:15.00 /usr/local/bin/python3.8 /usr/local/bin/zkay run --blockchain-backend w3-eth-tester .+
    1 root      20   0    3984   3232   2736 S   0.0   0.0   0:00.06 bash
    7 root      20   0    3992   3108   2608 S   0.0   0.0   0:00.08 bash
   13 root      20   0    3988   3228   2716 S   0.0   0.0   0:00.10 bash
  844 root      20   0    7864   2984   2628 R   0.0   0.0   0:00.15 top -bc -d 1 -n 6000

top - 21:57:17 up 1 day,  1:51,  0 users,  load average: 2.30, 1.21, 0.50
Tasks:   5 total,   2 running,   3 sleeping,   0 stopped,   0 zombie
%Cpu(s):  8.4 us,  0.3 sy,  0.0 ni, 91.1 id,  0.1 wa,  0.0 hi,  0.1 si,  0.0 st
MiB Mem :   7877.2 total,   3876.3 free,   1362.6 used,   2638.2 buff/cache
MiB Swap:   2048.0 total,   2048.0 free,      0.0 used.   6203.6 avail Mem 

  PID USER      PR  NI    VIRT    RES    SHR S  %CPU  %MEM     TIME+ COMMAND
  845 root      20   0   96380  90004  12488 R 100.0   1.1   2:16.01 /usr/local/bin/python3.8 /usr/local/bin/zkay run --blockchain-backend w3-eth-tester .+
    1 root      20   0    3984   3232   2736 S   0.0   0.0   0:00.06 bash
    7 root      20   0    3992   3108   2608 S   0.0   0.0   0:00.08 bash
   13 root      20   0    3988   3228   2716 S   0.0   0.0   0:00.10 bash
  844 root      20   0    7864   2984   2628 R   0.0   0.0   0:00.15 top -bc -d 1 -n 6000

top - 21:57:18 up 1 day,  1:51,  0 users,  load average: 2.30, 1.21, 0.50
Tasks:   5 total,   2 running,   3 sleeping,   0 stopped,   0 zombie
%Cpu(s):  8.9 us,  0.8 sy,  0.0 ni, 89.8 id,  0.0 wa,  0.0 hi,  0.5 si,  0.0 st
MiB Mem :   7877.2 total,   3876.3 free,   1362.6 used,   2638.2 buff/cache
MiB Swap:   2048.0 total,   2048.0 free,      0.0 used.   6203.6 avail Mem 

  PID USER      PR  NI    VIRT    RES    SHR S  %CPU  %MEM     TIME+ COMMAND
  845 root      20   0   96380  90004  12488 R 100.0   1.1   2:17.01 /usr/local/bin/python3.8 /usr/local/bin/zkay run --blockchain-backend w3-eth-tester .+
    1 root      20   0    3984   3232   2736 S   0.0   0.0   0:00.06 bash
    7 root      20   0    3992   3108   2608 S   0.0   0.0   0:00.08 bash
   13 root      20   0    3988   3228   2716 S   0.0   0.0   0:00.10 bash
  844 root      20   0    7864   2984   2628 R   0.0   0.0   0:00.15 top -bc -d 1 -n 6000

top - 21:57:19 up 1 day,  1:51,  0 users,  load average: 2.30, 1.21, 0.50
Tasks:   5 total,   2 running,   3 sleeping,   0 stopped,   0 zombie
%Cpu(s):  8.6 us,  0.3 sy,  0.0 ni, 90.8 id,  0.0 wa,  0.0 hi,  0.2 si,  0.0 st
MiB Mem :   7877.2 total,   3876.3 free,   1362.6 used,   2638.2 buff/cache
MiB Swap:   2048.0 total,   2048.0 free,      0.0 used.   6203.6 avail Mem 

  PID USER      PR  NI    VIRT    RES    SHR S  %CPU  %MEM     TIME+ COMMAND
  845 root      20   0   96380  90004  12488 R 100.0   1.1   2:18.01 /usr/local/bin/python3.8 /usr/local/bin/zkay run --blockchain-backend w3-eth-tester .+
    1 root      20   0    3984   3232   2736 S   0.0   0.0   0:00.06 bash
    7 root      20   0    3992   3108   2608 S   0.0   0.0   0:00.08 bash
   13 root      20   0    3988   3228   2716 S   0.0   0.0   0:00.10 bash
  844 root      20   0    7864   2984   2628 R   0.0   0.0   0:00.15 top -bc -d 1 -n 6000

top - 21:57:20 up 1 day,  1:51,  0 users,  load average: 2.19, 1.21, 0.51
Tasks:   5 total,   2 running,   3 sleeping,   0 stopped,   0 zombie
%Cpu(s):  8.3 us,  0.2 sy,  0.0 ni, 91.5 id,  0.0 wa,  0.0 hi,  0.0 si,  0.0 st
MiB Mem :   7877.2 total,   3875.1 free,   1363.8 used,   2638.3 buff/cache
MiB Swap:   2048.0 total,   2048.0 free,      0.0 used.   6202.5 avail Mem 

  PID USER      PR  NI    VIRT    RES    SHR S  %CPU  %MEM     TIME+ COMMAND
  845 root      20   0   96380  90004  12488 R 100.0   1.1   2:19.01 /usr/local/bin/python3.8 /usr/local/bin/zkay run --blockchain-backend w3-eth-tester .+
    1 root      20   0    3984   3232   2736 S   0.0   0.0   0:00.06 bash
    7 root      20   0    3992   3108   2608 S   0.0   0.0   0:00.08 bash
   13 root      20   0    3988   3228   2716 S   0.0   0.0   0:00.10 bash
  844 root      20   0    7864   2984   2628 R   0.0   0.0   0:00.15 top -bc -d 1 -n 6000

top - 21:57:21 up 1 day,  1:51,  0 users,  load average: 2.19, 1.21, 0.51
Tasks:   5 total,   2 running,   3 sleeping,   0 stopped,   0 zombie
%Cpu(s):  8.3 us,  0.0 sy,  0.0 ni, 91.6 id,  0.0 wa,  0.0 hi,  0.1 si,  0.0 st
MiB Mem :   7877.2 total,   3875.1 free,   1363.8 used,   2638.3 buff/cache
MiB Swap:   2048.0 total,   2048.0 free,      0.0 used.   6202.5 avail Mem 

  PID USER      PR  NI    VIRT    RES    SHR S  %CPU  %MEM     TIME+ COMMAND
  845 root      20   0   96380  90004  12488 R 100.0   1.1   2:20.01 /usr/local/bin/python3.8 /usr/local/bin/zkay run --blockchain-backend w3-eth-tester .+
    1 root      20   0    3984   3232   2736 S   0.0   0.0   0:00.06 bash
    7 root      20   0    3992   3108   2608 S   0.0   0.0   0:00.08 bash
   13 root      20   0    3988   3228   2716 S   0.0   0.0   0:00.10 bash
  844 root      20   0    7864   2984   2628 R   0.0   0.0   0:00.15 top -bc -d 1 -n 6000

top - 21:57:22 up 1 day,  1:51,  0 users,  load average: 2.19, 1.21, 0.51
Tasks:   6 total,   1 running,   5 sleeping,   0 stopped,   0 zombie
%Cpu(s): 24.9 us,  2.3 sy,  0.0 ni, 71.7 id,  0.1 wa,  0.0 hi,  1.0 si,  0.0 st
MiB Mem :   7877.2 total,   3875.1 free,   1363.8 used,   2638.3 buff/cache
MiB Swap:   2048.0 total,   2048.0 free,      0.0 used.   6202.5 avail Mem 

  PID USER      PR  NI    VIRT    RES    SHR S  %CPU  %MEM     TIME+ COMMAND
 1302 root      20   0   20.0g 318648  25624 S 311.0   4.0   0:03.11 java -Xms4096m -Xmx16384m -cp /zkay/zkay/jsnark_interface/JsnarkCircuitBuilder.jar:/z+
  845 root      20   0   96380  90004  12488 S  11.0   1.1   2:20.12 /usr/local/bin/python3.8 /usr/local/bin/zkay run --blockchain-backend w3-eth-tester .+
    1 root      20   0    3984   3232   2736 S   0.0   0.0   0:00.06 bash
    7 root      20   0    3992   3108   2608 S   0.0   0.0   0:00.08 bash
   13 root      20   0    3988   3228   2716 S   0.0   0.0   0:00.10 bash
  844 root      20   0    7864   2984   2628 R   0.0   0.0   0:00.15 top -bc -d 1 -n 6000

top - 21:57:23 up 1 day,  1:51,  0 users,  load average: 2.19, 1.21, 0.51
Tasks:   6 total,   2 running,   4 sleeping,   0 stopped,   0 zombie
%Cpu(s): 21.6 us,  4.9 sy,  0.0 ni, 72.7 id,  0.2 wa,  0.0 hi,  0.7 si,  0.0 st
MiB Mem :   7877.2 total,   3803.3 free,   1407.0 used,   2666.8 buff/cache
MiB Swap:   2048.0 total,   2048.0 free,      0.0 used.   6159.3 avail Mem 

  PID USER      PR  NI    VIRT    RES    SHR S  %CPU  %MEM     TIME+ COMMAND
 1341 root      20   0   48640  43968   5028 R  30.0   0.5   0:00.30 /zkay/zkay/jsnark_interface/run_snark proofgen /tmp/tmpt_miou21 /tmp/tmpt_miou21/proo+
  845 root      20   0   96380  90004  12488 S   1.0   1.1   2:20.13 /usr/local/bin/python3.8 /usr/local/bin/zkay run --blockchain-backend w3-eth-tester .+
    1 root      20   0    3984   3232   2736 S   0.0   0.0   0:00.06 bash
    7 root      20   0    3992   3108   2608 S   0.0   0.0   0:00.08 bash
   13 root      20   0    3988   3228   2716 S   0.0   0.0   0:00.10 bash
  844 root      20   0    7864   2984   2628 R   0.0   0.0   0:00.15 top -bc -d 1 -n 6000

top - 21:57:24 up 1 day,  1:51,  0 users,  load average: 2.19, 1.21, 0.51
Tasks:   6 total,   2 running,   4 sleeping,   0 stopped,   0 zombie
%Cpu(s):  8.0 us,  0.7 sy,  0.0 ni, 91.3 id,  0.0 wa,  0.0 hi,  0.0 si,  0.0 st
MiB Mem :   7877.2 total,   3803.3 free,   1407.0 used,   2666.8 buff/cache
MiB Swap:   2048.0 total,   2048.0 free,      0.0 used.   6159.3 avail Mem 

  PID USER      PR  NI    VIRT    RES    SHR S  %CPU  %MEM     TIME+ COMMAND
 1341 root      20   0  194180 188760   5100 R  98.0   2.3   0:01.30 /zkay/zkay/jsnark_interface/run_snark proofgen /tmp/tmpt_miou21 /tmp/tmpt_miou21/proo+
  844 root      20   0    7864   2984   2628 R   2.0   0.0   0:00.17 top -bc -d 1 -n 6000
    1 root      20   0    3984   3232   2736 S   0.0   0.0   0:00.06 bash
    7 root      20   0    3992   3108   2608 S   0.0   0.0   0:00.08 bash
   13 root      20   0    3988   3228   2716 S   0.0   0.0   0:00.10 bash
  845 root      20   0   96380  90004  12488 S   0.0   1.1   2:20.13 /usr/local/bin/python3.8 /usr/local/bin/zkay run --blockchain-backend w3-eth-tester .+

top - 21:57:25 up 1 day,  1:51,  0 users,  load average: 2.10, 1.20, 0.51
Tasks:   6 total,   2 running,   4 sleeping,   0 stopped,   0 zombie
%Cpu(s):  7.0 us,  1.3 sy,  0.0 ni, 91.6 id,  0.0 wa,  0.0 hi,  0.1 si,  0.0 st
MiB Mem :   7877.2 total,   3803.3 free,   1407.0 used,   2666.8 buff/cache
MiB Swap:   2048.0 total,   2048.0 free,      0.0 used.   6159.3 avail Mem 

  PID USER      PR  NI    VIRT    RES    SHR S  %CPU  %MEM     TIME+ COMMAND
 1341 root      20   0  452796 448164   5100 R 100.0   5.6   0:02.30 /zkay/zkay/jsnark_interface/run_snark proofgen /tmp/tmpt_miou21 /tmp/tmpt_miou21/proo+
    1 root      20   0    3984   3232   2736 S   0.0   0.0   0:00.06 bash
    7 root      20   0    3992   3108   2608 S   0.0   0.0   0:00.08 bash
   13 root      20   0    3988   3228   2716 S   0.0   0.0   0:00.10 bash
  844 root      20   0    7864   2984   2628 R   0.0   0.0   0:00.17 top -bc -d 1 -n 6000
  845 root      20   0   96380  90004  12488 S   0.0   1.1   2:20.13 /usr/local/bin/python3.8 /usr/local/bin/zkay run --blockchain-backend w3-eth-tester .+

top - 21:57:26 up 1 day,  1:51,  0 users,  load average: 2.10, 1.20, 0.51
Tasks:   6 total,   2 running,   4 sleeping,   0 stopped,   0 zombie
%Cpu(s):  7.4 us,  1.2 sy,  0.0 ni, 91.4 id,  0.0 wa,  0.0 hi,  0.1 si,  0.0 st
MiB Mem :   7877.2 total,   3206.3 free,   2004.1 used,   2666.8 buff/cache
MiB Swap:   2048.0 total,   2048.0 free,      0.0 used.   5562.2 avail Mem 

  PID USER      PR  NI    VIRT    RES    SHR S  %CPU  %MEM     TIME+ COMMAND
 1341 root      20   0  660084 651912   5100 R 100.0   8.1   0:03.30 /zkay/zkay/jsnark_interface/run_snark proofgen /tmp/tmpt_miou21 /tmp/tmpt_miou21/proo+
    1 root      20   0    3984   3232   2736 S   0.0   0.0   0:00.06 bash
    7 root      20   0    3992   3108   2608 S   0.0   0.0   0:00.08 bash
   13 root      20   0    3988   3228   2716 S   0.0   0.0   0:00.10 bash
  844 root      20   0    7864   2984   2628 R   0.0   0.0   0:00.17 top -bc -d 1 -n 6000
  845 root      20   0   96380  90004  12488 S   0.0   1.1   2:20.13 /usr/local/bin/python3.8 /usr/local/bin/zkay run --blockchain-backend w3-eth-tester .+

top - 21:57:27 up 1 day,  1:51,  0 users,  load average: 2.10, 1.20, 0.51
Tasks:   6 total,   2 running,   4 sleeping,   0 stopped,   0 zombie
%Cpu(s):  7.8 us,  0.5 sy,  0.0 ni, 91.7 id,  0.0 wa,  0.0 hi,  0.0 si,  0.0 st
MiB Mem :   7877.2 total,   3206.3 free,   2004.1 used,   2666.8 buff/cache
MiB Swap:   2048.0 total,   2048.0 free,      0.0 used.   5562.2 avail Mem 

  PID USER      PR  NI    VIRT    RES    SHR S  %CPU  %MEM     TIME+ COMMAND
 1341 root      20   0  804036 798892   5100 R 100.0   9.9   0:04.30 /zkay/zkay/jsnark_interface/run_snark proofgen /tmp/tmpt_miou21 /tmp/tmpt_miou21/proo+
    1 root      20   0    3984   3232   2736 S   0.0   0.0   0:00.06 bash
    7 root      20   0    3992   3108   2608 S   0.0   0.0   0:00.08 bash
   13 root      20   0    3988   3228   2716 S   0.0   0.0   0:00.10 bash
  844 root      20   0    7864   2984   2628 R   0.0   0.0   0:00.17 top -bc -d 1 -n 6000
  845 root      20   0   96380  90004  12488 S   0.0   1.1   2:20.13 /usr/local/bin/python3.8 /usr/local/bin/zkay run --blockchain-backend w3-eth-tester .+

top - 21:57:28 up 1 day,  1:51,  0 users,  load average: 2.10, 1.20, 0.51
Tasks:   6 total,   2 running,   4 sleeping,   0 stopped,   0 zombie
%Cpu(s):  8.5 us,  0.2 sy,  0.0 ni, 89.8 id,  0.0 wa,  0.0 hi,  1.5 si,  0.0 st
MiB Mem :   7877.2 total,   3206.3 free,   2004.1 used,   2666.8 buff/cache
MiB Swap:   2048.0 total,   2048.0 free,      0.0 used.   5562.2 avail Mem 

  PID USER      PR  NI    VIRT    RES    SHR S  %CPU  %MEM     TIME+ COMMAND
 1341 root      20   0  804036 798892   5100 R 100.0   9.9   0:05.30 /zkay/zkay/jsnark_interface/run_snark proofgen /tmp/tmpt_miou21 /tmp/tmpt_miou21/proo+
    1 root      20   0    3984   3232   2736 S   0.0   0.0   0:00.06 bash
    7 root      20   0    3992   3108   2608 S   0.0   0.0   0:00.08 bash
   13 root      20   0    3988   3228   2716 S   0.0   0.0   0:00.10 bash
  844 root      20   0    7864   2984   2628 R   0.0   0.0   0:00.17 top -bc -d 1 -n 6000
  845 root      20   0   96380  90004  12488 S   0.0   1.1   2:20.13 /usr/local/bin/python3.8 /usr/local/bin/zkay run --blockchain-backend w3-eth-tester .+

top - 21:57:29 up 1 day,  1:51,  0 users,  load average: 2.10, 1.20, 0.51
Tasks:   6 total,   2 running,   4 sleeping,   0 stopped,   0 zombie
%Cpu(s):  8.0 us,  0.5 sy,  0.0 ni, 91.5 id,  0.0 wa,  0.0 hi,  0.0 si,  0.0 st
MiB Mem :   7877.2 total,   2981.8 free,   2228.6 used,   2666.8 buff/cache
MiB Swap:   2048.0 total,   2048.0 free,      0.0 used.   5337.7 avail Mem 

  PID USER      PR  NI    VIRT    RES    SHR S  %CPU  %MEM     TIME+ COMMAND
 1341 root      20   0  958620 882324   5100 R 100.0  10.9   0:06.30 /zkay/zkay/jsnark_interface/run_snark proofgen /tmp/tmpt_miou21 /tmp/tmpt_miou21/proo+
    1 root      20   0    3984   3232   2736 S   0.0   0.0   0:00.06 bash
    7 root      20   0    3992   3108   2608 S   0.0   0.0   0:00.08 bash
   13 root      20   0    3988   3228   2716 S   0.0   0.0   0:00.10 bash
  844 root      20   0    7864   2984   2628 R   0.0   0.0   0:00.17 top -bc -d 1 -n 6000
  845 root      20   0   96380  90004  12488 S   0.0   1.1   2:20.13 /usr/local/bin/python3.8 /usr/local/bin/zkay run --blockchain-backend w3-eth-tester .+

top - 21:57:30 up 1 day,  1:51,  0 users,  load average: 2.01, 1.20, 0.51
Tasks:   6 total,   2 running,   4 sleeping,   0 stopped,   0 zombie
%Cpu(s):  8.1 us,  0.3 sy,  0.0 ni, 91.6 id,  0.0 wa,  0.0 hi,  0.0 si,  0.0 st
MiB Mem :   7877.2 total,   2981.8 free,   2228.6 used,   2666.8 buff/cache
MiB Swap:   2048.0 total,   2048.0 free,      0.0 used.   5337.7 avail Mem 

  PID USER      PR  NI    VIRT    RES    SHR S  %CPU  %MEM     TIME+ COMMAND
 1341 root      20   0 1091456   1.0g   5100 R 100.0  13.4   0:07.31 /zkay/zkay/jsnark_interface/run_snark proofgen /tmp/tmpt_miou21 /tmp/tmpt_miou21/proo+
    1 root      20   0    3984   3232   2736 S   0.0   0.0   0:00.06 bash
    7 root      20   0    3992   3108   2608 S   0.0   0.0   0:00.08 bash
   13 root      20   0    3988   3228   2716 S   0.0   0.0   0:00.10 bash
  844 root      20   0    7864   2984   2628 R   0.0   0.0   0:00.17 top -bc -d 1 -n 6000
  845 root      20   0   96380  90004  12488 S   0.0   1.1   2:20.13 /usr/local/bin/python3.8 /usr/local/bin/zkay run --blockchain-backend w3-eth-tester .+

top - 21:57:31 up 1 day,  1:51,  0 users,  load average: 2.01, 1.20, 0.51
Tasks:   6 total,   2 running,   4 sleeping,   0 stopped,   0 zombie
%Cpu(s): 37.8 us,  8.6 sy,  0.0 ni, 53.5 id,  0.0 wa,  0.0 hi,  0.0 si,  0.0 st
MiB Mem :   7877.2 total,   2981.8 free,   2228.6 used,   2666.8 buff/cache
MiB Swap:   2048.0 total,   2048.0 free,      0.0 used.   5337.7 avail Mem 

  PID USER      PR  NI    VIRT    RES    SHR S  %CPU  %MEM     TIME+ COMMAND
 1341 root      20   0 1949096   1.3g   5100 R 541.0  16.7   0:12.72 /zkay/zkay/jsnark_interface/run_snark proofgen /tmp/tmpt_miou21 /tmp/tmpt_miou21/proo+
    1 root      20   0    3984   3232   2736 S   0.0   0.0   0:00.06 bash
    7 root      20   0    3992   3108   2608 S   0.0   0.0   0:00.08 bash
   13 root      20   0    3988   3228   2716 S   0.0   0.0   0:00.10 bash
  844 root      20   0    7864   2984   2628 R   0.0   0.0   0:00.17 top -bc -d 1 -n 6000
  845 root      20   0   96380  90004  12488 S   0.0   1.1   2:20.13 /usr/local/bin/python3.8 /usr/local/bin/zkay run --blockchain-backend w3-eth-tester .+

top - 21:57:32 up 1 day,  1:51,  0 users,  load average: 2.01, 1.20, 0.51
Tasks:   6 total,   2 running,   4 sleeping,   0 stopped,   0 zombie
%Cpu(s):  8.3 us,  0.1 sy,  0.0 ni, 91.6 id,  0.0 wa,  0.0 hi,  0.0 si,  0.0 st
MiB Mem :   7877.2 total,   2612.0 free,   2598.4 used,   2666.8 buff/cache
MiB Swap:   2048.0 total,   2048.0 free,      0.0 used.   4967.9 avail Mem 

  PID USER      PR  NI    VIRT    RES    SHR S  %CPU  %MEM     TIME+ COMMAND
 1341 root      20   0 1875956   1.2g   5100 R 100.0  15.8   0:13.72 /zkay/zkay/jsnark_interface/run_snark proofgen /tmp/tmpt_miou21 /tmp/tmpt_miou21/proo+
    1 root      20   0    3984   3232   2736 S   0.0   0.0   0:00.06 bash
    7 root      20   0    3992   3108   2608 S   0.0   0.0   0:00.08 bash
   13 root      20   0    3988   3228   2716 S   0.0   0.0   0:00.10 bash
  844 root      20   0    7864   2984   2628 R   0.0   0.0   0:00.17 top -bc -d 1 -n 6000
  845 root      20   0   96380  90004  12488 S   0.0   1.1   2:20.13 /usr/local/bin/python3.8 /usr/local/bin/zkay run --blockchain-backend w3-eth-tester .+

top - 21:57:33 up 1 day,  1:51,  0 users,  load average: 2.01, 1.20, 0.51
Tasks:   6 total,   2 running,   4 sleeping,   0 stopped,   0 zombie
%Cpu(s):  4.8 us,  3.7 sy,  0.0 ni, 91.3 id,  0.1 wa,  0.0 hi,  0.1 si,  0.0 st
MiB Mem :   7877.2 total,   2612.0 free,   2598.4 used,   2666.8 buff/cache
MiB Swap:   2048.0 total,   2048.0 free,      0.0 used.   4967.9 avail Mem 

  PID USER      PR  NI    VIRT    RES    SHR S  %CPU  %MEM     TIME+ COMMAND
 1341 root      20   0 1887148   1.2g   5100 R  99.0  15.9   0:14.71 /zkay/zkay/jsnark_interface/run_snark proofgen /tmp/tmpt_miou21 /tmp/tmpt_miou21/proo+
    1 root      20   0    3984   3232   2736 S   0.0   0.0   0:00.06 bash
    7 root      20   0    3992   3108   2608 S   0.0   0.0   0:00.08 bash
   13 root      20   0    3988   3228   2716 S   0.0   0.0   0:00.10 bash
  844 root      20   0    7864   2984   2628 R   0.0   0.0   0:00.17 top -bc -d 1 -n 6000
  845 root      20   0   96380  90004  12488 S   0.0   1.1   2:20.13 /usr/local/bin/python3.8 /usr/local/bin/zkay run --blockchain-backend w3-eth-tester .+

top - 21:57:34 up 1 day,  1:51,  0 users,  load average: 2.01, 1.20, 0.51
Tasks:   6 total,   2 running,   4 sleeping,   0 stopped,   0 zombie
%Cpu(s): 16.6 us,  1.0 sy,  0.0 ni, 82.3 id,  0.1 wa,  0.0 hi,  0.0 si,  0.0 st
MiB Mem :   7877.2 total,   2612.0 free,   2598.4 used,   2666.8 buff/cache
MiB Swap:   2048.0 total,   2048.0 free,      0.0 used.   4967.9 avail Mem 

  PID USER      PR  NI    VIRT    RES    SHR S  %CPU  %MEM     TIME+ COMMAND
 1341 root      20   0 1887148   1.2g   5100 R 213.0  15.9   0:16.84 /zkay/zkay/jsnark_interface/run_snark proofgen /tmp/tmpt_miou21 /tmp/tmpt_miou21/proo+
    1 root      20   0    3984   3232   2736 S   0.0   0.0   0:00.06 bash
    7 root      20   0    3992   3108   2608 S   0.0   0.0   0:00.08 bash
   13 root      20   0    3988   3228   2716 S   0.0   0.0   0:00.10 bash
  844 root      20   0    7864   2984   2628 R   0.0   0.0   0:00.17 top -bc -d 1 -n 6000
  845 root      20   0   96380  90004  12488 S   0.0   1.1   2:20.13 /usr/local/bin/python3.8 /usr/local/bin/zkay run --blockchain-backend w3-eth-tester .+

top - 21:57:35 up 1 day,  1:51,  0 users,  load average: 2.09, 1.23, 0.53
Tasks:   6 total,   2 running,   4 sleeping,   0 stopped,   0 zombie
%Cpu(s): 27.9 us,  0.0 sy,  0.0 ni, 71.9 id,  0.0 wa,  0.0 hi,  0.3 si,  0.0 st
MiB Mem :   7877.2 total,   2598.8 free,   2611.5 used,   2666.8 buff/cache
MiB Swap:   2048.0 total,   2048.0 free,      0.0 used.   4954.7 avail Mem 

  PID USER      PR  NI    VIRT    RES    SHR S  %CPU  %MEM     TIME+ COMMAND
 1341 root      20   0 1887148   1.2g   5100 R 347.0  15.9   0:20.31 /zkay/zkay/jsnark_interface/run_snark proofgen /tmp/tmpt_miou21 /tmp/tmpt_miou21/proo+
    1 root      20   0    3984   3232   2736 S   0.0   0.0   0:00.06 bash
    7 root      20   0    3992   3108   2608 S   0.0   0.0   0:00.08 bash
   13 root      20   0    3988   3228   2716 S   0.0   0.0   0:00.10 bash
  844 root      20   0    7864   2984   2628 R   0.0   0.0   0:00.17 top -bc -d 1 -n 6000
  845 root      20   0   96380  90004  12488 S   0.0   1.1   2:20.13 /usr/local/bin/python3.8 /usr/local/bin/zkay run --blockchain-backend w3-eth-tester .+

top - 21:57:36 up 1 day,  1:51,  0 users,  load average: 2.09, 1.23, 0.53
Tasks:   6 total,   2 running,   4 sleeping,   0 stopped,   0 zombie
%Cpu(s): 55.8 us,  0.0 sy,  0.0 ni, 44.2 id,  0.0 wa,  0.0 hi,  0.1 si,  0.0 st
MiB Mem :   7877.2 total,   2598.8 free,   2611.5 used,   2666.8 buff/cache
MiB Swap:   2048.0 total,   2048.0 free,      0.0 used.   4954.7 avail Mem 

  PID USER      PR  NI    VIRT    RES    SHR S  %CPU  %MEM     TIME+ COMMAND
 1341 root      20   0 1887148   1.2g   5100 R 657.0  15.9   0:26.88 /zkay/zkay/jsnark_interface/run_snark proofgen /tmp/tmpt_miou21 /tmp/tmpt_miou21/proo+
    1 root      20   0    3984   3232   2736 S   0.0   0.0   0:00.06 bash
    7 root      20   0    3992   3108   2608 S   0.0   0.0   0:00.08 bash
   13 root      20   0    3988   3228   2716 S   0.0   0.0   0:00.10 bash
  844 root      20   0    7864   2984   2628 R   0.0   0.0   0:00.17 top -bc -d 1 -n 6000
  845 root      20   0   96380  90004  12488 S   0.0   1.1   2:20.13 /usr/local/bin/python3.8 /usr/local/bin/zkay run --blockchain-backend w3-eth-tester .+

top - 21:57:37 up 1 day,  1:51,  0 users,  load average: 2.09, 1.23, 0.53
Tasks:   6 total,   2 running,   4 sleeping,   0 stopped,   0 zombie
%Cpu(s): 99.3 us,  0.0 sy,  0.0 ni,  0.7 id,  0.0 wa,  0.0 hi,  0.0 si,  0.0 st
MiB Mem :   7877.2 total,   2598.8 free,   2611.5 used,   2666.8 buff/cache
MiB Swap:   2048.0 total,   2048.0 free,      0.0 used.   4954.7 avail Mem 

  PID USER      PR  NI    VIRT    RES    SHR S  %CPU  %MEM     TIME+ COMMAND
 1341 root      20   0 1887148   1.2g   5100 R  1190  15.9   0:38.90 /zkay/zkay/jsnark_interface/run_snark proofgen /tmp/tmpt_miou21 /tmp/tmpt_miou21/proo+
    1 root      20   0    3984   3232   2736 S   0.0   0.0   0:00.06 bash
    7 root      20   0    3992   3108   2608 S   0.0   0.0   0:00.08 bash
   13 root      20   0    3988   3228   2716 S   0.0   0.0   0:00.10 bash
  844 root      20   0    7864   2984   2628 R   0.0   0.0   0:00.17 top -bc -d 1 -n 6000
  845 root      20   0   96380  90004  12488 S   0.0   1.1   2:20.13 /usr/local/bin/python3.8 /usr/local/bin/zkay run --blockchain-backend w3-eth-tester .+

top - 21:57:38 up 1 day,  1:51,  0 users,  load average: 2.09, 1.23, 0.53
Tasks:   5 total,   2 running,   3 sleeping,   0 stopped,   0 zombie
%Cpu(s): 56.6 us,  1.2 sy,  0.0 ni, 41.3 id,  0.0 wa,  0.0 hi,  1.0 si,  0.0 st
MiB Mem :   7877.2 total,   3875.8 free,   1362.9 used,   2638.5 buff/cache
MiB Swap:   2048.0 total,   2048.0 free,      0.0 used.   6203.4 avail Mem 

  PID USER      PR  NI    VIRT    RES    SHR S  %CPU  %MEM     TIME+ COMMAND
  845 root      20   0   96380  90004  12488 R  22.0   1.1   2:20.35 /usr/local/bin/python3.8 /usr/local/bin/zkay run --blockchain-backend w3-eth-tester .+
    1 root      20   0    3984   3232   2736 S   0.0   0.0   0:00.06 bash
    7 root      20   0    3992   3108   2608 S   0.0   0.0   0:00.08 bash
   13 root      20   0    3988   3228   2716 S   0.0   0.0   0:00.10 bash
  844 root      20   0    7864   2984   2628 R   0.0   0.0   0:00.17 top -bc -d 1 -n 6000

top - 21:57:39 up 1 day,  1:51,  0 users,  load average: 2.09, 1.23, 0.53
Tasks:   5 total,   2 running,   3 sleeping,   0 stopped,   0 zombie
%Cpu(s):  8.4 us,  0.0 sy,  0.0 ni, 91.6 id,  0.0 wa,  0.0 hi,  0.0 si,  0.0 st
MiB Mem :   7877.2 total,   3875.8 free,   1362.9 used,   2638.5 buff/cache
MiB Swap:   2048.0 total,   2048.0 free,      0.0 used.   6203.4 avail Mem 

  PID USER      PR  NI    VIRT    RES    SHR S  %CPU  %MEM     TIME+ COMMAND
  845 root      20   0   96380  90004  12488 R 100.0   1.1   2:21.35 /usr/local/bin/python3.8 /usr/local/bin/zkay run --blockchain-backend w3-eth-tester .+
    1 root      20   0    3984   3232   2736 S   0.0   0.0   0:00.06 bash
    7 root      20   0    3992   3108   2608 S   0.0   0.0   0:00.08 bash
   13 root      20   0    3988   3228   2716 S   0.0   0.0   0:00.10 bash
  844 root      20   0    7864   2984   2628 R   0.0   0.0   0:00.17 top -bc -d 1 -n 6000

top - 21:57:40 up 1 day,  1:51,  0 users,  load average: 2.00, 1.22, 0.53
Tasks:   5 total,   2 running,   3 sleeping,   0 stopped,   0 zombie
%Cpu(s):  8.4 us,  0.4 sy,  0.0 ni, 91.0 id,  0.0 wa,  0.0 hi,  0.2 si,  0.0 st
MiB Mem :   7877.2 total,   3875.8 free,   1362.9 used,   2638.5 buff/cache
MiB Swap:   2048.0 total,   2048.0 free,      0.0 used.   6203.4 avail Mem 

  PID USER      PR  NI    VIRT    RES    SHR S  %CPU  %MEM     TIME+ COMMAND
  845 root      20   0   96380  90004  12488 R 100.0   1.1   2:22.35 /usr/local/bin/python3.8 /usr/local/bin/zkay run --blockchain-backend w3-eth-tester .+
    1 root      20   0    3984   3232   2736 S   0.0   0.0   0:00.06 bash
    7 root      20   0    3992   3108   2608 S   0.0   0.0   0:00.08 bash
   13 root      20   0    3988   3228   2716 S   0.0   0.0   0:00.10 bash
  844 root      20   0    7864   2984   2628 R   0.0   0.0   0:00.17 top -bc -d 1 -n 6000

top - 21:57:41 up 1 day,  1:51,  0 users,  load average: 2.00, 1.22, 0.53
Tasks:   5 total,   2 running,   3 sleeping,   0 stopped,   0 zombie
%Cpu(s):  8.3 us,  0.0 sy,  0.0 ni, 91.7 id,  0.0 wa,  0.0 hi,  0.0 si,  0.0 st
MiB Mem :   7877.2 total,   3872.4 free,   1366.2 used,   2638.5 buff/cache
MiB Swap:   2048.0 total,   2048.0 free,      0.0 used.   6200.0 avail Mem 

  PID USER      PR  NI    VIRT    RES    SHR S  %CPU  %MEM     TIME+ COMMAND
  845 root      20   0   96380  90004  12488 R 100.0   1.1   2:23.35 /usr/local/bin/python3.8 /usr/local/bin/zkay run --blockchain-backend w3-eth-tester .+
    1 root      20   0    3984   3232   2736 S   0.0   0.0   0:00.06 bash
    7 root      20   0    3992   3108   2608 S   0.0   0.0   0:00.08 bash
   13 root      20   0    3988   3228   2716 S   0.0   0.0   0:00.10 bash
  844 root      20   0    7864   2984   2628 R   0.0   0.0   0:00.17 top -bc -d 1 -n 6000

top - 21:57:42 up 1 day,  1:51,  0 users,  load average: 2.00, 1.22, 0.53
Tasks:   5 total,   2 running,   3 sleeping,   0 stopped,   0 zombie
%Cpu(s):  8.3 us,  0.3 sy,  0.0 ni, 91.4 id,  0.0 wa,  0.0 hi,  0.0 si,  0.0 st
MiB Mem :   7877.2 total,   3872.4 free,   1366.2 used,   2638.5 buff/cache
MiB Swap:   2048.0 total,   2048.0 free,      0.0 used.   6200.0 avail Mem 

  PID USER      PR  NI    VIRT    RES    SHR S  %CPU  %MEM     TIME+ COMMAND
  845 root      20   0   96380  90004  12488 R 100.0   1.1   2:24.35 /usr/local/bin/python3.8 /usr/local/bin/zkay run --blockchain-backend w3-eth-tester .+
    1 root      20   0    3984   3232   2736 S   0.0   0.0   0:00.06 bash
    7 root      20   0    3992   3108   2608 S   0.0   0.0   0:00.08 bash
   13 root      20   0    3988   3228   2716 S   0.0   0.0   0:00.10 bash
  844 root      20   0    7864   2984   2628 R   0.0   0.0   0:00.17 top -bc -d 1 -n 6000

top - 21:57:43 up 1 day,  1:51,  0 users,  load average: 2.00, 1.22, 0.53
Tasks:   5 total,   2 running,   3 sleeping,   0 stopped,   0 zombie
%Cpu(s):  8.3 us,  0.0 sy,  0.0 ni, 91.7 id,  0.0 wa,  0.0 hi,  0.0 si,  0.0 st
MiB Mem :   7877.2 total,   3872.4 free,   1366.2 used,   2638.5 buff/cache
MiB Swap:   2048.0 total,   2048.0 free,      0.0 used.   6200.0 avail Mem 

  PID USER      PR  NI    VIRT    RES    SHR S  %CPU  %MEM     TIME+ COMMAND
  845 root      20   0   96380  90004  12488 R 100.0   1.1   2:25.35 /usr/local/bin/python3.8 /usr/local/bin/zkay run --blockchain-backend w3-eth-tester .+
    1 root      20   0    3984   3232   2736 S   0.0   0.0   0:00.06 bash
    7 root      20   0    3992   3108   2608 S   0.0   0.0   0:00.08 bash
   13 root      20   0    3988   3228   2716 S   0.0   0.0   0:00.10 bash
  844 root      20   0    7864   2984   2628 R   0.0   0.0   0:00.17 top -bc -d 1 -n 6000

top - 21:57:44 up 1 day,  1:51,  0 users,  load average: 2.00, 1.22, 0.53
Tasks:   5 total,   2 running,   3 sleeping,   0 stopped,   0 zombie
%Cpu(s):  8.3 us,  0.2 sy,  0.0 ni, 91.5 id,  0.0 wa,  0.0 hi,  0.0 si,  0.0 st
MiB Mem :   7877.2 total,   3872.6 free,   1366.2 used,   2638.4 buff/cache
MiB Swap:   2048.0 total,   2048.0 free,      0.0 used.   6200.1 avail Mem 

  PID USER      PR  NI    VIRT    RES    SHR S  %CPU  %MEM     TIME+ COMMAND
  845 root      20   0   96380  90004  12488 R 100.0   1.1   2:26.35 /usr/local/bin/python3.8 /usr/local/bin/zkay run --blockchain-backend w3-eth-tester .+
    1 root      20   0    3984   3232   2736 S   0.0   0.0   0:00.06 bash
    7 root      20   0    3992   3108   2608 S   0.0   0.0   0:00.08 bash
   13 root      20   0    3988   3228   2716 S   0.0   0.0   0:00.10 bash
  844 root      20   0    7864   2984   2628 R   0.0   0.0   0:00.17 top -bc -d 1 -n 6000

top - 21:57:45 up 1 day,  1:51,  0 users,  load average: 1.92, 1.22, 0.53
Tasks:   5 total,   2 running,   3 sleeping,   0 stopped,   0 zombie
%Cpu(s):  8.4 us,  0.0 sy,  0.0 ni, 91.6 id,  0.0 wa,  0.0 hi,  0.0 si,  0.0 st
MiB Mem :   7877.2 total,   3872.6 free,   1366.2 used,   2638.4 buff/cache
MiB Swap:   2048.0 total,   2048.0 free,      0.0 used.   6200.1 avail Mem 

  PID USER      PR  NI    VIRT    RES    SHR S  %CPU  %MEM     TIME+ COMMAND
  845 root      20   0   96380  90004  12488 R 100.0   1.1   2:27.36 /usr/local/bin/python3.8 /usr/local/bin/zkay run --blockchain-backend w3-eth-tester .+
    1 root      20   0    3984   3232   2736 S   0.0   0.0   0:00.06 bash
    7 root      20   0    3992   3108   2608 S   0.0   0.0   0:00.08 bash
   13 root      20   0    3988   3228   2716 S   0.0   0.0   0:00.10 bash
  844 root      20   0    7864   2984   2628 R   0.0   0.0   0:00.17 top -bc -d 1 -n 6000

top - 21:57:46 up 1 day,  1:51,  0 users,  load average: 1.92, 1.22, 0.53
Tasks:   5 total,   2 running,   3 sleeping,   0 stopped,   0 zombie
%Cpu(s):  8.3 us,  0.0 sy,  0.0 ni, 91.1 id,  0.2 wa,  0.0 hi,  0.4 si,  0.0 st
MiB Mem :   7877.2 total,   3872.6 free,   1366.2 used,   2638.4 buff/cache
MiB Swap:   2048.0 total,   2048.0 free,      0.0 used.   6200.1 avail Mem 

  PID USER      PR  NI    VIRT    RES    SHR S  %CPU  %MEM     TIME+ COMMAND
  845 root      20   0   96380  90004  12488 R 100.0   1.1   2:28.36 /usr/local/bin/python3.8 /usr/local/bin/zkay run --blockchain-backend w3-eth-tester .+
    1 root      20   0    3984   3232   2736 S   0.0   0.0   0:00.06 bash
    7 root      20   0    3992   3108   2608 S   0.0   0.0   0:00.08 bash
   13 root      20   0    3988   3228   2716 S   0.0   0.0   0:00.10 bash
  844 root      20   0    7864   2984   2628 R   0.0   0.0   0:00.17 top -bc -d 1 -n 6000

top - 21:57:47 up 1 day,  1:51,  0 users,  load average: 1.92, 1.22, 0.53
Tasks:   5 total,   2 running,   3 sleeping,   0 stopped,   0 zombie
%Cpu(s):  8.3 us,  0.0 sy,  0.0 ni, 91.7 id,  0.0 wa,  0.0 hi,  0.0 si,  0.0 st
MiB Mem :   7877.2 total,   3872.6 free,   1366.2 used,   2638.4 buff/cache
MiB Swap:   2048.0 total,   2048.0 free,      0.0 used.   6200.1 avail Mem 

  PID USER      PR  NI    VIRT    RES    SHR S  %CPU  %MEM     TIME+ COMMAND
  845 root      20   0   96380  90004  12488 R 100.0   1.1   2:29.36 /usr/local/bin/python3.8 /usr/local/bin/zkay run --blockchain-backend w3-eth-tester .+
    1 root      20   0    3984   3232   2736 S   0.0   0.0   0:00.06 bash
    7 root      20   0    3992   3108   2608 S   0.0   0.0   0:00.08 bash
   13 root      20   0    3988   3228   2716 S   0.0   0.0   0:00.10 bash
  844 root      20   0    7864   2984   2628 R   0.0   0.0   0:00.17 top -bc -d 1 -n 6000

top - 21:57:48 up 1 day,  1:51,  0 users,  load average: 1.92, 1.22, 0.53
Tasks:   5 total,   2 running,   3 sleeping,   0 stopped,   0 zombie
%Cpu(s):  8.3 us,  0.3 sy,  0.0 ni, 90.0 id,  0.0 wa,  0.0 hi,  1.3 si,  0.0 st
MiB Mem :   7877.2 total,   3872.6 free,   1366.2 used,   2638.4 buff/cache
MiB Swap:   2048.0 total,   2048.0 free,      0.0 used.   6200.1 avail Mem 

  PID USER      PR  NI    VIRT    RES    SHR S  %CPU  %MEM     TIME+ COMMAND
  845 root      20   0   96380  90004  12488 R 100.0   1.1   2:30.36 /usr/local/bin/python3.8 /usr/local/bin/zkay run --blockchain-backend w3-eth-tester .+
    1 root      20   0    3984   3232   2736 S   0.0   0.0   0:00.06 bash
    7 root      20   0    3992   3108   2608 S   0.0   0.0   0:00.08 bash
   13 root      20   0    3988   3228   2716 S   0.0   0.0   0:00.10 bash
  844 root      20   0    7864   2984   2628 R   0.0   0.0   0:00.17 top -bc -d 1 -n 6000

top - 21:57:49 up 1 day,  1:51,  0 users,  load average: 1.92, 1.22, 0.53
Tasks:   5 total,   2 running,   3 sleeping,   0 stopped,   0 zombie
%Cpu(s):  8.5 us,  0.0 sy,  0.0 ni, 91.2 id,  0.0 wa,  0.0 hi,  0.3 si,  0.0 st
MiB Mem :   7877.2 total,   3872.6 free,   1366.2 used,   2638.4 buff/cache
MiB Swap:   2048.0 total,   2048.0 free,      0.0 used.   6200.1 avail Mem 

  PID USER      PR  NI    VIRT    RES    SHR S  %CPU  %MEM     TIME+ COMMAND
  845 root      20   0   96380  90004  12488 R 100.0   1.1   2:31.36 /usr/local/bin/python3.8 /usr/local/bin/zkay run --blockchain-backend w3-eth-tester .+
    1 root      20   0    3984   3232   2736 S   0.0   0.0   0:00.06 bash
    7 root      20   0    3992   3108   2608 S   0.0   0.0   0:00.08 bash
   13 root      20   0    3988   3228   2716 S   0.0   0.0   0:00.10 bash
  844 root      20   0    7864   2984   2628 R   0.0   0.0   0:00.17 top -bc -d 1 -n 6000

top - 21:57:50 up 1 day,  1:51,  0 users,  load average: 1.85, 1.22, 0.54
Tasks:   5 total,   2 running,   3 sleeping,   0 stopped,   0 zombie
%Cpu(s):  8.3 us,  0.1 sy,  0.0 ni, 91.6 id,  0.0 wa,  0.0 hi,  0.0 si,  0.0 st
MiB Mem :   7877.2 total,   3871.9 free,   1366.9 used,   2638.4 buff/cache
MiB Swap:   2048.0 total,   2048.0 free,      0.0 used.   6199.4 avail Mem 

  PID USER      PR  NI    VIRT    RES    SHR S  %CPU  %MEM     TIME+ COMMAND
  845 root      20   0   96380  90004  12488 R 100.0   1.1   2:32.36 /usr/local/bin/python3.8 /usr/local/bin/zkay run --blockchain-backend w3-eth-tester .+
    1 root      20   0    3984   3232   2736 S   0.0   0.0   0:00.06 bash
    7 root      20   0    3992   3108   2608 S   0.0   0.0   0:00.08 bash
   13 root      20   0    3988   3228   2716 S   0.0   0.0   0:00.10 bash
  844 root      20   0    7864   2984   2628 R   0.0   0.0   0:00.17 top -bc -d 1 -n 6000

top - 21:57:51 up 1 day,  1:51,  0 users,  load average: 1.85, 1.22, 0.54
Tasks:   5 total,   2 running,   3 sleeping,   0 stopped,   0 zombie
%Cpu(s):  8.3 us,  0.0 sy,  0.0 ni, 91.6 id,  0.0 wa,  0.0 hi,  0.1 si,  0.0 st
MiB Mem :   7877.2 total,   3871.9 free,   1366.9 used,   2638.4 buff/cache
MiB Swap:   2048.0 total,   2048.0 free,      0.0 used.   6199.4 avail Mem 

  PID USER      PR  NI    VIRT    RES    SHR S  %CPU  %MEM     TIME+ COMMAND
  845 root      20   0   96380  90004  12488 R 100.0   1.1   2:33.36 /usr/local/bin/python3.8 /usr/local/bin/zkay run --blockchain-backend w3-eth-tester .+
    1 root      20   0    3984   3232   2736 S   0.0   0.0   0:00.06 bash
    7 root      20   0    3992   3108   2608 S   0.0   0.0   0:00.08 bash
   13 root      20   0    3988   3228   2716 S   0.0   0.0   0:00.10 bash
  844 root      20   0    7864   2984   2628 R   0.0   0.0   0:00.17 top -bc -d 1 -n 6000

top - 21:57:52 up 1 day,  1:51,  0 users,  load average: 1.85, 1.22, 0.54
Tasks:   5 total,   2 running,   3 sleeping,   0 stopped,   0 zombie
%Cpu(s):  8.3 us,  0.0 sy,  0.0 ni, 91.7 id,  0.0 wa,  0.0 hi,  0.0 si,  0.0 st
MiB Mem :   7877.2 total,   3871.9 free,   1366.9 used,   2638.4 buff/cache
MiB Swap:   2048.0 total,   2048.0 free,      0.0 used.   6199.4 avail Mem 

  PID USER      PR  NI    VIRT    RES    SHR S  %CPU  %MEM     TIME+ COMMAND
  845 root      20   0   96380  90004  12488 R 100.0   1.1   2:34.36 /usr/local/bin/python3.8 /usr/local/bin/zkay run --blockchain-backend w3-eth-tester .+
    1 root      20   0    3984   3232   2736 S   0.0   0.0   0:00.06 bash
    7 root      20   0    3992   3108   2608 S   0.0   0.0   0:00.08 bash
   13 root      20   0    3988   3228   2716 S   0.0   0.0   0:00.10 bash
  844 root      20   0    7864   2984   2628 R   0.0   0.0   0:00.17 top -bc -d 1 -n 6000

top - 21:57:53 up 1 day,  1:51,  0 users,  load average: 1.85, 1.22, 0.54
Tasks:   5 total,   2 running,   3 sleeping,   0 stopped,   0 zombie
%Cpu(s):  8.4 us,  0.0 sy,  0.0 ni, 91.5 id,  0.0 wa,  0.0 hi,  0.1 si,  0.0 st
MiB Mem :   7877.2 total,   3871.9 free,   1366.9 used,   2638.4 buff/cache
MiB Swap:   2048.0 total,   2048.0 free,      0.0 used.   6199.4 avail Mem 

  PID USER      PR  NI    VIRT    RES    SHR S  %CPU  %MEM     TIME+ COMMAND
  845 root      20   0   96380  90004  12488 R 100.0   1.1   2:35.37 /usr/local/bin/python3.8 /usr/local/bin/zkay run --blockchain-backend w3-eth-tester .+
    1 root      20   0    3984   3232   2736 S   0.0   0.0   0:00.06 bash
    7 root      20   0    3992   3108   2608 S   0.0   0.0   0:00.08 bash
   13 root      20   0    3988   3228   2716 S   0.0   0.0   0:00.10 bash
  844 root      20   0    7864   2984   2628 R   0.0   0.0   0:00.17 top -bc -d 1 -n 6000

top - 21:57:54 up 1 day,  1:52,  0 users,  load average: 1.85, 1.22, 0.54
Tasks:   5 total,   2 running,   3 sleeping,   0 stopped,   0 zombie
%Cpu(s):  8.3 us,  0.0 sy,  0.0 ni, 91.7 id,  0.0 wa,  0.0 hi,  0.0 si,  0.0 st
MiB Mem :   7877.2 total,   3871.9 free,   1366.9 used,   2638.4 buff/cache
MiB Swap:   2048.0 total,   2048.0 free,      0.0 used.   6199.4 avail Mem 

  PID USER      PR  NI    VIRT    RES    SHR S  %CPU  %MEM     TIME+ COMMAND
  845 root      20   0   96380  90004  12488 R 100.0   1.1   2:36.37 /usr/local/bin/python3.8 /usr/local/bin/zkay run --blockchain-backend w3-eth-tester .+
    1 root      20   0    3984   3232   2736 S   0.0   0.0   0:00.06 bash
    7 root      20   0    3992   3108   2608 S   0.0   0.0   0:00.08 bash
   13 root      20   0    3988   3228   2716 S   0.0   0.0   0:00.10 bash
  844 root      20   0    7864   2984   2628 R   0.0   0.0   0:00.17 top -bc -d 1 -n 6000

top - 21:57:55 up 1 day,  1:52,  0 users,  load average: 1.78, 1.21, 0.54
Tasks:   5 total,   2 running,   3 sleeping,   0 stopped,   0 zombie
%Cpu(s):  8.3 us,  0.1 sy,  0.0 ni, 91.6 id,  0.0 wa,  0.0 hi,  0.0 si,  0.0 st
MiB Mem :   7877.2 total,   3871.9 free,   1366.9 used,   2638.4 buff/cache
MiB Swap:   2048.0 total,   2048.0 free,      0.0 used.   6199.4 avail Mem 

  PID USER      PR  NI    VIRT    RES    SHR S  %CPU  %MEM     TIME+ COMMAND
  845 root      20   0   96380  90004  12488 R 100.0   1.1   2:37.37 /usr/local/bin/python3.8 /usr/local/bin/zkay run --blockchain-backend w3-eth-tester .+
    1 root      20   0    3984   3232   2736 S   0.0   0.0   0:00.06 bash
    7 root      20   0    3992   3108   2608 S   0.0   0.0   0:00.08 bash
   13 root      20   0    3988   3228   2716 S   0.0   0.0   0:00.10 bash
  844 root      20   0    7864   2984   2628 R   0.0   0.0   0:00.17 top -bc -d 1 -n 6000

top - 21:57:56 up 1 day,  1:52,  0 users,  load average: 1.78, 1.21, 0.54
Tasks:   5 total,   2 running,   3 sleeping,   0 stopped,   0 zombie
%Cpu(s):  8.3 us,  0.0 sy,  0.0 ni, 91.7 id,  0.0 wa,  0.0 hi,  0.0 si,  0.0 st
MiB Mem :   7877.2 total,   3871.9 free,   1366.9 used,   2638.4 buff/cache
MiB Swap:   2048.0 total,   2048.0 free,      0.0 used.   6199.4 avail Mem 

  PID USER      PR  NI    VIRT    RES    SHR S  %CPU  %MEM     TIME+ COMMAND
  845 root      20   0   96380  90004  12488 R 100.0   1.1   2:38.37 /usr/local/bin/python3.8 /usr/local/bin/zkay run --blockchain-backend w3-eth-tester .+
  844 root      20   0    7864   2984   2628 R   1.0   0.0   0:00.18 top -bc -d 1 -n 6000
    1 root      20   0    3984   3232   2736 S   0.0   0.0   0:00.06 bash
    7 root      20   0    3992   3108   2608 S   0.0   0.0   0:00.08 bash
   13 root      20   0    3988   3228   2716 S   0.0   0.0   0:00.10 bash

top - 21:57:57 up 1 day,  1:52,  0 users,  load average: 1.78, 1.21, 0.54
Tasks:   5 total,   2 running,   3 sleeping,   0 stopped,   0 zombie
%Cpu(s):  8.3 us,  0.0 sy,  0.0 ni, 91.7 id,  0.0 wa,  0.0 hi,  0.0 si,  0.0 st
MiB Mem :   7877.2 total,   3871.9 free,   1366.9 used,   2638.4 buff/cache
MiB Swap:   2048.0 total,   2048.0 free,      0.0 used.   6199.4 avail Mem 

  PID USER      PR  NI    VIRT    RES    SHR S  %CPU  %MEM     TIME+ COMMAND
  845 root      20   0   96380  90004  12488 R 100.0   1.1   2:39.37 /usr/local/bin/python3.8 /usr/local/bin/zkay run --blockchain-backend w3-eth-tester .+
    1 root      20   0    3984   3232   2736 S   0.0   0.0   0:00.06 bash
    7 root      20   0    3992   3108   2608 S   0.0   0.0   0:00.08 bash
   13 root      20   0    3988   3228   2716 S   0.0   0.0   0:00.10 bash
  844 root      20   0    7864   2984   2628 R   0.0   0.0   0:00.18 top -bc -d 1 -n 6000

top - 21:57:58 up 1 day,  1:52,  0 users,  load average: 1.78, 1.21, 0.54
Tasks:   5 total,   2 running,   3 sleeping,   0 stopped,   0 zombie
%Cpu(s):  8.7 us,  0.7 sy,  0.0 ni, 89.9 id,  0.1 wa,  0.0 hi,  0.7 si,  0.0 st
MiB Mem :   7877.2 total,   3871.9 free,   1366.9 used,   2638.4 buff/cache
MiB Swap:   2048.0 total,   2048.0 free,      0.0 used.   6199.4 avail Mem 

  PID USER      PR  NI    VIRT    RES    SHR S  %CPU  %MEM     TIME+ COMMAND
  845 root      20   0   96380  90004  12488 R 100.0   1.1   2:40.37 /usr/local/bin/python3.8 /usr/local/bin/zkay run --blockchain-backend w3-eth-tester .+
    1 root      20   0    3984   3232   2736 S   0.0   0.0   0:00.06 bash
    7 root      20   0    3992   3108   2608 S   0.0   0.0   0:00.08 bash
   13 root      20   0    3988   3228   2716 S   0.0   0.0   0:00.10 bash
  844 root      20   0    7864   2984   2628 R   0.0   0.0   0:00.18 top -bc -d 1 -n 6000

top - 21:57:59 up 1 day,  1:52,  0 users,  load average: 1.78, 1.21, 0.54
Tasks:   5 total,   2 running,   3 sleeping,   0 stopped,   0 zombie
%Cpu(s):  8.3 us,  0.0 sy,  0.0 ni, 91.7 id,  0.0 wa,  0.0 hi,  0.0 si,  0.0 st
MiB Mem :   7877.2 total,   3870.1 free,   1368.7 used,   2638.4 buff/cache
MiB Swap:   2048.0 total,   2048.0 free,      0.0 used.   6197.6 avail Mem 

  PID USER      PR  NI    VIRT    RES    SHR S  %CPU  %MEM     TIME+ COMMAND
  845 root      20   0   96380  90004  12488 R 100.0   1.1   2:41.37 /usr/local/bin/python3.8 /usr/local/bin/zkay run --blockchain-backend w3-eth-tester .+
    1 root      20   0    3984   3232   2736 S   0.0   0.0   0:00.06 bash
    7 root      20   0    3992   3108   2608 S   0.0   0.0   0:00.08 bash
   13 root      20   0    3988   3228   2716 S   0.0   0.0   0:00.10 bash
  844 root      20   0    7864   2984   2628 R   0.0   0.0   0:00.18 top -bc -d 1 -n 6000

top - 21:58:00 up 1 day,  1:52,  0 users,  load average: 1.72, 1.21, 0.54
Tasks:   5 total,   2 running,   3 sleeping,   0 stopped,   0 zombie
%Cpu(s):  8.4 us,  0.0 sy,  0.0 ni, 91.6 id,  0.0 wa,  0.0 hi,  0.0 si,  0.0 st
MiB Mem :   7877.2 total,   3870.1 free,   1368.7 used,   2638.4 buff/cache
MiB Swap:   2048.0 total,   2048.0 free,      0.0 used.   6197.6 avail Mem 

  PID USER      PR  NI    VIRT    RES    SHR S  %CPU  %MEM     TIME+ COMMAND
  845 root      20   0   96380  90004  12488 R 100.0   1.1   2:42.38 /usr/local/bin/python3.8 /usr/local/bin/zkay run --blockchain-backend w3-eth-tester .+
    1 root      20   0    3984   3232   2736 S   0.0   0.0   0:00.06 bash
    7 root      20   0    3992   3108   2608 S   0.0   0.0   0:00.08 bash
   13 root      20   0    3988   3228   2716 S   0.0   0.0   0:00.10 bash
  844 root      20   0    7864   2984   2628 R   0.0   0.0   0:00.18 top -bc -d 1 -n 6000

top - 21:58:01 up 1 day,  1:52,  0 users,  load average: 1.72, 1.21, 0.54
Tasks:   5 total,   2 running,   3 sleeping,   0 stopped,   0 zombie
%Cpu(s):  8.3 us,  0.0 sy,  0.0 ni, 91.7 id,  0.0 wa,  0.0 hi,  0.0 si,  0.0 st
MiB Mem :   7877.2 total,   3870.1 free,   1368.7 used,   2638.4 buff/cache
MiB Swap:   2048.0 total,   2048.0 free,      0.0 used.   6197.6 avail Mem 

  PID USER      PR  NI    VIRT    RES    SHR S  %CPU  %MEM     TIME+ COMMAND
  845 root      20   0   96380  90004  12488 R 100.0   1.1   2:43.38 /usr/local/bin/python3.8 /usr/local/bin/zkay run --blockchain-backend w3-eth-tester .+
    1 root      20   0    3984   3232   2736 S   0.0   0.0   0:00.06 bash
    7 root      20   0    3992   3108   2608 S   0.0   0.0   0:00.08 bash
   13 root      20   0    3988   3228   2716 S   0.0   0.0   0:00.10 bash
  844 root      20   0    7864   2984   2628 R   0.0   0.0   0:00.18 top -bc -d 1 -n 6000

top - 21:58:02 up 1 day,  1:52,  0 users,  load average: 1.72, 1.21, 0.54
Tasks:   5 total,   2 running,   3 sleeping,   0 stopped,   0 zombie
%Cpu(s):  8.3 us,  0.0 sy,  0.0 ni, 91.7 id,  0.0 wa,  0.0 hi,  0.0 si,  0.0 st
MiB Mem :   7877.2 total,   3870.1 free,   1368.7 used,   2638.4 buff/cache
MiB Swap:   2048.0 total,   2048.0 free,      0.0 used.   6197.6 avail Mem 

  PID USER      PR  NI    VIRT    RES    SHR S  %CPU  %MEM     TIME+ COMMAND
  845 root      20   0   96380  90004  12488 R 100.0   1.1   2:44.38 /usr/local/bin/python3.8 /usr/local/bin/zkay run --blockchain-backend w3-eth-tester .+
    1 root      20   0    3984   3232   2736 S   0.0   0.0   0:00.06 bash
    7 root      20   0    3992   3108   2608 S   0.0   0.0   0:00.08 bash
   13 root      20   0    3988   3228   2716 S   0.0   0.0   0:00.10 bash
  844 root      20   0    7864   2984   2628 R   0.0   0.0   0:00.18 top -bc -d 1 -n 6000

top - 21:58:03 up 1 day,  1:52,  0 users,  load average: 1.72, 1.21, 0.54
Tasks:   5 total,   2 running,   3 sleeping,   0 stopped,   0 zombie
%Cpu(s):  8.3 us,  0.0 sy,  0.0 ni, 91.6 id,  0.0 wa,  0.0 hi,  0.1 si,  0.0 st
MiB Mem :   7877.2 total,   3870.1 free,   1368.7 used,   2638.4 buff/cache
MiB Swap:   2048.0 total,   2048.0 free,      0.0 used.   6197.6 avail Mem 

  PID USER      PR  NI    VIRT    RES    SHR S  %CPU  %MEM     TIME+ COMMAND
  845 root      20   0   96380  90004  12488 R 100.0   1.1   2:45.38 /usr/local/bin/python3.8 /usr/local/bin/zkay run --blockchain-backend w3-eth-tester .+
    1 root      20   0    3984   3232   2736 S   0.0   0.0   0:00.06 bash
    7 root      20   0    3992   3108   2608 S   0.0   0.0   0:00.08 bash
   13 root      20   0    3988   3228   2716 S   0.0   0.0   0:00.10 bash
  844 root      20   0    7864   2984   2628 R   0.0   0.0   0:00.18 top -bc -d 1 -n 6000

top - 21:58:04 up 1 day,  1:52,  0 users,  load average: 1.72, 1.21, 0.54
Tasks:   6 total,   1 running,   5 sleeping,   0 stopped,   0 zombie
%Cpu(s): 12.8 us,  0.7 sy,  0.0 ni, 86.3 id,  0.2 wa,  0.0 hi,  0.1 si,  0.0 st
MiB Mem :   7877.2 total,   3870.1 free,   1368.7 used,   2638.4 buff/cache
MiB Swap:   2048.0 total,   2048.0 free,      0.0 used.   6197.6 avail Mem 

  PID USER      PR  NI    VIRT    RES    SHR S  %CPU  %MEM     TIME+ COMMAND
 1353 root      20   0   19.2g 176128  25768 S  85.0   2.2   0:00.85 java -Xms4096m -Xmx16384m -cp /zkay/zkay/jsnark_interface/JsnarkCircuitBuilder.jar:/z+
  845 root      20   0   96380  90004  12488 S  73.0   1.1   2:46.11 /usr/local/bin/python3.8 /usr/local/bin/zkay run --blockchain-backend w3-eth-tester .+
    1 root      20   0    3984   3232   2736 S   0.0   0.0   0:00.06 bash
    7 root      20   0    3992   3108   2608 S   0.0   0.0   0:00.08 bash
   13 root      20   0    3988   3228   2716 S   0.0   0.0   0:00.10 bash
  844 root      20   0    7864   2984   2628 R   0.0   0.0   0:00.18 top -bc -d 1 -n 6000

top - 21:58:05 up 1 day,  1:52,  0 users,  load average: 1.90, 1.26, 0.56
Tasks:   6 total,   1 running,   5 sleeping,   0 stopped,   0 zombie
%Cpu(s): 36.7 us,  2.3 sy,  0.0 ni, 60.8 id,  0.0 wa,  0.0 hi,  0.2 si,  0.0 st
MiB Mem :   7877.2 total,   3324.6 free,   1914.1 used,   2638.5 buff/cache
MiB Swap:   2048.0 total,   2048.0 free,      0.0 used.   5652.1 avail Mem 

  PID USER      PR  NI    VIRT    RES    SHR S  %CPU  %MEM     TIME+ COMMAND
 1353 root      20   0   20.3g 582876  25888 S 474.0   7.2   0:05.59 java -Xms4096m -Xmx16384m -cp /zkay/zkay/jsnark_interface/JsnarkCircuitBuilder.jar:/z+
    1 root      20   0    3984   3232   2736 S   0.0   0.0   0:00.06 bash
    7 root      20   0    3992   3108   2608 S   0.0   0.0   0:00.08 bash
   13 root      20   0    3988   3228   2716 S   0.0   0.0   0:00.10 bash
  844 root      20   0    7864   2984   2628 R   0.0   0.0   0:00.18 top -bc -d 1 -n 6000
  845 root      20   0   96380  90004  12488 S   0.0   1.1   2:46.11 /usr/local/bin/python3.8 /usr/local/bin/zkay run --blockchain-backend w3-eth-tester .+

top - 21:58:06 up 1 day,  1:52,  0 users,  load average: 1.90, 1.26, 0.56
Tasks:   6 total,   1 running,   5 sleeping,   0 stopped,   0 zombie
%Cpu(s): 14.9 us,  2.3 sy,  0.0 ni, 82.8 id,  0.0 wa,  0.0 hi,  0.0 si,  0.0 st
MiB Mem :   7877.2 total,   3324.6 free,   1914.1 used,   2638.5 buff/cache
MiB Swap:   2048.0 total,   2048.0 free,      0.0 used.   5652.1 avail Mem 

  PID USER      PR  NI    VIRT    RES    SHR S  %CPU  %MEM     TIME+ COMMAND
 1353 root      20   0   20.3g   1.0g  25948 S 209.0  13.4   0:07.68 java -Xms4096m -Xmx16384m -cp /zkay/zkay/jsnark_interface/JsnarkCircuitBuilder.jar:/z+
    1 root      20   0    3984   3232   2736 S   0.0   0.0   0:00.06 bash
    7 root      20   0    3992   3108   2608 S   0.0   0.0   0:00.08 bash
   13 root      20   0    3988   3228   2716 S   0.0   0.0   0:00.10 bash
  844 root      20   0    7864   2984   2628 R   0.0   0.0   0:00.18 top -bc -d 1 -n 6000
  845 root      20   0   96380  90004  12488 S   0.0   1.1   2:46.11 /usr/local/bin/python3.8 /usr/local/bin/zkay run --blockchain-backend w3-eth-tester .+

top - 21:58:07 up 1 day,  1:52,  0 users,  load average: 1.90, 1.26, 0.56
Tasks:   6 total,   2 running,   4 sleeping,   0 stopped,   0 zombie
%Cpu(s):  8.4 us,  0.2 sy,  0.0 ni, 91.2 id,  0.0 wa,  0.0 hi,  0.2 si,  0.0 st
MiB Mem :   7877.2 total,   3324.6 free,   1914.1 used,   2638.5 buff/cache
MiB Swap:   2048.0 total,   2048.0 free,      0.0 used.   5652.1 avail Mem 

  PID USER      PR  NI    VIRT    RES    SHR S  %CPU  %MEM     TIME+ COMMAND
 1392 root      20   0  100880  96448   5136 R  89.0   1.2   0:00.89 /zkay/zkay/jsnark_interface/run_snark proofgen /tmp/tmpb7x0gvo8 /tmp/tmpb7x0gvo8/proo+
    1 root      20   0    3984   3232   2736 S   0.0   0.0   0:00.06 bash
    7 root      20   0    3992   3108   2608 S   0.0   0.0   0:00.08 bash
   13 root      20   0    3988   3228   2716 S   0.0   0.0   0:00.10 bash
  844 root      20   0    7864   2984   2628 R   0.0   0.0   0:00.18 top -bc -d 1 -n 6000
  845 root      20   0   96380  90004  12488 S   0.0   1.1   2:46.11 /usr/local/bin/python3.8 /usr/local/bin/zkay run --blockchain-backend w3-eth-tester .+

top - 21:58:08 up 1 day,  1:52,  0 users,  load average: 1.90, 1.26, 0.56
Tasks:   6 total,   2 running,   4 sleeping,   0 stopped,   0 zombie
%Cpu(s):  8.6 us,  0.6 sy,  0.0 ni, 89.5 id,  0.0 wa,  0.0 hi,  1.3 si,  0.0 st
MiB Mem :   7877.2 total,   3716.0 free,   1452.6 used,   2708.5 buff/cache
MiB Swap:   2048.0 total,   2048.0 free,      0.0 used.   6113.6 avail Mem 

  PID USER      PR  NI    VIRT    RES    SHR S  %CPU  %MEM     TIME+ COMMAND
 1392 root      20   0  100880  96448   5136 R 100.0   1.2   0:01.90 /zkay/zkay/jsnark_interface/run_snark proofgen /tmp/tmpb7x0gvo8 /tmp/tmpb7x0gvo8/proo+
  844 root      20   0    7864   2984   2628 R   1.0   0.0   0:00.19 top -bc -d 1 -n 6000
    1 root      20   0    3984   3232   2736 S   0.0   0.0   0:00.06 bash
    7 root      20   0    3992   3108   2608 S   0.0   0.0   0:00.08 bash
   13 root      20   0    3988   3228   2716 S   0.0   0.0   0:00.10 bash
  845 root      20   0   96380  90004  12488 S   0.0   1.1   2:46.11 /usr/local/bin/python3.8 /usr/local/bin/zkay run --blockchain-backend w3-eth-tester .+

top - 21:58:09 up 1 day,  1:52,  0 users,  load average: 1.90, 1.26, 0.56
Tasks:   6 total,   2 running,   4 sleeping,   0 stopped,   0 zombie
%Cpu(s):  7.6 us,  1.2 sy,  0.0 ni, 90.7 id,  0.0 wa,  0.0 hi,  0.4 si,  0.0 st
MiB Mem :   7877.2 total,   3716.0 free,   1452.6 used,   2708.5 buff/cache
MiB Swap:   2048.0 total,   2048.0 free,      0.0 used.   6113.6 avail Mem 

  PID USER      PR  NI    VIRT    RES    SHR S  %CPU  %MEM     TIME+ COMMAND
 1392 root      20   0  376620 370436   5136 R 100.0   4.6   0:02.90 /zkay/zkay/jsnark_interface/run_snark proofgen /tmp/tmpb7x0gvo8 /tmp/tmpb7x0gvo8/proo+
    1 root      20   0    3984   3232   2736 S   0.0   0.0   0:00.06 bash
    7 root      20   0    3992   3108   2608 S   0.0   0.0   0:00.08 bash
   13 root      20   0    3988   3228   2716 S   0.0   0.0   0:00.10 bash
  844 root      20   0    7864   2984   2628 R   0.0   0.0   0:00.19 top -bc -d 1 -n 6000
  845 root      20   0   96380  90004  12488 S   0.0   1.1   2:46.11 /usr/local/bin/python3.8 /usr/local/bin/zkay run --blockchain-backend w3-eth-tester .+

top - 21:58:10 up 1 day,  1:52,  0 users,  load average: 1.83, 1.25, 0.56
Tasks:   6 total,   2 running,   4 sleeping,   0 stopped,   0 zombie
%Cpu(s):  7.8 us,  0.6 sy,  0.0 ni, 91.6 id,  0.1 wa,  0.0 hi,  0.0 si,  0.0 st
MiB Mem :   7877.2 total,   3716.0 free,   1452.6 used,   2708.5 buff/cache
MiB Swap:   2048.0 total,   2048.0 free,      0.0 used.   6113.6 avail Mem 

  PID USER      PR  NI    VIRT    RES    SHR S  %CPU  %MEM     TIME+ COMMAND
 1392 root      20   0  691992 685984   5136 R 100.0   8.5   0:03.90 /zkay/zkay/jsnark_interface/run_snark proofgen /tmp/tmpb7x0gvo8 /tmp/tmpb7x0gvo8/proo+
    1 root      20   0    3984   3232   2736 S   0.0   0.0   0:00.06 bash
    7 root      20   0    3992   3108   2608 S   0.0   0.0   0:00.08 bash
   13 root      20   0    3988   3228   2716 S   0.0   0.0   0:00.10 bash
  844 root      20   0    7864   2984   2628 R   0.0   0.0   0:00.19 top -bc -d 1 -n 6000
  845 root      20   0   96380  90004  12488 S   0.0   1.1   2:46.11 /usr/local/bin/python3.8 /usr/local/bin/zkay run --blockchain-backend w3-eth-tester .+

top - 21:58:11 up 1 day,  1:52,  0 users,  load average: 1.83, 1.25, 0.56
Tasks:   6 total,   2 running,   4 sleeping,   0 stopped,   0 zombie
%Cpu(s):  7.7 us,  0.7 sy,  0.0 ni, 91.6 id,  0.0 wa,  0.0 hi,  0.0 si,  0.0 st
MiB Mem :   7877.2 total,   2904.0 free,   2264.7 used,   2708.5 buff/cache
MiB Swap:   2048.0 total,   2048.0 free,      0.0 used.   5301.6 avail Mem 

  PID USER      PR  NI    VIRT    RES    SHR S  %CPU  %MEM     TIME+ COMMAND
 1392 root      20   0  933792 926748   5136 R 100.0  11.5   0:04.90 /zkay/zkay/jsnark_interface/run_snark proofgen /tmp/tmpb7x0gvo8 /tmp/tmpb7x0gvo8/proo+
    1 root      20   0    3984   3232   2736 S   0.0   0.0   0:00.06 bash
    7 root      20   0    3992   3108   2608 S   0.0   0.0   0:00.08 bash
   13 root      20   0    3988   3228   2716 S   0.0   0.0   0:00.10 bash
  844 root      20   0    7864   2984   2628 R   0.0   0.0   0:00.19 top -bc -d 1 -n 6000
  845 root      20   0   96380  90004  12488 S   0.0   1.1   2:46.11 /usr/local/bin/python3.8 /usr/local/bin/zkay run --blockchain-backend w3-eth-tester .+

top - 21:58:12 up 1 day,  1:52,  0 users,  load average: 1.83, 1.25, 0.56
Tasks:   6 total,   2 running,   4 sleeping,   0 stopped,   0 zombie
%Cpu(s):  8.0 us,  0.3 sy,  0.0 ni, 91.7 id,  0.0 wa,  0.0 hi,  0.0 si,  0.0 st
MiB Mem :   7877.2 total,   2904.0 free,   2264.7 used,   2708.5 buff/cache
MiB Swap:   2048.0 total,   2048.0 free,      0.0 used.   5301.6 avail Mem 

  PID USER      PR  NI    VIRT    RES    SHR S  %CPU  %MEM     TIME+ COMMAND
 1392 root      20   0 1160916   1.1g   5136 R 100.0  14.2   0:05.90 /zkay/zkay/jsnark_interface/run_snark proofgen /tmp/tmpb7x0gvo8 /tmp/tmpb7x0gvo8/proo+
    1 root      20   0    3984   3232   2736 S   0.0   0.0   0:00.06 bash
    7 root      20   0    3992   3108   2608 S   0.0   0.0   0:00.08 bash
   13 root      20   0    3988   3228   2716 S   0.0   0.0   0:00.10 bash
  844 root      20   0    7864   2984   2628 R   0.0   0.0   0:00.19 top -bc -d 1 -n 6000
  845 root      20   0   96380  90004  12488 S   0.0   1.1   2:46.11 /usr/local/bin/python3.8 /usr/local/bin/zkay run --blockchain-backend w3-eth-tester .+

top - 21:58:13 up 1 day,  1:52,  0 users,  load average: 1.83, 1.25, 0.56
Tasks:   6 total,   2 running,   4 sleeping,   0 stopped,   0 zombie
%Cpu(s):  7.4 us,  0.9 sy,  0.0 ni, 91.7 id,  0.0 wa,  0.0 hi,  0.0 si,  0.0 st
MiB Mem :   7877.2 total,   2904.0 free,   2264.7 used,   2708.5 buff/cache
MiB Swap:   2048.0 total,   2048.0 free,      0.0 used.   5301.6 avail Mem 

  PID USER      PR  NI    VIRT    RES    SHR S  %CPU  %MEM     TIME+ COMMAND
 1392 root      20   0 1371344   1.3g   5136 R 100.0  16.9   0:06.90 /zkay/zkay/jsnark_interface/run_snark proofgen /tmp/tmpb7x0gvo8 /tmp/tmpb7x0gvo8/proo+
    1 root      20   0    3984   3232   2736 S   0.0   0.0   0:00.06 bash
    7 root      20   0    3992   3108   2608 S   0.0   0.0   0:00.08 bash
   13 root      20   0    3988   3228   2716 S   0.0   0.0   0:00.10 bash
  844 root      20   0    7864   2984   2628 R   0.0   0.0   0:00.19 top -bc -d 1 -n 6000
  845 root      20   0   96380  90004  12488 S   0.0   1.1   2:46.11 /usr/local/bin/python3.8 /usr/local/bin/zkay run --blockchain-backend w3-eth-tester .+

top - 21:58:14 up 1 day,  1:52,  0 users,  load average: 1.83, 1.25, 0.56
Tasks:   6 total,   2 running,   4 sleeping,   0 stopped,   0 zombie
%Cpu(s):  7.7 us,  0.7 sy,  0.0 ni, 91.7 id,  0.0 wa,  0.0 hi,  0.0 si,  0.0 st
MiB Mem :   7877.2 total,   2267.6 free,   2900.9 used,   2708.7 buff/cache
MiB Swap:   2048.0 total,   2048.0 free,      0.0 used.   4665.4 avail Mem 

  PID USER      PR  NI    VIRT    RES    SHR S  %CPU  %MEM     TIME+ COMMAND
 1392 root      20   0 1612444   1.5g   5136 R 100.0  19.5   0:07.90 /zkay/zkay/jsnark_interface/run_snark proofgen /tmp/tmpb7x0gvo8 /tmp/tmpb7x0gvo8/proo+
    1 root      20   0    3984   3232   2736 S   0.0   0.0   0:00.06 bash
    7 root      20   0    3992   3108   2608 S   0.0   0.0   0:00.08 bash
   13 root      20   0    3988   3228   2716 S   0.0   0.0   0:00.10 bash
  844 root      20   0    7864   2984   2628 R   0.0   0.0   0:00.19 top -bc -d 1 -n 6000
  845 root      20   0   96380  90004  12488 S   0.0   1.1   2:46.11 /usr/local/bin/python3.8 /usr/local/bin/zkay run --blockchain-backend w3-eth-tester .+

top - 21:58:15 up 1 day,  1:52,  0 users,  load average: 1.76, 1.25, 0.57
Tasks:   6 total,   2 running,   4 sleeping,   0 stopped,   0 zombie
%Cpu(s):  7.7 us,  0.6 sy,  0.0 ni, 91.7 id,  0.0 wa,  0.0 hi,  0.0 si,  0.0 st
MiB Mem :   7877.2 total,   2267.6 free,   2900.9 used,   2708.7 buff/cache
MiB Swap:   2048.0 total,   2048.0 free,      0.0 used.   4665.4 avail Mem 

  PID USER      PR  NI    VIRT    RES    SHR S  %CPU  %MEM     TIME+ COMMAND
 1392 root      20   0 1832044   1.7g   5136 R 100.0  22.3   0:08.92 /zkay/zkay/jsnark_interface/run_snark proofgen /tmp/tmpb7x0gvo8 /tmp/tmpb7x0gvo8/proo+
    1 root      20   0    3984   3232   2736 S   0.0   0.0   0:00.06 bash
    7 root      20   0    3992   3108   2608 S   0.0   0.0   0:00.08 bash
   13 root      20   0    3988   3228   2716 S   0.0   0.0   0:00.10 bash
  844 root      20   0    7864   2984   2628 R   0.0   0.0   0:00.19 top -bc -d 1 -n 6000
  845 root      20   0   96380  90004  12488 S   0.0   1.1   2:46.11 /usr/local/bin/python3.8 /usr/local/bin/zkay run --blockchain-backend w3-eth-tester .+

top - 21:58:16 up 1 day,  1:52,  0 users,  load average: 1.76, 1.25, 0.57
Tasks:   6 total,   2 running,   4 sleeping,   0 stopped,   0 zombie
%Cpu(s):  8.3 us,  0.2 sy,  0.0 ni, 90.5 id,  0.2 wa,  0.0 hi,  0.7 si,  0.0 st
MiB Mem :   7877.2 total,   2267.6 free,   2900.9 used,   2708.7 buff/cache
MiB Swap:   2048.0 total,   2048.0 free,      0.0 used.   4665.4 avail Mem 

  PID USER      PR  NI    VIRT    RES    SHR S  %CPU  %MEM     TIME+ COMMAND
 1392 root      20   0 1832044   1.7g   5136 R 100.0  22.3   0:09.92 /zkay/zkay/jsnark_interface/run_snark proofgen /tmp/tmpb7x0gvo8 /tmp/tmpb7x0gvo8/proo+
    1 root      20   0    3984   3232   2736 S   0.0   0.0   0:00.06 bash
    7 root      20   0    3992   3108   2608 S   0.0   0.0   0:00.08 bash
   13 root      20   0    3988   3228   2716 S   0.0   0.0   0:00.10 bash
  844 root      20   0    7864   2984   2628 R   0.0   0.0   0:00.19 top -bc -d 1 -n 6000
  845 root      20   0   96380  90004  12488 S   0.0   1.1   2:46.11 /usr/local/bin/python3.8 /usr/local/bin/zkay run --blockchain-backend w3-eth-tester .+

top - 21:58:17 up 1 day,  1:52,  0 users,  load average: 1.76, 1.25, 0.57
Tasks:   6 total,   2 running,   4 sleeping,   0 stopped,   0 zombie
%Cpu(s):  8.3 us,  0.0 sy,  0.0 ni, 91.7 id,  0.0 wa,  0.0 hi,  0.0 si,  0.0 st
MiB Mem :   7877.2 total,   2049.0 free,   3119.4 used,   2708.7 buff/cache
MiB Swap:   2048.0 total,   2048.0 free,      0.0 used.   4446.8 avail Mem 

  PID USER      PR  NI    VIRT    RES    SHR S  %CPU  %MEM     TIME+ COMMAND
 1392 root      20   0 1832044   1.7g   5136 R 100.0  22.3   0:10.92 /zkay/zkay/jsnark_interface/run_snark proofgen /tmp/tmpb7x0gvo8 /tmp/tmpb7x0gvo8/proo+
    1 root      20   0    3984   3232   2736 S   0.0   0.0   0:00.06 bash
    7 root      20   0    3992   3108   2608 S   0.0   0.0   0:00.08 bash
   13 root      20   0    3988   3228   2716 S   0.0   0.0   0:00.10 bash
  844 root      20   0    7864   2984   2628 R   0.0   0.0   0:00.19 top -bc -d 1 -n 6000
  845 root      20   0   96380  90004  12488 S   0.0   1.1   2:46.11 /usr/local/bin/python3.8 /usr/local/bin/zkay run --blockchain-backend w3-eth-tester .+

top - 21:58:18 up 1 day,  1:52,  0 users,  load average: 1.76, 1.25, 0.57
Tasks:   6 total,   2 running,   4 sleeping,   0 stopped,   0 zombie
%Cpu(s):  8.3 us,  0.2 sy,  0.0 ni, 90.2 id,  0.0 wa,  0.0 hi,  1.3 si,  0.0 st
MiB Mem :   7877.2 total,   2049.0 free,   3119.4 used,   2708.7 buff/cache
MiB Swap:   2048.0 total,   2048.0 free,      0.0 used.   4446.8 avail Mem 

  PID USER      PR  NI    VIRT    RES    SHR S  %CPU  %MEM     TIME+ COMMAND
 1392 root      20   0 1832044   1.7g   5136 R 100.0  22.3   0:11.92 /zkay/zkay/jsnark_interface/run_snark proofgen /tmp/tmpb7x0gvo8 /tmp/tmpb7x0gvo8/proo+
    1 root      20   0    3984   3232   2736 S   0.0   0.0   0:00.06 bash
    7 root      20   0    3992   3108   2608 S   0.0   0.0   0:00.08 bash
   13 root      20   0    3988   3228   2716 S   0.0   0.0   0:00.10 bash
  844 root      20   0    7864   2984   2628 R   0.0   0.0   0:00.19 top -bc -d 1 -n 6000
  845 root      20   0   96380  90004  12488 S   0.0   1.1   2:46.11 /usr/local/bin/python3.8 /usr/local/bin/zkay run --blockchain-backend w3-eth-tester .+

top - 21:58:19 up 1 day,  1:52,  0 users,  load average: 1.76, 1.25, 0.57
Tasks:   6 total,   2 running,   4 sleeping,   0 stopped,   0 zombie
%Cpu(s):  8.0 us,  0.3 sy,  0.0 ni, 91.1 id,  0.0 wa,  0.0 hi,  0.5 si,  0.0 st
MiB Mem :   7877.2 total,   2049.0 free,   3119.4 used,   2708.7 buff/cache
MiB Swap:   2048.0 total,   2048.0 free,      0.0 used.   4446.8 avail Mem 

  PID USER      PR  NI    VIRT    RES    SHR S  %CPU  %MEM     TIME+ COMMAND
 1392 root      20   0 1821632   1.7g   5136 R 100.0  22.4   0:12.92 /zkay/zkay/jsnark_interface/run_snark proofgen /tmp/tmpb7x0gvo8 /tmp/tmpb7x0gvo8/proo+
    1 root      20   0    3984   3232   2736 S   0.0   0.0   0:00.06 bash
    7 root      20   0    3992   3108   2608 S   0.0   0.0   0:00.08 bash
   13 root      20   0    3988   3228   2716 S   0.0   0.0   0:00.10 bash
  844 root      20   0    7864   2984   2628 R   0.0   0.0   0:00.19 top -bc -d 1 -n 6000
  845 root      20   0   96380  90004  12488 S   0.0   1.1   2:46.11 /usr/local/bin/python3.8 /usr/local/bin/zkay run --blockchain-backend w3-eth-tester .+

top - 21:58:20 up 1 day,  1:52,  0 users,  load average: 1.70, 1.24, 0.57
Tasks:   6 total,   2 running,   4 sleeping,   0 stopped,   0 zombie
%Cpu(s):  7.9 us,  0.5 sy,  0.0 ni, 91.6 id,  0.0 wa,  0.0 hi,  0.0 si,  0.0 st
MiB Mem :   7877.2 total,   1907.6 free,   3260.8 used,   2708.8 buff/cache
MiB Swap:   2048.0 total,   2048.0 free,      0.0 used.   4305.4 avail Mem 

  PID USER      PR  NI    VIRT    RES    SHR S  %CPU  %MEM     TIME+ COMMAND
 1392 root      20   0 2138796   1.9g   5136 R 100.0  24.1   0:13.92 /zkay/zkay/jsnark_interface/run_snark proofgen /tmp/tmpb7x0gvo8 /tmp/tmpb7x0gvo8/proo+
    1 root      20   0    3984   3232   2736 S   0.0   0.0   0:00.06 bash
    7 root      20   0    3992   3108   2608 S   0.0   0.0   0:00.08 bash
   13 root      20   0    3988   3228   2716 S   0.0   0.0   0:00.10 bash
  844 root      20   0    7864   2984   2628 R   0.0   0.0   0:00.19 top -bc -d 1 -n 6000
  845 root      20   0   96380  90004  12488 S   0.0   1.1   2:46.11 /usr/local/bin/python3.8 /usr/local/bin/zkay run --blockchain-backend w3-eth-tester .+

top - 21:58:21 up 1 day,  1:52,  0 users,  load average: 1.70, 1.24, 0.57
Tasks:   6 total,   2 running,   4 sleeping,   0 stopped,   0 zombie
%Cpu(s):  8.1 us,  0.2 sy,  0.0 ni, 91.6 id,  0.0 wa,  0.0 hi,  0.1 si,  0.0 st
MiB Mem :   7877.2 total,   1907.6 free,   3260.8 used,   2708.8 buff/cache
MiB Swap:   2048.0 total,   2048.0 free,      0.0 used.   4305.4 avail Mem 

  PID USER      PR  NI    VIRT    RES    SHR S  %CPU  %MEM     TIME+ COMMAND
 1392 root      20   0 2247684   2.0g   5136 R 100.0  25.6   0:14.92 /zkay/zkay/jsnark_interface/run_snark proofgen /tmp/tmpb7x0gvo8 /tmp/tmpb7x0gvo8/proo+
    1 root      20   0    3984   3232   2736 S   0.0   0.0   0:00.06 bash
    7 root      20   0    3992   3108   2608 S   0.0   0.0   0:00.08 bash
   13 root      20   0    3988   3228   2716 S   0.0   0.0   0:00.10 bash
  844 root      20   0    7864   2984   2628 R   0.0   0.0   0:00.19 top -bc -d 1 -n 6000
  845 root      20   0   96380  90004  12488 S   0.0   1.1   2:46.11 /usr/local/bin/python3.8 /usr/local/bin/zkay run --blockchain-backend w3-eth-tester .+

top - 21:58:22 up 1 day,  1:52,  0 users,  load average: 1.70, 1.24, 0.57
Tasks:   6 total,   2 running,   4 sleeping,   0 stopped,   0 zombie
%Cpu(s):  8.1 us,  0.3 sy,  0.0 ni, 91.5 id,  0.0 wa,  0.0 hi,  0.1 si,  0.0 st
MiB Mem :   7877.2 total,   1907.6 free,   3260.8 used,   2708.8 buff/cache
MiB Swap:   2048.0 total,   2048.0 free,      0.0 used.   4305.4 avail Mem 

  PID USER      PR  NI    VIRT    RES    SHR S  %CPU  %MEM     TIME+ COMMAND
 1392 root      20   0 2400160   2.2g   5136 R 100.0  28.8   0:15.93 /zkay/zkay/jsnark_interface/run_snark proofgen /tmp/tmpb7x0gvo8 /tmp/tmpb7x0gvo8/proo+
    1 root      20   0    3984   3232   2736 S   0.0   0.0   0:00.06 bash
    7 root      20   0    3992   3108   2608 S   0.0   0.0   0:00.08 bash
   13 root      20   0    3988   3228   2716 S   0.0   0.0   0:00.10 bash
  844 root      20   0    7864   2984   2628 R   0.0   0.0   0:00.19 top -bc -d 1 -n 6000
  845 root      20   0   96380  90004  12488 S   0.0   1.1   2:46.11 /usr/local/bin/python3.8 /usr/local/bin/zkay run --blockchain-backend w3-eth-tester .+

top - 21:58:23 up 1 day,  1:52,  0 users,  load average: 1.70, 1.24, 0.57
Tasks:   6 total,   2 running,   4 sleeping,   0 stopped,   0 zombie
%Cpu(s): 13.2 us,  1.2 sy,  0.0 ni, 85.5 id,  0.1 wa,  0.0 hi,  0.0 si,  0.0 st
MiB Mem :   7877.2 total,   1305.0 free,   3863.4 used,   2708.8 buff/cache
MiB Swap:   2048.0 total,   2048.0 free,      0.0 used.   3702.8 avail Mem 

  PID USER      PR  NI    VIRT    RES    SHR S  %CPU  %MEM     TIME+ COMMAND
 1392 root      20   0 3386428   2.4g   5136 R 165.0  31.8   0:17.58 /zkay/zkay/jsnark_interface/run_snark proofgen /tmp/tmpb7x0gvo8 /tmp/tmpb7x0gvo8/proo+
    1 root      20   0    3984   3232   2736 S   0.0   0.0   0:00.06 bash
    7 root      20   0    3992   3108   2608 S   0.0   0.0   0:00.08 bash
   13 root      20   0    3988   3228   2716 S   0.0   0.0   0:00.10 bash
  844 root      20   0    7864   2984   2628 R   0.0   0.0   0:00.19 top -bc -d 1 -n 6000
  845 root      20   0   96380  90004  12488 S   0.0   1.1   2:46.11 /usr/local/bin/python3.8 /usr/local/bin/zkay run --blockchain-backend w3-eth-tester .+

top - 21:58:24 up 1 day,  1:52,  0 users,  load average: 1.70, 1.24, 0.57
Tasks:   6 total,   2 running,   4 sleeping,   0 stopped,   0 zombie
%Cpu(s): 34.2 us, 13.0 sy,  0.0 ni, 52.8 id,  0.0 wa,  0.0 hi,  0.0 si,  0.0 st
MiB Mem :   7877.2 total,   1305.0 free,   3863.4 used,   2708.8 buff/cache
MiB Swap:   2048.0 total,   2048.0 free,      0.0 used.   3702.8 avail Mem 

  PID USER      PR  NI    VIRT    RES    SHR S  %CPU  %MEM     TIME+ COMMAND
 1392 root      20   0 3386428   2.7g   5136 R 566.0  35.2   0:23.24 /zkay/zkay/jsnark_interface/run_snark proofgen /tmp/tmpb7x0gvo8 /tmp/tmpb7x0gvo8/proo+
    1 root      20   0    3984   3232   2736 S   0.0   0.0   0:00.06 bash
    7 root      20   0    3992   3108   2608 S   0.0   0.0   0:00.08 bash
   13 root      20   0    3988   3228   2716 S   0.0   0.0   0:00.10 bash
  844 root      20   0    7864   2984   2628 R   0.0   0.0   0:00.19 top -bc -d 1 -n 6000
  845 root      20   0   96380  90004  12488 S   0.0   1.1   2:46.11 /usr/local/bin/python3.8 /usr/local/bin/zkay run --blockchain-backend w3-eth-tester .+

top - 21:58:25 up 1 day,  1:52,  0 users,  load average: 2.53, 1.42, 0.63
Tasks:   6 total,   2 running,   4 sleeping,   0 stopped,   0 zombie
%Cpu(s): 36.5 us,  7.2 sy,  0.0 ni, 56.3 id,  0.0 wa,  0.0 hi,  0.0 si,  0.0 st
MiB Mem :   7877.2 total,   1305.0 free,   3863.4 used,   2708.8 buff/cache
MiB Swap:   2048.0 total,   2048.0 free,      0.0 used.   3702.8 avail Mem 

  PID USER      PR  NI    VIRT    RES    SHR S  %CPU  %MEM     TIME+ COMMAND
 1392 root      20   0 3200856   2.7g   5136 R 541.0  35.2   0:28.65 /zkay/zkay/jsnark_interface/run_snark proofgen /tmp/tmpb7x0gvo8 /tmp/tmpb7x0gvo8/proo+
    1 root      20   0    3984   3232   2736 S   0.0   0.0   0:00.06 bash
    7 root      20   0    3992   3108   2608 S   0.0   0.0   0:00.08 bash
   13 root      20   0    3988   3228   2716 S   0.0   0.0   0:00.10 bash
  844 root      20   0    7864   2984   2628 R   0.0   0.0   0:00.19 top -bc -d 1 -n 6000
  845 root      20   0   96380  90004  12488 S   0.0   1.1   2:46.11 /usr/local/bin/python3.8 /usr/local/bin/zkay run --blockchain-backend w3-eth-tester .+

top - 21:58:26 up 1 day,  1:52,  0 users,  load average: 2.53, 1.42, 0.63
Tasks:   6 total,   2 running,   4 sleeping,   0 stopped,   0 zombie
%Cpu(s):  8.3 us,  0.0 sy,  0.0 ni, 91.7 id,  0.0 wa,  0.0 hi,  0.0 si,  0.0 st
MiB Mem :   7877.2 total,   1055.0 free,   4113.4 used,   2708.8 buff/cache
MiB Swap:   2048.0 total,   2048.0 free,      0.0 used.   3452.8 avail Mem 

  PID USER      PR  NI    VIRT    RES    SHR S  %CPU  %MEM     TIME+ COMMAND
 1392 root      20   0 3168084   2.7g   5136 R 100.0  35.0   0:29.65 /zkay/zkay/jsnark_interface/run_snark proofgen /tmp/tmpb7x0gvo8 /tmp/tmpb7x0gvo8/proo+
    1 root      20   0    3984   3232   2736 S   0.0   0.0   0:00.06 bash
    7 root      20   0    3992   3108   2608 S   0.0   0.0   0:00.08 bash
   13 root      20   0    3988   3228   2716 S   0.0   0.0   0:00.10 bash
  844 root      20   0    7864   2984   2628 R   0.0   0.0   0:00.19 top -bc -d 1 -n 6000
  845 root      20   0   96380  90004  12488 S   0.0   1.1   2:46.11 /usr/local/bin/python3.8 /usr/local/bin/zkay run --blockchain-backend w3-eth-tester .+

top - 21:58:27 up 1 day,  1:52,  0 users,  load average: 2.53, 1.42, 0.63
Tasks:   6 total,   2 running,   4 sleeping,   0 stopped,   0 zombie
%Cpu(s):  8.2 us,  0.2 sy,  0.0 ni, 91.6 id,  0.0 wa,  0.0 hi,  0.0 si,  0.0 st
MiB Mem :   7877.2 total,   1055.0 free,   4113.4 used,   2708.8 buff/cache
MiB Swap:   2048.0 total,   2048.0 free,      0.0 used.   3452.8 avail Mem 

  PID USER      PR  NI    VIRT    RES    SHR S  %CPU  %MEM     TIME+ COMMAND
 1392 root      20   0 3204168   2.7g   5136 R  99.0  35.5   0:30.64 /zkay/zkay/jsnark_interface/run_snark proofgen /tmp/tmpb7x0gvo8 /tmp/tmpb7x0gvo8/proo+
    1 root      20   0    3984   3232   2736 S   0.0   0.0   0:00.06 bash
    7 root      20   0    3992   3108   2608 S   0.0   0.0   0:00.08 bash
   13 root      20   0    3988   3228   2716 S   0.0   0.0   0:00.10 bash
  844 root      20   0    7864   2984   2628 R   0.0   0.0   0:00.19 top -bc -d 1 -n 6000
  845 root      20   0   96380  90004  12488 S   0.0   1.1   2:46.11 /usr/local/bin/python3.8 /usr/local/bin/zkay run --blockchain-backend w3-eth-tester .+

top - 21:58:28 up 1 day,  1:52,  0 users,  load average: 2.53, 1.42, 0.63
Tasks:   6 total,   2 running,   4 sleeping,   0 stopped,   0 zombie
%Cpu(s):  8.0 us,  1.7 sy,  0.0 ni, 89.8 id,  0.0 wa,  0.0 hi,  0.5 si,  0.0 st
MiB Mem :   7877.2 total,   1055.0 free,   4113.4 used,   2708.8 buff/cache
MiB Swap:   2048.0 total,   2048.0 free,      0.0 used.   3452.8 avail Mem 

  PID USER      PR  NI    VIRT    RES    SHR S  %CPU  %MEM     TIME+ COMMAND
 1392 root      20   0 3168084   2.6g   5136 R 100.0  34.1   0:31.64 /zkay/zkay/jsnark_interface/run_snark proofgen /tmp/tmpb7x0gvo8 /tmp/tmpb7x0gvo8/proo+
    1 root      20   0    3984   3232   2736 S   0.0   0.0   0:00.06 bash
    7 root      20   0    3992   3108   2608 S   0.0   0.0   0:00.08 bash
   13 root      20   0    3988   3228   2716 S   0.0   0.0   0:00.10 bash
  844 root      20   0    7864   2984   2628 R   0.0   0.0   0:00.19 top -bc -d 1 -n 6000
  845 root      20   0   96380  90004  12488 S   0.0   1.1   2:46.11 /usr/local/bin/python3.8 /usr/local/bin/zkay run --blockchain-backend w3-eth-tester .+

top - 21:58:29 up 1 day,  1:52,  0 users,  load average: 2.53, 1.42, 0.63
Tasks:   6 total,   2 running,   4 sleeping,   0 stopped,   0 zombie
%Cpu(s):  7.5 us,  1.0 sy,  0.0 ni, 91.2 id,  0.0 wa,  0.0 hi,  0.3 si,  0.0 st
MiB Mem :   7877.2 total,   1067.8 free,   4100.6 used,   2708.8 buff/cache
MiB Swap:   2048.0 total,   2048.0 free,      0.0 used.   3465.7 avail Mem 

  PID USER      PR  NI    VIRT    RES    SHR S  %CPU  %MEM     TIME+ COMMAND
 1392 root      20   0 3168084   2.7g   5136 R  99.0  34.8   0:32.64 /zkay/zkay/jsnark_interface/run_snark proofgen /tmp/tmpb7x0gvo8 /tmp/tmpb7x0gvo8/proo+
    1 root      20   0    3984   3232   2736 S   0.0   0.0   0:00.06 bash
    7 root      20   0    3992   3108   2608 S   0.0   0.0   0:00.08 bash
   13 root      20   0    3988   3228   2716 S   0.0   0.0   0:00.10 bash
  844 root      20   0    7864   2984   2628 R   0.0   0.0   0:00.19 top -bc -d 1 -n 6000
  845 root      20   0   96380  90004  12488 S   0.0   1.1   2:46.11 /usr/local/bin/python3.8 /usr/local/bin/zkay run --blockchain-backend w3-eth-tester .+

top - 21:58:30 up 1 day,  1:52,  0 users,  load average: 2.40, 1.41, 0.63
Tasks:   6 total,   2 running,   4 sleeping,   0 stopped,   0 zombie
%Cpu(s): 13.3 us,  0.2 sy,  0.0 ni, 86.6 id,  0.0 wa,  0.0 hi,  0.0 si,  0.0 st
MiB Mem :   7877.2 total,   1067.8 free,   4100.6 used,   2708.8 buff/cache
MiB Swap:   2048.0 total,   2048.0 free,      0.0 used.   3465.7 avail Mem 

  PID USER      PR  NI    VIRT    RES    SHR S  %CPU  %MEM     TIME+ COMMAND
 1392 root      20   0 3168084   2.7g   5136 R 160.0  35.0   0:34.24 /zkay/zkay/jsnark_interface/run_snark proofgen /tmp/tmpb7x0gvo8 /tmp/tmpb7x0gvo8/proo+
    1 root      20   0    3984   3232   2736 S   0.0   0.0   0:00.06 bash
    7 root      20   0    3992   3108   2608 S   0.0   0.0   0:00.08 bash
   13 root      20   0    3988   3228   2716 S   0.0   0.0   0:00.10 bash
  844 root      20   0    7864   2984   2628 R   0.0   0.0   0:00.19 top -bc -d 1 -n 6000
  845 root      20   0   96380  90004  12488 S   0.0   1.1   2:46.11 /usr/local/bin/python3.8 /usr/local/bin/zkay run --blockchain-backend w3-eth-tester .+

top - 21:58:31 up 1 day,  1:52,  0 users,  load average: 2.40, 1.41, 0.63
Tasks:   6 total,   2 running,   4 sleeping,   0 stopped,   0 zombie
%Cpu(s): 26.2 us,  0.0 sy,  0.0 ni, 73.8 id,  0.0 wa,  0.0 hi,  0.0 si,  0.0 st
MiB Mem :   7877.2 total,   1067.8 free,   4100.6 used,   2708.8 buff/cache
MiB Swap:   2048.0 total,   2048.0 free,      0.0 used.   3465.7 avail Mem 

  PID USER      PR  NI    VIRT    RES    SHR S  %CPU  %MEM     TIME+ COMMAND
 1392 root      20   0 3168084   2.7g   5136 R 302.0  35.0   0:37.26 /zkay/zkay/jsnark_interface/run_snark proofgen /tmp/tmpb7x0gvo8 /tmp/tmpb7x0gvo8/proo+
    1 root      20   0    3984   3232   2736 S   0.0   0.0   0:00.06 bash
    7 root      20   0    3992   3108   2608 S   0.0   0.0   0:00.08 bash
   13 root      20   0    3988   3228   2716 S   0.0   0.0   0:00.10 bash
  844 root      20   0    7864   2984   2628 R   0.0   0.0   0:00.19 top -bc -d 1 -n 6000
  845 root      20   0   96380  90004  12488 S   0.0   1.1   2:46.11 /usr/local/bin/python3.8 /usr/local/bin/zkay run --blockchain-backend w3-eth-tester .+

top - 21:58:32 up 1 day,  1:52,  0 users,  load average: 2.40, 1.41, 0.63
Tasks:   6 total,   2 running,   4 sleeping,   0 stopped,   0 zombie
%Cpu(s): 27.3 us,  0.1 sy,  0.0 ni, 72.5 id,  0.0 wa,  0.0 hi,  0.1 si,  0.0 st
MiB Mem :   7877.2 total,   1049.1 free,   4119.3 used,   2708.8 buff/cache
MiB Swap:   2048.0 total,   2048.0 free,      0.0 used.   3446.9 avail Mem 

  PID USER      PR  NI    VIRT    RES    SHR S  %CPU  %MEM     TIME+ COMMAND
 1392 root      20   0 3168084   2.7g   5136 R 332.0  35.0   0:40.58 /zkay/zkay/jsnark_interface/run_snark proofgen /tmp/tmpb7x0gvo8 /tmp/tmpb7x0gvo8/proo+
    1 root      20   0    3984   3232   2736 S   0.0   0.0   0:00.06 bash
    7 root      20   0    3992   3108   2608 S   0.0   0.0   0:00.08 bash
   13 root      20   0    3988   3228   2716 S   0.0   0.0   0:00.10 bash
  844 root      20   0    7864   2984   2628 R   0.0   0.0   0:00.19 top -bc -d 1 -n 6000
  845 root      20   0   96380  90004  12488 S   0.0   1.1   2:46.11 /usr/local/bin/python3.8 /usr/local/bin/zkay run --blockchain-backend w3-eth-tester .+

top - 21:58:33 up 1 day,  1:52,  0 users,  load average: 2.40, 1.41, 0.63
Tasks:   6 total,   2 running,   4 sleeping,   0 stopped,   0 zombie
%Cpu(s): 22.9 us,  0.3 sy,  0.0 ni, 76.7 id,  0.1 wa,  0.0 hi,  0.0 si,  0.0 st
MiB Mem :   7877.2 total,   1049.1 free,   4119.3 used,   2708.8 buff/cache
MiB Swap:   2048.0 total,   2048.0 free,      0.0 used.   3446.9 avail Mem 

  PID USER      PR  NI    VIRT    RES    SHR S  %CPU  %MEM     TIME+ COMMAND
 1392 root      20   0 3168084   2.7g   5136 R 272.0  35.0   0:43.30 /zkay/zkay/jsnark_interface/run_snark proofgen /tmp/tmpb7x0gvo8 /tmp/tmpb7x0gvo8/proo+
    1 root      20   0    3984   3232   2736 S   0.0   0.0   0:00.06 bash
    7 root      20   0    3992   3108   2608 S   0.0   0.0   0:00.08 bash
   13 root      20   0    3988   3228   2716 S   0.0   0.0   0:00.10 bash
  844 root      20   0    7864   2984   2628 R   0.0   0.0   0:00.19 top -bc -d 1 -n 6000
  845 root      20   0   96380  90004  12488 S   0.0   1.1   2:46.11 /usr/local/bin/python3.8 /usr/local/bin/zkay run --blockchain-backend w3-eth-tester .+

top - 21:58:34 up 1 day,  1:52,  0 users,  load average: 2.40, 1.41, 0.63
Tasks:   6 total,   2 running,   4 sleeping,   0 stopped,   0 zombie
%Cpu(s): 15.7 us,  0.0 sy,  0.0 ni, 84.3 id,  0.0 wa,  0.0 hi,  0.0 si,  0.0 st
MiB Mem :   7877.2 total,   1049.1 free,   4119.3 used,   2708.8 buff/cache
MiB Swap:   2048.0 total,   2048.0 free,      0.0 used.   3446.9 avail Mem 

  PID USER      PR  NI    VIRT    RES    SHR S  %CPU  %MEM     TIME+ COMMAND
 1392 root      20   0 3168084   2.7g   5136 R 202.0  35.0   0:45.32 /zkay/zkay/jsnark_interface/run_snark proofgen /tmp/tmpb7x0gvo8 /tmp/tmpb7x0gvo8/proo+
    1 root      20   0    3984   3232   2736 S   0.0   0.0   0:00.06 bash
    7 root      20   0    3992   3108   2608 S   0.0   0.0   0:00.08 bash
   13 root      20   0    3988   3228   2716 S   0.0   0.0   0:00.10 bash
  844 root      20   0    7864   2984   2628 R   0.0   0.0   0:00.19 top -bc -d 1 -n 6000
  845 root      20   0   96380  90004  12488 S   0.0   1.1   2:46.11 /usr/local/bin/python3.8 /usr/local/bin/zkay run --blockchain-backend w3-eth-tester .+

top - 21:58:35 up 1 day,  1:52,  0 users,  load average: 2.53, 1.46, 0.65
Tasks:   6 total,   2 running,   4 sleeping,   0 stopped,   0 zombie
%Cpu(s): 22.1 us,  0.1 sy,  0.0 ni, 77.7 id,  0.1 wa,  0.0 hi,  0.0 si,  0.0 st
MiB Mem :   7877.2 total,   1048.8 free,   4119.5 used,   2708.8 buff/cache
MiB Swap:   2048.0 total,   2048.0 free,      0.0 used.   3446.7 avail Mem 

  PID USER      PR  NI    VIRT    RES    SHR S  %CPU  %MEM     TIME+ COMMAND
 1392 root      20   0 3168084   2.7g   5136 R 248.0  35.0   0:47.80 /zkay/zkay/jsnark_interface/run_snark proofgen /tmp/tmpb7x0gvo8 /tmp/tmpb7x0gvo8/proo+
    1 root      20   0    3984   3232   2736 S   0.0   0.0   0:00.06 bash
    7 root      20   0    3992   3108   2608 S   0.0   0.0   0:00.08 bash
   13 root      20   0    3988   3228   2716 S   0.0   0.0   0:00.10 bash
  844 root      20   0    7864   2984   2628 R   0.0   0.0   0:00.19 top -bc -d 1 -n 6000
  845 root      20   0   96380  90004  12488 S   0.0   1.1   2:46.11 /usr/local/bin/python3.8 /usr/local/bin/zkay run --blockchain-backend w3-eth-tester .+

top - 21:58:36 up 1 day,  1:52,  0 users,  load average: 2.53, 1.46, 0.65
Tasks:   6 total,   2 running,   4 sleeping,   0 stopped,   0 zombie
%Cpu(s): 53.1 us,  0.1 sy,  0.0 ni, 46.8 id,  0.0 wa,  0.0 hi,  0.0 si,  0.0 st
MiB Mem :   7877.2 total,   1048.8 free,   4119.5 used,   2708.8 buff/cache
MiB Swap:   2048.0 total,   2048.0 free,      0.0 used.   3446.7 avail Mem 

  PID USER      PR  NI    VIRT    RES    SHR S  %CPU  %MEM     TIME+ COMMAND
 1392 root      20   0 3168084   2.7g   5136 R 642.6  35.0   0:54.29 /zkay/zkay/jsnark_interface/run_snark proofgen /tmp/tmpb7x0gvo8 /tmp/tmpb7x0gvo8/proo+
    1 root      20   0    3984   3232   2736 S   0.0   0.0   0:00.06 bash
    7 root      20   0    3992   3108   2608 S   0.0   0.0   0:00.08 bash
   13 root      20   0    3988   3228   2716 S   0.0   0.0   0:00.10 bash
  844 root      20   0    7864   2984   2628 R   0.0   0.0   0:00.19 top -bc -d 1 -n 6000
  845 root      20   0   96380  90004  12488 S   0.0   1.1   2:46.11 /usr/local/bin/python3.8 /usr/local/bin/zkay run --blockchain-backend w3-eth-tester .+

top - 21:58:37 up 1 day,  1:52,  0 users,  load average: 2.53, 1.46, 0.65
Tasks:   6 total,   2 running,   4 sleeping,   0 stopped,   0 zombie
%Cpu(s): 98.4 us,  0.1 sy,  0.0 ni,  1.5 id,  0.0 wa,  0.0 hi,  0.0 si,  0.0 st
MiB Mem :   7877.2 total,   1048.8 free,   4119.5 used,   2708.8 buff/cache
MiB Swap:   2048.0 total,   2048.0 free,      0.0 used.   3446.7 avail Mem 

  PID USER      PR  NI    VIRT    RES    SHR S  %CPU  %MEM     TIME+ COMMAND
 1392 root      20   0 3168084   2.7g   5136 R  1177  35.0   1:06.06 /zkay/zkay/jsnark_interface/run_snark proofgen /tmp/tmpb7x0gvo8 /tmp/tmpb7x0gvo8/proo+
    1 root      20   0    3984   3232   2736 S   0.0   0.0   0:00.06 bash
    7 root      20   0    3992   3108   2608 S   0.0   0.0   0:00.08 bash
   13 root      20   0    3988   3228   2716 S   0.0   0.0   0:00.10 bash
  844 root      20   0    7864   2984   2628 R   0.0   0.0   0:00.19 top -bc -d 1 -n 6000
  845 root      20   0   96380  90004  12488 S   0.0   1.1   2:46.11 /usr/local/bin/python3.8 /usr/local/bin/zkay run --blockchain-backend w3-eth-tester .+

top - 21:58:38 up 1 day,  1:52,  0 users,  load average: 2.53, 1.46, 0.65
Tasks:   6 total,   2 running,   4 sleeping,   0 stopped,   0 zombie
%Cpu(s): 99.5 us,  0.5 sy,  0.0 ni,  0.0 id,  0.0 wa,  0.0 hi,  0.0 si,  0.0 st
MiB Mem :   7877.2 total,   1047.6 free,   4120.7 used,   2708.8 buff/cache
MiB Swap:   2048.0 total,   2048.0 free,      0.0 used.   3445.5 avail Mem 

  PID USER      PR  NI    VIRT    RES    SHR S  %CPU  %MEM     TIME+ COMMAND
 1392 root      20   0 3168084   2.7g   5136 R  1176  35.0   1:17.82 /zkay/zkay/jsnark_interface/run_snark proofgen /tmp/tmpb7x0gvo8 /tmp/tmpb7x0gvo8/proo+
    1 root      20   0    3984   3232   2736 S   0.0   0.0   0:00.06 bash
    7 root      20   0    3992   3108   2608 S   0.0   0.0   0:00.08 bash
   13 root      20   0    3988   3228   2716 S   0.0   0.0   0:00.10 bash
  844 root      20   0    7864   2984   2628 R   0.0   0.0   0:00.19 top -bc -d 1 -n 6000
  845 root      20   0   96380  90004  12488 S   0.0   1.1   2:46.11 /usr/local/bin/python3.8 /usr/local/bin/zkay run --blockchain-backend w3-eth-tester .+

top - 21:58:39 up 1 day,  1:52,  0 users,  load average: 2.53, 1.46, 0.65
Tasks:   6 total,   2 running,   4 sleeping,   0 stopped,   0 zombie
%Cpu(s): 99.7 us,  0.3 sy,  0.0 ni,  0.0 id,  0.0 wa,  0.0 hi,  0.0 si,  0.0 st
MiB Mem :   7877.2 total,   1047.6 free,   4120.7 used,   2708.8 buff/cache
MiB Swap:   2048.0 total,   2048.0 free,      0.0 used.   3445.5 avail Mem 

  PID USER      PR  NI    VIRT    RES    SHR S  %CPU  %MEM     TIME+ COMMAND
 1392 root      20   0 3168084   2.7g   5136 R  1183  35.0   1:29.65 /zkay/zkay/jsnark_interface/run_snark proofgen /tmp/tmpb7x0gvo8 /tmp/tmpb7x0gvo8/proo+
    1 root      20   0    3984   3232   2736 S   0.0   0.0   0:00.06 bash
    7 root      20   0    3992   3108   2608 S   0.0   0.0   0:00.08 bash
   13 root      20   0    3988   3228   2716 S   0.0   0.0   0:00.10 bash
  844 root      20   0    7864   2984   2628 R   0.0   0.0   0:00.19 top -bc -d 1 -n 6000
  845 root      20   0   96380  90004  12488 S   0.0   1.1   2:46.11 /usr/local/bin/python3.8 /usr/local/bin/zkay run --blockchain-backend w3-eth-tester .+

top - 21:58:40 up 1 day,  1:52,  0 users,  load average: 3.29, 1.63, 0.71
Tasks:   6 total,   2 running,   4 sleeping,   0 stopped,   0 zombie
%Cpu(s): 69.9 us,  0.0 sy,  0.0 ni, 30.1 id,  0.0 wa,  0.0 hi,  0.0 si,  0.0 st
MiB Mem :   7877.2 total,   1047.6 free,   4120.7 used,   2708.8 buff/cache
MiB Swap:   2048.0 total,   2048.0 free,      0.0 used.   3445.5 avail Mem 

  PID USER      PR  NI    VIRT    RES    SHR S  %CPU  %MEM     TIME+ COMMAND
 1392 root      20   0 3168084   2.7g   5136 R 846.0  35.0   1:38.11 /zkay/zkay/jsnark_interface/run_snark proofgen /tmp/tmpb7x0gvo8 /tmp/tmpb7x0gvo8/proo+
  845 root      20   0   96380  90004  12488 S   1.0   1.1   2:46.12 /usr/local/bin/python3.8 /usr/local/bin/zkay run --blockchain-backend w3-eth-tester .+
    1 root      20   0    3984   3232   2736 S   0.0   0.0   0:00.06 bash
    7 root      20   0    3992   3108   2608 S   0.0   0.0   0:00.08 bash
   13 root      20   0    3988   3228   2716 S   0.0   0.0   0:00.10 bash
  844 root      20   0    7864   2984   2628 R   0.0   0.0   0:00.19 top -bc -d 1 -n 6000

top - 21:58:41 up 1 day,  1:52,  0 users,  load average: 3.29, 1.63, 0.71
Tasks:   5 total,   2 running,   3 sleeping,   0 stopped,   0 zombie
%Cpu(s):  7.5 us,  0.8 sy,  0.0 ni, 91.4 id,  0.0 wa,  0.0 hi,  0.3 si,  0.0 st
MiB Mem :   7877.2 total,   3876.6 free,   1361.8 used,   2638.8 buff/cache
MiB Swap:   2048.0 total,   2048.0 free,      0.0 used.   6204.7 avail Mem 

  PID USER      PR  NI    VIRT    RES    SHR S  %CPU  %MEM     TIME+ COMMAND
  845 root      20   0   96380  90004  12488 R  77.0   1.1   2:46.89 /usr/local/bin/python3.8 /usr/local/bin/zkay run --blockchain-backend w3-eth-tester .+
    1 root      20   0    3984   3232   2736 S   0.0   0.0   0:00.06 bash
    7 root      20   0    3992   3108   2608 S   0.0   0.0   0:00.08 bash
   13 root      20   0    3988   3228   2716 S   0.0   0.0   0:00.10 bash
  844 root      20   0    7864   2984   2628 R   0.0   0.0   0:00.19 top -bc -d 1 -n 6000

top - 21:58:42 up 1 day,  1:52,  0 users,  load average: 3.29, 1.63, 0.71
Tasks:   5 total,   2 running,   3 sleeping,   0 stopped,   0 zombie
%Cpu(s):  8.4 us,  0.6 sy,  0.0 ni, 91.0 id,  0.0 wa,  0.0 hi,  0.0 si,  0.0 st
MiB Mem :   7877.2 total,   3876.6 free,   1361.8 used,   2638.8 buff/cache
MiB Swap:   2048.0 total,   2048.0 free,      0.0 used.   6204.7 avail Mem 

  PID USER      PR  NI    VIRT    RES    SHR S  %CPU  %MEM     TIME+ COMMAND
  845 root      20   0   96380  90004  12488 R 100.0   1.1   2:47.90 /usr/local/bin/python3.8 /usr/local/bin/zkay run --blockchain-backend w3-eth-tester .+
    1 root      20   0    3984   3232   2736 S   0.0   0.0   0:00.06 bash
    7 root      20   0    3992   3108   2608 S   0.0   0.0   0:00.08 bash
   13 root      20   0    3988   3228   2716 S   0.0   0.0   0:00.10 bash
  844 root      20   0    7864   2984   2628 R   0.0   0.0   0:00.19 top -bc -d 1 -n 6000

top - 21:58:43 up 1 day,  1:52,  0 users,  load average: 3.29, 1.63, 0.71
Tasks:   5 total,   2 running,   3 sleeping,   0 stopped,   0 zombie
%Cpu(s):  8.2 us,  0.1 sy,  0.0 ni, 91.7 id,  0.0 wa,  0.0 hi,  0.0 si,  0.0 st
MiB Mem :   7877.2 total,   3876.6 free,   1361.8 used,   2638.8 buff/cache
MiB Swap:   2048.0 total,   2048.0 free,      0.0 used.   6204.7 avail Mem 

  PID USER      PR  NI    VIRT    RES    SHR S  %CPU  %MEM     TIME+ COMMAND
  845 root      20   0   96380  90004  12488 R 100.0   1.1   2:48.90 /usr/local/bin/python3.8 /usr/local/bin/zkay run --blockchain-backend w3-eth-tester .+
    1 root      20   0    3984   3232   2736 S   0.0   0.0   0:00.06 bash
    7 root      20   0    3992   3108   2608 S   0.0   0.0   0:00.08 bash
   13 root      20   0    3988   3228   2716 S   0.0   0.0   0:00.10 bash
  844 root      20   0    7864   2984   2628 R   0.0   0.0   0:00.19 top -bc -d 1 -n 6000

top - 21:58:44 up 1 day,  1:52,  0 users,  load average: 3.29, 1.63, 0.71
Tasks:   5 total,   2 running,   3 sleeping,   0 stopped,   0 zombie
%Cpu(s):  8.3 us,  0.0 sy,  0.0 ni, 91.7 id,  0.0 wa,  0.0 hi,  0.0 si,  0.0 st
MiB Mem :   7877.2 total,   3770.5 free,   1467.9 used,   2638.7 buff/cache
MiB Swap:   2048.0 total,   2048.0 free,      0.0 used.   6098.3 avail Mem 

  PID USER      PR  NI    VIRT    RES    SHR S  %CPU  %MEM     TIME+ COMMAND
  845 root      20   0   96380  90004  12488 R 100.0   1.1   2:49.90 /usr/local/bin/python3.8 /usr/local/bin/zkay run --blockchain-backend w3-eth-tester .+
    1 root      20   0    3984   3232   2736 S   0.0   0.0   0:00.06 bash
    7 root      20   0    3992   3108   2608 S   0.0   0.0   0:00.08 bash
   13 root      20   0    3988   3228   2716 S   0.0   0.0   0:00.10 bash
  844 root      20   0    7864   2984   2628 R   0.0   0.0   0:00.19 top -bc -d 1 -n 6000

top - 21:58:45 up 1 day,  1:52,  0 users,  load average: 3.11, 1.62, 0.71
Tasks:   5 total,   2 running,   3 sleeping,   0 stopped,   0 zombie
%Cpu(s):  8.3 us,  0.2 sy,  0.0 ni, 91.3 id,  0.1 wa,  0.0 hi,  0.0 si,  0.0 st
MiB Mem :   7877.2 total,   3770.5 free,   1467.9 used,   2638.7 buff/cache
MiB Swap:   2048.0 total,   2048.0 free,      0.0 used.   6098.3 avail Mem 

  PID USER      PR  NI    VIRT    RES    SHR S  %CPU  %MEM     TIME+ COMMAND
  845 root      20   0   96380  90004  12488 R 100.0   1.1   2:50.90 /usr/local/bin/python3.8 /usr/local/bin/zkay run --blockchain-backend w3-eth-tester .+
    1 root      20   0    3984   3232   2736 S   0.0   0.0   0:00.06 bash
    7 root      20   0    3992   3108   2608 S   0.0   0.0   0:00.08 bash
   13 root      20   0    3988   3228   2716 S   0.0   0.0   0:00.10 bash
  844 root      20   0    7864   2984   2628 R   0.0   0.0   0:00.19 top -bc -d 1 -n 6000

top - 21:58:46 up 1 day,  1:52,  0 users,  load average: 3.11, 1.62, 0.71
Tasks:   5 total,   2 running,   3 sleeping,   0 stopped,   0 zombie
%Cpu(s):  8.6 us,  0.0 sy,  0.0 ni, 91.4 id,  0.0 wa,  0.0 hi,  0.1 si,  0.0 st
MiB Mem :   7877.2 total,   3770.5 free,   1467.9 used,   2638.7 buff/cache
MiB Swap:   2048.0 total,   2048.0 free,      0.0 used.   6098.3 avail Mem 

  PID USER      PR  NI    VIRT    RES    SHR S  %CPU  %MEM     TIME+ COMMAND
  845 root      20   0   96380  90004  12488 R 100.0   1.1   2:51.90 /usr/local/bin/python3.8 /usr/local/bin/zkay run --blockchain-backend w3-eth-tester .+
    1 root      20   0    3984   3232   2736 S   0.0   0.0   0:00.06 bash
    7 root      20   0    3992   3108   2608 S   0.0   0.0   0:00.08 bash
   13 root      20   0    3988   3228   2716 S   0.0   0.0   0:00.10 bash
  844 root      20   0    7864   2984   2628 R   0.0   0.0   0:00.19 top -bc -d 1 -n 6000

top - 21:58:47 up 1 day,  1:52,  0 users,  load average: 3.11, 1.62, 0.71
Tasks:   5 total,   2 running,   3 sleeping,   0 stopped,   0 zombie
%Cpu(s):  8.3 us,  0.3 sy,  0.0 ni, 91.4 id,  0.0 wa,  0.0 hi,  0.0 si,  0.0 st
MiB Mem :   7877.2 total,   3876.5 free,   1361.9 used,   2638.7 buff/cache
MiB Swap:   2048.0 total,   2048.0 free,      0.0 used.   6204.3 avail Mem 

  PID USER      PR  NI    VIRT    RES    SHR S  %CPU  %MEM     TIME+ COMMAND
  845 root      20   0   96380  90004  12488 R 100.0   1.1   2:52.90 /usr/local/bin/python3.8 /usr/local/bin/zkay run --blockchain-backend w3-eth-tester .+
    1 root      20   0    3984   3232   2736 S   0.0   0.0   0:00.06 bash
    7 root      20   0    3992   3108   2608 S   0.0   0.0   0:00.08 bash
   13 root      20   0    3988   3228   2716 S   0.0   0.0   0:00.10 bash
  844 root      20   0    7864   2984   2628 R   0.0   0.0   0:00.19 top -bc -d 1 -n 6000

top - 21:58:48 up 1 day,  1:52,  0 users,  load average: 3.11, 1.62, 0.71
Tasks:   5 total,   2 running,   3 sleeping,   0 stopped,   0 zombie
%Cpu(s):  8.5 us,  0.7 sy,  0.0 ni, 89.3 id,  0.0 wa,  0.0 hi,  1.5 si,  0.0 st
MiB Mem :   7877.2 total,   3876.5 free,   1361.9 used,   2638.7 buff/cache
MiB Swap:   2048.0 total,   2048.0 free,      0.0 used.   6204.3 avail Mem 

  PID USER      PR  NI    VIRT    RES    SHR S  %CPU  %MEM     TIME+ COMMAND
  845 root      20   0   96380  90004  12488 R 100.0   1.1   2:53.90 /usr/local/bin/python3.8 /usr/local/bin/zkay run --blockchain-backend w3-eth-tester .+
    1 root      20   0    3984   3232   2736 S   0.0   0.0   0:00.06 bash
    7 root      20   0    3992   3108   2608 S   0.0   0.0   0:00.08 bash
   13 root      20   0    3988   3228   2716 S   0.0   0.0   0:00.10 bash
  844 root      20   0    7864   2984   2628 R   0.0   0.0   0:00.19 top -bc -d 1 -n 6000

top - 21:58:49 up 1 day,  1:52,  0 users,  load average: 3.11, 1.62, 0.71
Tasks:   5 total,   2 running,   3 sleeping,   0 stopped,   0 zombie
%Cpu(s):  8.6 us,  0.4 sy,  0.0 ni, 91.0 id,  0.0 wa,  0.0 hi,  0.0 si,  0.0 st
MiB Mem :   7877.2 total,   3876.5 free,   1361.9 used,   2638.7 buff/cache
MiB Swap:   2048.0 total,   2048.0 free,      0.0 used.   6204.3 avail Mem 

  PID USER      PR  NI    VIRT    RES    SHR S  %CPU  %MEM     TIME+ COMMAND
  845 root      20   0   96380  90004  12488 R 100.0   1.1   2:54.91 /usr/local/bin/python3.8 /usr/local/bin/zkay run --blockchain-backend w3-eth-tester .+
    1 root      20   0    3984   3232   2736 S   0.0   0.0   0:00.06 bash
    7 root      20   0    3992   3108   2608 S   0.0   0.0   0:00.08 bash
   13 root      20   0    3988   3228   2716 S   0.0   0.0   0:00.10 bash
  844 root      20   0    7864   2984   2628 R   0.0   0.0   0:00.19 top -bc -d 1 -n 6000

top - 21:58:50 up 1 day,  1:52,  0 users,  load average: 2.94, 1.61, 0.72
Tasks:   5 total,   2 running,   3 sleeping,   0 stopped,   0 zombie
%Cpu(s):  8.7 us,  0.2 sy,  0.0 ni, 91.1 id,  0.0 wa,  0.0 hi,  0.0 si,  0.0 st
MiB Mem :   7877.2 total,   3872.1 free,   1366.4 used,   2638.7 buff/cache
MiB Swap:   2048.0 total,   2048.0 free,      0.0 used.   6199.8 avail Mem 

  PID USER      PR  NI    VIRT    RES    SHR S  %CPU  %MEM     TIME+ COMMAND
  845 root      20   0   96380  90004  12488 R  99.0   1.1   2:55.91 /usr/local/bin/python3.8 /usr/local/bin/zkay run --blockchain-backend w3-eth-tester .+
    1 root      20   0    3984   3232   2736 S   0.0   0.0   0:00.06 bash
    7 root      20   0    3992   3108   2608 S   0.0   0.0   0:00.08 bash
   13 root      20   0    3988   3228   2716 S   0.0   0.0   0:00.10 bash
  844 root      20   0    7864   2984   2628 R   0.0   0.0   0:00.19 top -bc -d 1 -n 6000

top - 21:58:51 up 1 day,  1:52,  0 users,  load average: 2.94, 1.61, 0.72
Tasks:   5 total,   2 running,   3 sleeping,   0 stopped,   0 zombie
%Cpu(s):  8.3 us,  0.3 sy,  0.0 ni, 91.3 id,  0.0 wa,  0.0 hi,  0.1 si,  0.0 st
MiB Mem :   7877.2 total,   3872.1 free,   1366.4 used,   2638.7 buff/cache
MiB Swap:   2048.0 total,   2048.0 free,      0.0 used.   6199.8 avail Mem 

  PID USER      PR  NI    VIRT    RES    SHR S  %CPU  %MEM     TIME+ COMMAND
  845 root      20   0   96380  90004  12488 R 100.0   1.1   2:56.91 /usr/local/bin/python3.8 /usr/local/bin/zkay run --blockchain-backend w3-eth-tester .+
    1 root      20   0    3984   3232   2736 S   0.0   0.0   0:00.06 bash
    7 root      20   0    3992   3108   2608 S   0.0   0.0   0:00.08 bash
   13 root      20   0    3988   3228   2716 S   0.0   0.0   0:00.10 bash
  844 root      20   0    7864   2984   2628 R   0.0   0.0   0:00.19 top -bc -d 1 -n 6000

top - 21:58:52 up 1 day,  1:52,  0 users,  load average: 2.94, 1.61, 0.72
Tasks:   5 total,   2 running,   3 sleeping,   0 stopped,   0 zombie
%Cpu(s):  8.3 us,  0.0 sy,  0.0 ni, 91.6 id,  0.0 wa,  0.0 hi,  0.1 si,  0.0 st
MiB Mem :   7877.2 total,   3872.1 free,   1366.4 used,   2638.7 buff/cache
MiB Swap:   2048.0 total,   2048.0 free,      0.0 used.   6199.8 avail Mem 

  PID USER      PR  NI    VIRT    RES    SHR S  %CPU  %MEM     TIME+ COMMAND
  845 root      20   0   96380  90004  12488 R 100.0   1.1   2:57.91 /usr/local/bin/python3.8 /usr/local/bin/zkay run --blockchain-backend w3-eth-tester .+
    1 root      20   0    3984   3232   2736 S   0.0   0.0   0:00.06 bash
    7 root      20   0    3992   3108   2608 S   0.0   0.0   0:00.08 bash
   13 root      20   0    3988   3228   2716 S   0.0   0.0   0:00.10 bash
  844 root      20   0    7864   2984   2628 R   0.0   0.0   0:00.19 top -bc -d 1 -n 6000

top - 21:58:53 up 1 day,  1:52,  0 users,  load average: 2.94, 1.61, 0.72
Tasks:   5 total,   2 running,   3 sleeping,   0 stopped,   0 zombie
%Cpu(s):  8.3 us,  0.3 sy,  0.0 ni, 91.3 id,  0.0 wa,  0.0 hi,  0.1 si,  0.0 st
MiB Mem :   7877.2 total,   3874.1 free,   1364.3 used,   2638.7 buff/cache
MiB Swap:   2048.0 total,   2048.0 free,      0.0 used.   6201.9 avail Mem 

  PID USER      PR  NI    VIRT    RES    SHR S  %CPU  %MEM     TIME+ COMMAND
  845 root      20   0   96380  90004  12488 R 100.0   1.1   2:58.91 /usr/local/bin/python3.8 /usr/local/bin/zkay run --blockchain-backend w3-eth-tester .+
    1 root      20   0    3984   3232   2736 S   0.0   0.0   0:00.06 bash
    7 root      20   0    3992   3108   2608 S   0.0   0.0   0:00.08 bash
   13 root      20   0    3988   3228   2716 S   0.0   0.0   0:00.10 bash
  844 root      20   0    7864   2984   2628 R   0.0   0.0   0:00.19 top -bc -d 1 -n 6000

top - 21:58:54 up 1 day,  1:53,  0 users,  load average: 2.94, 1.61, 0.72
Tasks:   5 total,   2 running,   3 sleeping,   0 stopped,   0 zombie
%Cpu(s):  8.3 us,  0.1 sy,  0.0 ni, 91.6 id,  0.0 wa,  0.0 hi,  0.0 si,  0.0 st
MiB Mem :   7877.2 total,   3874.1 free,   1364.3 used,   2638.7 buff/cache
MiB Swap:   2048.0 total,   2048.0 free,      0.0 used.   6201.9 avail Mem 

  PID USER      PR  NI    VIRT    RES    SHR S  %CPU  %MEM     TIME+ COMMAND
  845 root      20   0   96380  90004  12488 R 100.0   1.1   2:59.91 /usr/local/bin/python3.8 /usr/local/bin/zkay run --blockchain-backend w3-eth-tester .+
    1 root      20   0    3984   3232   2736 S   0.0   0.0   0:00.06 bash
    7 root      20   0    3992   3108   2608 S   0.0   0.0   0:00.08 bash
   13 root      20   0    3988   3228   2716 S   0.0   0.0   0:00.10 bash
  844 root      20   0    7864   2984   2628 R   0.0   0.0   0:00.19 top -bc -d 1 -n 6000

top - 21:58:55 up 1 day,  1:53,  0 users,  load average: 2.78, 1.60, 0.72
Tasks:   5 total,   2 running,   3 sleeping,   0 stopped,   0 zombie
%Cpu(s):  8.3 us,  0.2 sy,  0.0 ni, 91.4 id,  0.0 wa,  0.0 hi,  0.0 si,  0.0 st
MiB Mem :   7877.2 total,   3874.1 free,   1364.3 used,   2638.7 buff/cache
MiB Swap:   2048.0 total,   2048.0 free,      0.0 used.   6201.9 avail Mem 

  PID USER      PR  NI    VIRT    RES    SHR S  %CPU  %MEM     TIME+ COMMAND
  845 root      20   0   96380  90004  12488 R 100.0   1.1   3:00.91 /usr/local/bin/python3.8 /usr/local/bin/zkay run --blockchain-backend w3-eth-tester .+
  844 root      20   0    7864   2984   2628 R   1.0   0.0   0:00.20 top -bc -d 1 -n 6000
    1 root      20   0    3984   3232   2736 S   0.0   0.0   0:00.06 bash
    7 root      20   0    3992   3108   2608 S   0.0   0.0   0:00.08 bash
   13 root      20   0    3988   3228   2716 S   0.0   0.0   0:00.10 bash

top - 21:58:56 up 1 day,  1:53,  0 users,  load average: 2.78, 1.60, 0.72
Tasks:   5 total,   2 running,   3 sleeping,   0 stopped,   0 zombie
%Cpu(s):  8.4 us,  0.1 sy,  0.0 ni, 91.5 id,  0.0 wa,  0.0 hi,  0.0 si,  0.0 st
MiB Mem :   7877.2 total,   3874.1 free,   1364.3 used,   2638.7 buff/cache
MiB Swap:   2048.0 total,   2048.0 free,      0.0 used.   6201.9 avail Mem 

  PID USER      PR  NI    VIRT    RES    SHR S  %CPU  %MEM     TIME+ COMMAND
  845 root      20   0   96380  90004  12488 R 100.0   1.1   3:01.92 /usr/local/bin/python3.8 /usr/local/bin/zkay run --blockchain-backend w3-eth-tester .+
    1 root      20   0    3984   3232   2736 S   0.0   0.0   0:00.06 bash
    7 root      20   0    3992   3108   2608 S   0.0   0.0   0:00.08 bash
   13 root      20   0    3988   3228   2716 S   0.0   0.0   0:00.10 bash
  844 root      20   0    7864   2984   2628 R   0.0   0.0   0:00.20 top -bc -d 1 -n 6000

top - 21:58:57 up 1 day,  1:53,  0 users,  load average: 2.78, 1.60, 0.72
Tasks:   6 total,   1 running,   5 sleeping,   0 stopped,   0 zombie
%Cpu(s): 13.7 us,  2.0 sy,  0.0 ni, 83.6 id,  0.2 wa,  0.0 hi,  0.5 si,  0.0 st
MiB Mem :   7877.2 total,   3874.1 free,   1364.3 used,   2638.7 buff/cache
MiB Swap:   2048.0 total,   2048.0 free,      0.0 used.   6201.9 avail Mem 

  PID USER      PR  NI    VIRT    RES    SHR S  %CPU  %MEM     TIME+ COMMAND
 1404 root      20   0   19.2g 197860  25588 S 112.9   2.5   0:01.14 java -Xms4096m -Xmx16384m -cp /zkay/zkay/jsnark_interface/JsnarkCircuitBuilder.jar:/z+
  845 root      20   0   96380  90004  12488 S  60.4   1.1   3:02.53 /usr/local/bin/python3.8 /usr/local/bin/zkay run --blockchain-backend w3-eth-tester .+
  844 root      20   0    7864   2984   2628 R   1.0   0.0   0:00.21 top -bc -d 1 -n 6000
    1 root      20   0    3984   3232   2736 S   0.0   0.0   0:00.06 bash
    7 root      20   0    3992   3108   2608 S   0.0   0.0   0:00.08 bash
   13 root      20   0    3988   3228   2716 S   0.0   0.0   0:00.10 bash

top - 21:58:58 up 1 day,  1:53,  0 users,  load average: 2.78, 1.60, 0.72
Tasks:   6 total,   1 running,   5 sleeping,   0 stopped,   0 zombie
%Cpu(s): 32.6 us,  6.5 sy,  0.0 ni, 59.3 id,  0.0 wa,  0.0 hi,  1.6 si,  0.0 st
MiB Mem :   7877.2 total,   3874.1 free,   1364.3 used,   2638.7 buff/cache
MiB Swap:   2048.0 total,   2048.0 free,      0.0 used.   6201.9 avail Mem 

  PID USER      PR  NI    VIRT    RES    SHR S  %CPU  %MEM     TIME+ COMMAND
 1404 root      20   0   20.3g 504212  25712 S 468.0   6.3   0:05.82 java -Xms4096m -Xmx16384m -cp /zkay/zkay/jsnark_interface/JsnarkCircuitBuilder.jar:/z+
  845 root      20   0   96380  90004  12488 S   1.0   1.1   3:02.54 /usr/local/bin/python3.8 /usr/local/bin/zkay run --blockchain-backend w3-eth-tester .+
    1 root      20   0    3984   3232   2736 S   0.0   0.0   0:00.06 bash
    7 root      20   0    3992   3108   2608 S   0.0   0.0   0:00.08 bash
   13 root      20   0    3988   3228   2716 S   0.0   0.0   0:00.10 bash
  844 root      20   0    7864   2984   2628 R   0.0   0.0   0:00.21 top -bc -d 1 -n 6000

top - 21:58:59 up 1 day,  1:53,  0 users,  load average: 2.78, 1.60, 0.72
Tasks:   6 total,   2 running,   4 sleeping,   0 stopped,   0 zombie
%Cpu(s):  8.1 us,  0.7 sy,  0.0 ni, 90.2 id,  0.0 wa,  0.0 hi,  1.0 si,  0.0 st
MiB Mem :   7877.2 total,   3801.2 free,   1408.7 used,   2667.2 buff/cache
MiB Swap:   2048.0 total,   2048.0 free,      0.0 used.   6157.5 avail Mem 

  PID USER      PR  NI    VIRT    RES    SHR S  %CPU  %MEM     TIME+ COMMAND
 1442 root      20   0   48640  43940   5000 R  80.0   0.5   0:00.80 /zkay/zkay/jsnark_interface/run_snark proofgen /tmp/tmpi9q7epav /tmp/tmpi9q7epav/proo+
    1 root      20   0    3984   3232   2736 S   0.0   0.0   0:00.06 bash
    7 root      20   0    3992   3108   2608 S   0.0   0.0   0:00.08 bash
   13 root      20   0    3988   3228   2716 S   0.0   0.0   0:00.10 bash
  844 root      20   0    7864   2984   2628 R   0.0   0.0   0:00.21 top -bc -d 1 -n 6000
  845 root      20   0   96380  90004  12488 S   0.0   1.1   3:02.54 /usr/local/bin/python3.8 /usr/local/bin/zkay run --blockchain-backend w3-eth-tester .+

top - 21:59:00 up 1 day,  1:53,  0 users,  load average: 2.64, 1.59, 0.72
Tasks:   6 total,   2 running,   4 sleeping,   0 stopped,   0 zombie
%Cpu(s):  7.6 us,  0.8 sy,  0.0 ni, 91.6 id,  0.0 wa,  0.0 hi,  0.0 si,  0.0 st
MiB Mem :   7877.2 total,   3801.2 free,   1408.7 used,   2667.2 buff/cache
MiB Swap:   2048.0 total,   2048.0 free,      0.0 used.   6157.5 avail Mem 

  PID USER      PR  NI    VIRT    RES    SHR S  %CPU  %MEM     TIME+ COMMAND
 1442 root      20   0  330208 323524   5092 R  99.0   4.0   0:01.80 /zkay/zkay/jsnark_interface/run_snark proofgen /tmp/tmpi9q7epav /tmp/tmpi9q7epav/proo+
  844 root      20   0    7864   2984   2628 R   1.0   0.0   0:00.22 top -bc -d 1 -n 6000
    1 root      20   0    3984   3232   2736 S   0.0   0.0   0:00.06 bash
    7 root      20   0    3992   3108   2608 S   0.0   0.0   0:00.08 bash
   13 root      20   0    3988   3228   2716 S   0.0   0.0   0:00.10 bash
  845 root      20   0   96380  90004  12488 S   0.0   1.1   3:02.54 /usr/local/bin/python3.8 /usr/local/bin/zkay run --blockchain-backend w3-eth-tester .+

top - 21:59:01 up 1 day,  1:53,  0 users,  load average: 2.64, 1.59, 0.72
Tasks:   6 total,   2 running,   4 sleeping,   0 stopped,   0 zombie
%Cpu(s):  7.7 us,  0.9 sy,  0.0 ni, 91.3 id,  0.0 wa,  0.0 hi,  0.0 si,  0.0 st
MiB Mem :   7877.2 total,   3801.2 free,   1408.7 used,   2667.2 buff/cache
MiB Swap:   2048.0 total,   2048.0 free,      0.0 used.   6157.5 avail Mem 

  PID USER      PR  NI    VIRT    RES    SHR S  %CPU  %MEM     TIME+ COMMAND
 1442 root      20   0  569196 558192   5092 R 100.0   6.9   0:02.80 /zkay/zkay/jsnark_interface/run_snark proofgen /tmp/tmpi9q7epav /tmp/tmpi9q7epav/proo+
    1 root      20   0    3984   3232   2736 S   0.0   0.0   0:00.06 bash
    7 root      20   0    3992   3108   2608 S   0.0   0.0   0:00.08 bash
   13 root      20   0    3988   3228   2716 S   0.0   0.0   0:00.10 bash
  844 root      20   0    7864   2984   2628 R   0.0   0.0   0:00.22 top -bc -d 1 -n 6000
  845 root      20   0   96380  90004  12488 S   0.0   1.1   3:02.54 /usr/local/bin/python3.8 /usr/local/bin/zkay run --blockchain-backend w3-eth-tester .+

top - 21:59:02 up 1 day,  1:53,  0 users,  load average: 2.64, 1.59, 0.72
Tasks:   6 total,   2 running,   4 sleeping,   0 stopped,   0 zombie
%Cpu(s):  7.7 us,  0.7 sy,  0.0 ni, 91.6 id,  0.0 wa,  0.0 hi,  0.0 si,  0.0 st
MiB Mem :   7877.2 total,   3075.8 free,   2134.1 used,   2667.2 buff/cache
MiB Swap:   2048.0 total,   2048.0 free,      0.0 used.   5432.1 avail Mem 

  PID USER      PR  NI    VIRT    RES    SHR S  %CPU  %MEM     TIME+ COMMAND
 1442 root      20   0  791628 785888   5092 R 100.0   9.7   0:03.81 /zkay/zkay/jsnark_interface/run_snark proofgen /tmp/tmpi9q7epav /tmp/tmpi9q7epav/proo+
    1 root      20   0    3984   3232   2736 S   0.0   0.0   0:00.06 bash
    7 root      20   0    3992   3108   2608 S   0.0   0.0   0:00.08 bash
   13 root      20   0    3988   3228   2716 S   0.0   0.0   0:00.10 bash
  844 root      20   0    7864   2984   2628 R   0.0   0.0   0:00.22 top -bc -d 1 -n 6000
  845 root      20   0   96380  90004  12488 S   0.0   1.1   3:02.54 /usr/local/bin/python3.8 /usr/local/bin/zkay run --blockchain-backend w3-eth-tester .+

top - 21:59:03 up 1 day,  1:53,  0 users,  load average: 2.64, 1.59, 0.72
Tasks:   6 total,   2 running,   4 sleeping,   0 stopped,   0 zombie
%Cpu(s):  8.3 us,  0.1 sy,  0.0 ni, 91.4 id,  0.1 wa,  0.0 hi,  0.1 si,  0.0 st
MiB Mem :   7877.2 total,   3075.8 free,   2134.1 used,   2667.2 buff/cache
MiB Swap:   2048.0 total,   2048.0 free,      0.0 used.   5432.1 avail Mem 

  PID USER      PR  NI    VIRT    RES    SHR S  %CPU  %MEM     TIME+ COMMAND
 1442 root      20   0  804036 798296   5092 R 100.0   9.9   0:04.81 /zkay/zkay/jsnark_interface/run_snark proofgen /tmp/tmpi9q7epav /tmp/tmpi9q7epav/proo+
    1 root      20   0    3984   3232   2736 S   0.0   0.0   0:00.06 bash
    7 root      20   0    3992   3108   2608 S   0.0   0.0   0:00.08 bash
   13 root      20   0    3988   3228   2716 S   0.0   0.0   0:00.10 bash
  844 root      20   0    7864   2984   2628 R   0.0   0.0   0:00.22 top -bc -d 1 -n 6000
  845 root      20   0   96380  90004  12488 S   0.0   1.1   3:02.54 /usr/local/bin/python3.8 /usr/local/bin/zkay run --blockchain-backend w3-eth-tester .+

top - 21:59:04 up 1 day,  1:53,  0 users,  load average: 2.64, 1.59, 0.72
Tasks:   6 total,   2 running,   4 sleeping,   0 stopped,   0 zombie
%Cpu(s):  8.2 us,  0.2 sy,  0.0 ni, 91.7 id,  0.0 wa,  0.0 hi,  0.0 si,  0.0 st
MiB Mem :   7877.2 total,   3075.8 free,   2134.1 used,   2667.2 buff/cache
MiB Swap:   2048.0 total,   2048.0 free,      0.0 used.   5432.1 avail Mem 

  PID USER      PR  NI    VIRT    RES    SHR S  %CPU  %MEM     TIME+ COMMAND
 1442 root      20   0  921000 840668   5092 R 100.0  10.4   0:05.81 /zkay/zkay/jsnark_interface/run_snark proofgen /tmp/tmpi9q7epav /tmp/tmpi9q7epav/proo+
    1 root      20   0    3984   3232   2736 S   0.0   0.0   0:00.06 bash
    7 root      20   0    3992   3108   2608 S   0.0   0.0   0:00.08 bash
   13 root      20   0    3988   3228   2716 S   0.0   0.0   0:00.10 bash
  844 root      20   0    7864   2984   2628 R   0.0   0.0   0:00.22 top -bc -d 1 -n 6000
  845 root      20   0   96380  90004  12488 S   0.0   1.1   3:02.54 /usr/local/bin/python3.8 /usr/local/bin/zkay run --blockchain-backend w3-eth-tester .+

top - 21:59:05 up 1 day,  1:53,  0 users,  load average: 2.51, 1.58, 0.72
Tasks:   6 total,   2 running,   4 sleeping,   0 stopped,   0 zombie
%Cpu(s):  8.2 us,  0.2 sy,  0.0 ni, 91.7 id,  0.0 wa,  0.0 hi,  0.0 si,  0.0 st
MiB Mem :   7877.2 total,   2867.2 free,   2342.8 used,   2667.2 buff/cache
MiB Swap:   2048.0 total,   2048.0 free,      0.0 used.   5223.4 avail Mem 

  PID USER      PR  NI    VIRT    RES    SHR S  %CPU  %MEM     TIME+ COMMAND
 1442 root      20   0 1041112 997584   5092 R 100.0  12.4   0:06.81 /zkay/zkay/jsnark_interface/run_snark proofgen /tmp/tmpi9q7epav /tmp/tmpi9q7epav/proo+
    1 root      20   0    3984   3232   2736 S   0.0   0.0   0:00.06 bash
    7 root      20   0    3992   3108   2608 S   0.0   0.0   0:00.08 bash
   13 root      20   0    3988   3228   2716 S   0.0   0.0   0:00.10 bash
  844 root      20   0    7864   2984   2628 R   0.0   0.0   0:00.22 top -bc -d 1 -n 6000
  845 root      20   0   96380  90004  12488 S   0.0   1.1   3:02.54 /usr/local/bin/python3.8 /usr/local/bin/zkay run --blockchain-backend w3-eth-tester .+

top - 21:59:06 up 1 day,  1:53,  0 users,  load average: 2.51, 1.58, 0.72
Tasks:   6 total,   2 running,   4 sleeping,   0 stopped,   0 zombie
%Cpu(s): 35.3 us,  4.8 sy,  0.0 ni, 59.8 id,  0.1 wa,  0.0 hi,  0.1 si,  0.0 st
MiB Mem :   7877.2 total,   2867.2 free,   2342.8 used,   2667.2 buff/cache
MiB Swap:   2048.0 total,   2048.0 free,      0.0 used.   5223.4 avail Mem 

  PID USER      PR  NI    VIRT    RES    SHR S  %CPU  %MEM     TIME+ COMMAND
 1442 root      20   0 1946984   1.2g   5092 R 513.0  16.2   0:11.94 /zkay/zkay/jsnark_interface/run_snark proofgen /tmp/tmpi9q7epav /tmp/tmpi9q7epav/proo+
    1 root      20   0    3984   3232   2736 S   0.0   0.0   0:00.06 bash
    7 root      20   0    3992   3108   2608 S   0.0   0.0   0:00.08 bash
   13 root      20   0    3988   3228   2716 S   0.0   0.0   0:00.10 bash
  844 root      20   0    7864   2984   2628 R   0.0   0.0   0:00.22 top -bc -d 1 -n 6000
  845 root      20   0   96380  90004  12488 S   0.0   1.1   3:02.54 /usr/local/bin/python3.8 /usr/local/bin/zkay run --blockchain-backend w3-eth-tester .+

top - 21:59:07 up 1 day,  1:53,  0 users,  load average: 2.51, 1.58, 0.72
Tasks:   6 total,   2 running,   4 sleeping,   0 stopped,   0 zombie
%Cpu(s): 28.7 us,  0.9 sy,  0.0 ni, 70.3 id,  0.0 wa,  0.0 hi,  0.0 si,  0.0 st
MiB Mem :   7877.2 total,   2867.2 free,   2342.8 used,   2667.2 buff/cache
MiB Swap:   2048.0 total,   2048.0 free,      0.0 used.   5223.4 avail Mem 

  PID USER      PR  NI    VIRT    RES    SHR S  %CPU  %MEM     TIME+ COMMAND
 1442 root      20   0 1889004   1.3g   5092 R 358.0  16.4   0:15.52 /zkay/zkay/jsnark_interface/run_snark proofgen /tmp/tmpi9q7epav /tmp/tmpi9q7epav/proo+
    1 root      20   0    3984   3232   2736 S   0.0   0.0   0:00.06 bash
    7 root      20   0    3992   3108   2608 S   0.0   0.0   0:00.08 bash
   13 root      20   0    3988   3228   2716 S   0.0   0.0   0:00.10 bash
  844 root      20   0    7864   2984   2628 R   0.0   0.0   0:00.22 top -bc -d 1 -n 6000
  845 root      20   0   96380  90004  12488 S   0.0   1.1   3:02.54 /usr/local/bin/python3.8 /usr/local/bin/zkay run --blockchain-backend w3-eth-tester .+

top - 21:59:08 up 1 day,  1:53,  0 users,  load average: 2.51, 1.58, 0.72
Tasks:   6 total,   2 running,   4 sleeping,   0 stopped,   0 zombie
%Cpu(s):  8.6 us,  1.0 sy,  0.0 ni, 89.9 id,  0.0 wa,  0.0 hi,  0.5 si,  0.0 st
MiB Mem :   7877.2 total,   2599.2 free,   2610.8 used,   2667.2 buff/cache
MiB Swap:   2048.0 total,   2048.0 free,      0.0 used.   4955.4 avail Mem 

  PID USER      PR  NI    VIRT    RES    SHR S  %CPU  %MEM     TIME+ COMMAND
 1442 root      20   0 1854616   1.2g   5092 R 100.0  15.9   0:16.52 /zkay/zkay/jsnark_interface/run_snark proofgen /tmp/tmpi9q7epav /tmp/tmpi9q7epav/proo+
    1 root      20   0    3984   3232   2736 S   0.0   0.0   0:00.06 bash
    7 root      20   0    3992   3108   2608 S   0.0   0.0   0:00.08 bash
   13 root      20   0    3988   3228   2716 S   0.0   0.0   0:00.10 bash
  844 root      20   0    7864   2984   2628 R   0.0   0.0   0:00.22 top -bc -d 1 -n 6000
  845 root      20   0   96380  90004  12488 S   0.0   1.1   3:02.54 /usr/local/bin/python3.8 /usr/local/bin/zkay run --blockchain-backend w3-eth-tester .+

top - 21:59:09 up 1 day,  1:53,  0 users,  load average: 2.51, 1.58, 0.72
Tasks:   6 total,   2 running,   4 sleeping,   0 stopped,   0 zombie
%Cpu(s): 20.0 us,  0.6 sy,  0.0 ni, 79.4 id,  0.0 wa,  0.0 hi,  0.0 si,  0.0 st
MiB Mem :   7877.2 total,   2599.2 free,   2610.8 used,   2667.2 buff/cache
MiB Swap:   2048.0 total,   2048.0 free,      0.0 used.   4955.4 avail Mem 

  PID USER      PR  NI    VIRT    RES    SHR S  %CPU  %MEM     TIME+ COMMAND
 1442 root      20   0 1854616   1.2g   5092 R 249.5  15.9   0:19.04 /zkay/zkay/jsnark_interface/run_snark proofgen /tmp/tmpi9q7epav /tmp/tmpi9q7epav/proo+
    1 root      20   0    3984   3232   2736 S   0.0   0.0   0:00.06 bash
    7 root      20   0    3992   3108   2608 S   0.0   0.0   0:00.08 bash
   13 root      20   0    3988   3228   2716 S   0.0   0.0   0:00.10 bash
  844 root      20   0    7864   2984   2628 R   0.0   0.0   0:00.22 top -bc -d 1 -n 6000
  845 root      20   0   96380  90004  12488 S   0.0   1.1   3:02.54 /usr/local/bin/python3.8 /usr/local/bin/zkay run --blockchain-backend w3-eth-tester .+

top - 21:59:10 up 1 day,  1:53,  0 users,  load average: 2.63, 1.62, 0.74
Tasks:   6 total,   2 running,   4 sleeping,   0 stopped,   0 zombie
%Cpu(s): 29.1 us,  0.1 sy,  0.0 ni, 70.8 id,  0.0 wa,  0.0 hi,  0.0 si,  0.0 st
MiB Mem :   7877.2 total,   2599.2 free,   2610.8 used,   2667.2 buff/cache
MiB Swap:   2048.0 total,   2048.0 free,      0.0 used.   4955.4 avail Mem 

  PID USER      PR  NI    VIRT    RES    SHR S  %CPU  %MEM     TIME+ COMMAND
 1442 root      20   0 1854616   1.2g   5092 R 347.0  15.9   0:22.51 /zkay/zkay/jsnark_interface/run_snark proofgen /tmp/tmpi9q7epav /tmp/tmpi9q7epav/proo+
    1 root      20   0    3984   3232   2736 S   0.0   0.0   0:00.06 bash
    7 root      20   0    3992   3108   2608 S   0.0   0.0   0:00.08 bash
   13 root      20   0    3988   3228   2716 S   0.0   0.0   0:00.10 bash
  844 root      20   0    7864   2984   2628 R   0.0   0.0   0:00.22 top -bc -d 1 -n 6000
  845 root      20   0   96380  90004  12488 S   0.0   1.1   3:02.54 /usr/local/bin/python3.8 /usr/local/bin/zkay run --blockchain-backend w3-eth-tester .+

top - 21:59:11 up 1 day,  1:53,  0 users,  load average: 2.63, 1.62, 0.74
Tasks:   6 total,   2 running,   4 sleeping,   0 stopped,   0 zombie
%Cpu(s): 64.2 us,  0.0 sy,  0.0 ni, 35.8 id,  0.0 wa,  0.0 hi,  0.0 si,  0.0 st
MiB Mem :   7877.2 total,   2597.3 free,   2612.6 used,   2667.2 buff/cache
MiB Swap:   2048.0 total,   2048.0 free,      0.0 used.   4953.6 avail Mem 

  PID USER      PR  NI    VIRT    RES    SHR S  %CPU  %MEM     TIME+ COMMAND
 1442 root      20   0 1854616   1.2g   5092 R 773.0  15.9   0:30.24 /zkay/zkay/jsnark_interface/run_snark proofgen /tmp/tmpi9q7epav /tmp/tmpi9q7epav/proo+
    1 root      20   0    3984   3232   2736 S   0.0   0.0   0:00.06 bash
    7 root      20   0    3992   3108   2608 S   0.0   0.0   0:00.08 bash
   13 root      20   0    3988   3228   2716 S   0.0   0.0   0:00.10 bash
  844 root      20   0    7864   2984   2628 R   0.0   0.0   0:00.22 top -bc -d 1 -n 6000
  845 root      20   0   96380  90004  12488 S   0.0   1.1   3:02.54 /usr/local/bin/python3.8 /usr/local/bin/zkay run --blockchain-backend w3-eth-tester .+

top - 21:59:12 up 1 day,  1:53,  0 users,  load average: 2.63, 1.62, 0.74
Tasks:   6 total,   2 running,   4 sleeping,   0 stopped,   0 zombie
%Cpu(s): 99.2 us,  0.0 sy,  0.0 ni,  0.8 id,  0.0 wa,  0.0 hi,  0.0 si,  0.0 st
MiB Mem :   7877.2 total,   2597.3 free,   2612.6 used,   2667.2 buff/cache
MiB Swap:   2048.0 total,   2048.0 free,      0.0 used.   4953.6 avail Mem 

  PID USER      PR  NI    VIRT    RES    SHR S  %CPU  %MEM     TIME+ COMMAND
 1442 root      20   0 1854616   1.2g   5092 R  1190  15.9   0:42.14 /zkay/zkay/jsnark_interface/run_snark proofgen /tmp/tmpi9q7epav /tmp/tmpi9q7epav/proo+
    1 root      20   0    3984   3232   2736 S   0.0   0.0   0:00.06 bash
    7 root      20   0    3992   3108   2608 S   0.0   0.0   0:00.08 bash
   13 root      20   0    3988   3228   2716 S   0.0   0.0   0:00.10 bash
  844 root      20   0    7864   2984   2628 R   0.0   0.0   0:00.22 top -bc -d 1 -n 6000
  845 root      20   0   96380  90004  12488 S   0.0   1.1   3:02.54 /usr/local/bin/python3.8 /usr/local/bin/zkay run --blockchain-backend w3-eth-tester .+

top - 21:59:13 up 1 day,  1:53,  0 users,  load average: 2.63, 1.62, 0.74
Tasks:   5 total,   2 running,   3 sleeping,   0 stopped,   0 zombie
%Cpu(s): 41.9 us,  0.3 sy,  0.0 ni, 57.4 id,  0.0 wa,  0.0 hi,  0.3 si,  0.0 st
MiB Mem :   7877.2 total,   2597.3 free,   2612.6 used,   2667.2 buff/cache
MiB Swap:   2048.0 total,   2048.0 free,      0.0 used.   4953.6 avail Mem 

  PID USER      PR  NI    VIRT    RES    SHR S  %CPU  %MEM     TIME+ COMMAND
  845 root      20   0   96380  90004  12488 R  40.6   1.1   3:02.95 /usr/local/bin/python3.8 /usr/local/bin/zkay run --blockchain-backend w3-eth-tester .+
    1 root      20   0    3984   3232   2736 S   0.0   0.0   0:00.06 bash
    7 root      20   0    3992   3108   2608 S   0.0   0.0   0:00.08 bash
   13 root      20   0    3988   3228   2716 S   0.0   0.0   0:00.10 bash
  844 root      20   0    7864   2984   2628 R   0.0   0.0   0:00.22 top -bc -d 1 -n 6000

top - 21:59:14 up 1 day,  1:53,  0 users,  load average: 2.63, 1.62, 0.74
Tasks:   5 total,   2 running,   3 sleeping,   0 stopped,   0 zombie
%Cpu(s):  8.4 us,  0.0 sy,  0.0 ni, 91.6 id,  0.0 wa,  0.0 hi,  0.0 si,  0.0 st
MiB Mem :   7877.2 total,   3873.9 free,   1364.4 used,   2638.9 buff/cache
MiB Swap:   2048.0 total,   2048.0 free,      0.0 used.   6201.8 avail Mem 

  PID USER      PR  NI    VIRT    RES    SHR S  %CPU  %MEM     TIME+ COMMAND
  845 root      20   0   96380  90004  12488 R 100.0   1.1   3:03.95 /usr/local/bin/python3.8 /usr/local/bin/zkay run --blockchain-backend w3-eth-tester .+
    1 root      20   0    3984   3232   2736 S   0.0   0.0   0:00.06 bash
    7 root      20   0    3992   3108   2608 S   0.0   0.0   0:00.08 bash
   13 root      20   0    3988   3228   2716 S   0.0   0.0   0:00.10 bash
  844 root      20   0    7864   2984   2628 R   0.0   0.0   0:00.22 top -bc -d 1 -n 6000

top - 21:59:15 up 1 day,  1:53,  0 users,  load average: 2.50, 1.61, 0.74
Tasks:   5 total,   2 running,   3 sleeping,   0 stopped,   0 zombie
%Cpu(s):  8.3 us,  0.6 sy,  0.0 ni, 91.1 id,  0.1 wa,  0.0 hi,  0.0 si,  0.0 st
MiB Mem :   7877.2 total,   3873.9 free,   1364.4 used,   2638.9 buff/cache
MiB Swap:   2048.0 total,   2048.0 free,      0.0 used.   6201.8 avail Mem 

  PID USER      PR  NI    VIRT    RES    SHR S  %CPU  %MEM     TIME+ COMMAND
  845 root      20   0   96380  90004  12488 R 100.0   1.1   3:04.95 /usr/local/bin/python3.8 /usr/local/bin/zkay run --blockchain-backend w3-eth-tester .+
    1 root      20   0    3984   3232   2736 S   0.0   0.0   0:00.06 bash
    7 root      20   0    3992   3108   2608 S   0.0   0.0   0:00.08 bash
   13 root      20   0    3988   3228   2716 S   0.0   0.0   0:00.10 bash
  844 root      20   0    7864   2984   2628 R   0.0   0.0   0:00.22 top -bc -d 1 -n 6000

top - 21:59:16 up 1 day,  1:53,  0 users,  load average: 2.50, 1.61, 0.74
Tasks:   5 total,   2 running,   3 sleeping,   0 stopped,   0 zombie
%Cpu(s):  8.3 us,  0.0 sy,  0.0 ni, 91.7 id,  0.0 wa,  0.0 hi,  0.0 si,  0.0 st
MiB Mem :   7877.2 total,   3873.9 free,   1364.4 used,   2638.9 buff/cache
MiB Swap:   2048.0 total,   2048.0 free,      0.0 used.   6201.8 avail Mem 

  PID USER      PR  NI    VIRT    RES    SHR S  %CPU  %MEM     TIME+ COMMAND
  845 root      20   0   96380  90004  12488 R 100.0   1.1   3:05.95 /usr/local/bin/python3.8 /usr/local/bin/zkay run --blockchain-backend w3-eth-tester .+
    1 root      20   0    3984   3232   2736 S   0.0   0.0   0:00.06 bash
    7 root      20   0    3992   3108   2608 S   0.0   0.0   0:00.08 bash
   13 root      20   0    3988   3228   2716 S   0.0   0.0   0:00.10 bash
  844 root      20   0    7864   2984   2628 R   0.0   0.0   0:00.22 top -bc -d 1 -n 6000

top - 21:59:17 up 1 day,  1:53,  0 users,  load average: 2.50, 1.61, 0.74
Tasks:   5 total,   2 running,   3 sleeping,   0 stopped,   0 zombie
%Cpu(s):  8.3 us,  0.2 sy,  0.0 ni, 91.3 id,  0.0 wa,  0.0 hi,  0.1 si,  0.0 st
MiB Mem :   7877.2 total,   3873.5 free,   1364.8 used,   2638.9 buff/cache
MiB Swap:   2048.0 total,   2048.0 free,      0.0 used.   6201.4 avail Mem 

  PID USER      PR  NI    VIRT    RES    SHR S  %CPU  %MEM     TIME+ COMMAND
  845 root      20   0   96380  90004  12488 R 100.0   1.1   3:06.95 /usr/local/bin/python3.8 /usr/local/bin/zkay run --blockchain-backend w3-eth-tester .+
    1 root      20   0    3984   3232   2736 S   0.0   0.0   0:00.06 bash
    7 root      20   0    3992   3108   2608 S   0.0   0.0   0:00.08 bash
   13 root      20   0    3988   3228   2716 S   0.0   0.0   0:00.10 bash
  844 root      20   0    7864   2984   2628 R   0.0   0.0   0:00.22 top -bc -d 1 -n 6000

top - 21:59:18 up 1 day,  1:53,  0 users,  load average: 2.50, 1.61, 0.74
Tasks:   5 total,   2 running,   3 sleeping,   0 stopped,   0 zombie
%Cpu(s):  8.7 us,  0.7 sy,  0.0 ni, 89.7 id,  0.0 wa,  0.0 hi,  0.8 si,  0.0 st
MiB Mem :   7877.2 total,   3873.5 free,   1364.8 used,   2638.9 buff/cache
MiB Swap:   2048.0 total,   2048.0 free,      0.0 used.   6201.4 avail Mem 

  PID USER      PR  NI    VIRT    RES    SHR S  %CPU  %MEM     TIME+ COMMAND
  845 root      20   0   96380  90004  12488 R 100.0   1.1   3:07.95 /usr/local/bin/python3.8 /usr/local/bin/zkay run --blockchain-backend w3-eth-tester .+
    1 root      20   0    3984   3232   2736 S   0.0   0.0   0:00.06 bash
    7 root      20   0    3992   3108   2608 S   0.0   0.0   0:00.08 bash
   13 root      20   0    3988   3228   2716 S   0.0   0.0   0:00.10 bash
  844 root      20   0    7864   2984   2628 R   0.0   0.0   0:00.22 top -bc -d 1 -n 6000

top - 21:59:19 up 1 day,  1:53,  0 users,  load average: 2.50, 1.61, 0.74
Tasks:   5 total,   2 running,   3 sleeping,   0 stopped,   0 zombie
%Cpu(s):  8.3 us,  0.2 sy,  0.0 ni, 91.4 id,  0.0 wa,  0.0 hi,  0.1 si,  0.0 st
MiB Mem :   7877.2 total,   3873.5 free,   1364.8 used,   2638.9 buff/cache
MiB Swap:   2048.0 total,   2048.0 free,      0.0 used.   6201.4 avail Mem 

  PID USER      PR  NI    VIRT    RES    SHR S  %CPU  %MEM     TIME+ COMMAND
  845 root      20   0   96380  90004  12488 R 100.0   1.1   3:08.95 /usr/local/bin/python3.8 /usr/local/bin/zkay run --blockchain-backend w3-eth-tester .+
    1 root      20   0    3984   3232   2736 S   0.0   0.0   0:00.06 bash
    7 root      20   0    3992   3108   2608 S   0.0   0.0   0:00.08 bash
   13 root      20   0    3988   3228   2716 S   0.0   0.0   0:00.10 bash
  844 root      20   0    7864   2984   2628 R   0.0   0.0   0:00.22 top -bc -d 1 -n 6000

top - 21:59:20 up 1 day,  1:53,  0 users,  load average: 2.38, 1.60, 0.74
Tasks:   5 total,   2 running,   3 sleeping,   0 stopped,   0 zombie
%Cpu(s):  8.4 us,  0.0 sy,  0.0 ni, 91.5 id,  0.1 wa,  0.0 hi,  0.0 si,  0.0 st
MiB Mem :   7877.2 total,   3874.7 free,   1363.6 used,   2638.9 buff/cache
MiB Swap:   2048.0 total,   2048.0 free,      0.0 used.   6202.5 avail Mem 

  PID USER      PR  NI    VIRT    RES    SHR S  %CPU  %MEM     TIME+ COMMAND
  845 root      20   0   96380  90004  12488 R 100.0   1.1   3:09.96 /usr/local/bin/python3.8 /usr/local/bin/zkay run --blockchain-backend w3-eth-tester .+
    1 root      20   0    3984   3232   2736 S   0.0   0.0   0:00.06 bash
    7 root      20   0    3992   3108   2608 S   0.0   0.0   0:00.08 bash
   13 root      20   0    3988   3228   2716 S   0.0   0.0   0:00.10 bash
  844 root      20   0    7864   2984   2628 R   0.0   0.0   0:00.22 top -bc -d 1 -n 6000

top - 21:59:21 up 1 day,  1:53,  0 users,  load average: 2.38, 1.60, 0.74
Tasks:   5 total,   2 running,   3 sleeping,   0 stopped,   0 zombie
%Cpu(s):  8.3 us,  0.0 sy,  0.0 ni, 91.7 id,  0.0 wa,  0.0 hi,  0.0 si,  0.0 st
MiB Mem :   7877.2 total,   3874.7 free,   1363.6 used,   2638.9 buff/cache
MiB Swap:   2048.0 total,   2048.0 free,      0.0 used.   6202.5 avail Mem 

  PID USER      PR  NI    VIRT    RES    SHR S  %CPU  %MEM     TIME+ COMMAND
  845 root      20   0   96380  90004  12488 R 100.0   1.1   3:10.96 /usr/local/bin/python3.8 /usr/local/bin/zkay run --blockchain-backend w3-eth-tester .+
    1 root      20   0    3984   3232   2736 S   0.0   0.0   0:00.06 bash
    7 root      20   0    3992   3108   2608 S   0.0   0.0   0:00.08 bash
   13 root      20   0    3988   3228   2716 S   0.0   0.0   0:00.10 bash
  844 root      20   0    7864   2984   2628 R   0.0   0.0   0:00.22 top -bc -d 1 -n 6000

top - 21:59:22 up 1 day,  1:53,  0 users,  load average: 2.38, 1.60, 0.74
Tasks:   5 total,   2 running,   3 sleeping,   0 stopped,   0 zombie
%Cpu(s):  8.3 us,  0.0 sy,  0.0 ni, 91.6 id,  0.1 wa,  0.0 hi,  0.0 si,  0.0 st
MiB Mem :   7877.2 total,   3874.7 free,   1363.6 used,   2638.9 buff/cache
MiB Swap:   2048.0 total,   2048.0 free,      0.0 used.   6202.5 avail Mem 

  PID USER      PR  NI    VIRT    RES    SHR S  %CPU  %MEM     TIME+ COMMAND
  845 root      20   0   96380  90004  12488 R 100.0   1.1   3:11.96 /usr/local/bin/python3.8 /usr/local/bin/zkay run --blockchain-backend w3-eth-tester .+
    1 root      20   0    3984   3232   2736 S   0.0   0.0   0:00.06 bash
    7 root      20   0    3992   3108   2608 S   0.0   0.0   0:00.08 bash
   13 root      20   0    3988   3228   2716 S   0.0   0.0   0:00.10 bash
  844 root      20   0    7864   2984   2628 R   0.0   0.0   0:00.22 top -bc -d 1 -n 6000

top - 21:59:23 up 1 day,  1:53,  0 users,  load average: 2.38, 1.60, 0.74
Tasks:   5 total,   2 running,   3 sleeping,   0 stopped,   0 zombie
%Cpu(s):  8.3 us,  0.1 sy,  0.0 ni, 91.6 id,  0.0 wa,  0.0 hi,  0.0 si,  0.0 st
MiB Mem :   7877.2 total,   3872.7 free,   1365.6 used,   2638.9 buff/cache
MiB Swap:   2048.0 total,   2048.0 free,      0.0 used.   6200.6 avail Mem 

  PID USER      PR  NI    VIRT    RES    SHR S  %CPU  %MEM     TIME+ COMMAND
  845 root      20   0   96380  90004  12488 R 100.0   1.1   3:12.96 /usr/local/bin/python3.8 /usr/local/bin/zkay run --blockchain-backend w3-eth-tester .+
    1 root      20   0    3984   3232   2736 S   0.0   0.0   0:00.06 bash
    7 root      20   0    3992   3108   2608 S   0.0   0.0   0:00.08 bash
   13 root      20   0    3988   3228   2716 S   0.0   0.0   0:00.10 bash
  844 root      20   0    7864   2984   2628 R   0.0   0.0   0:00.22 top -bc -d 1 -n 6000

top - 21:59:24 up 1 day,  1:53,  0 users,  load average: 2.38, 1.60, 0.74
Tasks:   5 total,   2 running,   3 sleeping,   0 stopped,   0 zombie
%Cpu(s):  8.3 us,  0.0 sy,  0.0 ni, 91.7 id,  0.0 wa,  0.0 hi,  0.0 si,  0.0 st
MiB Mem :   7877.2 total,   3872.7 free,   1365.6 used,   2638.9 buff/cache
MiB Swap:   2048.0 total,   2048.0 free,      0.0 used.   6200.6 avail Mem 

  PID USER      PR  NI    VIRT    RES    SHR S  %CPU  %MEM     TIME+ COMMAND
  845 root      20   0   96380  90004  12488 R 100.0   1.1   3:13.96 /usr/local/bin/python3.8 /usr/local/bin/zkay run --blockchain-backend w3-eth-tester .+
    1 root      20   0    3984   3232   2736 S   0.0   0.0   0:00.06 bash
    7 root      20   0    3992   3108   2608 S   0.0   0.0   0:00.08 bash
   13 root      20   0    3988   3228   2716 S   0.0   0.0   0:00.10 bash
  844 root      20   0    7864   2984   2628 R   0.0   0.0   0:00.22 top -bc -d 1 -n 6000

top - 21:59:25 up 1 day,  1:53,  0 users,  load average: 2.27, 1.59, 0.74
Tasks:   5 total,   2 running,   3 sleeping,   0 stopped,   0 zombie
%Cpu(s):  8.3 us,  0.0 sy,  0.0 ni, 91.6 id,  0.0 wa,  0.0 hi,  0.1 si,  0.0 st
MiB Mem :   7877.2 total,   3872.7 free,   1365.6 used,   2638.9 buff/cache
MiB Swap:   2048.0 total,   2048.0 free,      0.0 used.   6200.6 avail Mem 

  PID USER      PR  NI    VIRT    RES    SHR S  %CPU  %MEM     TIME+ COMMAND
  845 root      20   0   96380  90004  12488 R 100.0   1.1   3:14.96 /usr/local/bin/python3.8 /usr/local/bin/zkay run --blockchain-backend w3-eth-tester .+
  844 root      20   0    7864   2984   2628 R   1.0   0.0   0:00.23 top -bc -d 1 -n 6000
    1 root      20   0    3984   3232   2736 S   0.0   0.0   0:00.06 bash
    7 root      20   0    3992   3108   2608 S   0.0   0.0   0:00.08 bash
   13 root      20   0    3988   3228   2716 S   0.0   0.0   0:00.10 bash

top - 21:59:26 up 1 day,  1:53,  0 users,  load average: 2.27, 1.59, 0.74
Tasks:   5 total,   2 running,   3 sleeping,   0 stopped,   0 zombie
%Cpu(s):  8.3 us,  0.0 sy,  0.0 ni, 91.5 id,  0.1 wa,  0.0 hi,  0.1 si,  0.0 st
MiB Mem :   7877.2 total,   3872.7 free,   1365.6 used,   2638.9 buff/cache
MiB Swap:   2048.0 total,   2048.0 free,      0.0 used.   6200.6 avail Mem 

  PID USER      PR  NI    VIRT    RES    SHR S  %CPU  %MEM     TIME+ COMMAND
  845 root      20   0   96380  90004  12488 R 100.0   1.1   3:15.96 /usr/local/bin/python3.8 /usr/local/bin/zkay run --blockchain-backend w3-eth-tester .+
    1 root      20   0    3984   3232   2736 S   0.0   0.0   0:00.06 bash
    7 root      20   0    3992   3108   2608 S   0.0   0.0   0:00.08 bash
   13 root      20   0    3988   3228   2716 S   0.0   0.0   0:00.10 bash
  844 root      20   0    7864   2984   2628 R   0.0   0.0   0:00.23 top -bc -d 1 -n 6000

top - 21:59:27 up 1 day,  1:53,  0 users,  load average: 2.27, 1.59, 0.74
Tasks:   5 total,   2 running,   3 sleeping,   0 stopped,   0 zombie
%Cpu(s):  8.3 us,  0.1 sy,  0.0 ni, 91.6 id,  0.0 wa,  0.0 hi,  0.0 si,  0.0 st
MiB Mem :   7877.2 total,   3872.7 free,   1365.6 used,   2638.9 buff/cache
MiB Swap:   2048.0 total,   2048.0 free,      0.0 used.   6200.6 avail Mem 

  PID USER      PR  NI    VIRT    RES    SHR S  %CPU  %MEM     TIME+ COMMAND
  845 root      20   0   96380  90004  12488 R 100.0   1.1   3:16.96 /usr/local/bin/python3.8 /usr/local/bin/zkay run --blockchain-backend w3-eth-tester .+
    1 root      20   0    3984   3232   2736 S   0.0   0.0   0:00.06 bash
    7 root      20   0    3992   3108   2608 S   0.0   0.0   0:00.08 bash
   13 root      20   0    3988   3228   2716 S   0.0   0.0   0:00.10 bash
  844 root      20   0    7864   2984   2628 R   0.0   0.0   0:00.23 top -bc -d 1 -n 6000

top - 21:59:28 up 1 day,  1:53,  0 users,  load average: 2.27, 1.59, 0.74
Tasks:   5 total,   2 running,   3 sleeping,   0 stopped,   0 zombie
%Cpu(s):  9.1 us,  1.1 sy,  0.0 ni, 88.8 id,  0.0 wa,  0.0 hi,  1.0 si,  0.0 st
MiB Mem :   7877.2 total,   3872.7 free,   1365.6 used,   2638.9 buff/cache
MiB Swap:   2048.0 total,   2048.0 free,      0.0 used.   6200.6 avail Mem 

  PID USER      PR  NI    VIRT    RES    SHR S  %CPU  %MEM     TIME+ COMMAND
  845 root      20   0   96380  90004  12488 R 100.0   1.1   3:17.97 /usr/local/bin/python3.8 /usr/local/bin/zkay run --blockchain-backend w3-eth-tester .+
    1 root      20   0    3984   3232   2736 S   0.0   0.0   0:00.06 bash
    7 root      20   0    3992   3108   2608 S   0.0   0.0   0:00.08 bash
   13 root      20   0    3988   3228   2716 S   0.0   0.0   0:00.10 bash
  844 root      20   0    7864   2984   2628 R   0.0   0.0   0:00.23 top -bc -d 1 -n 6000

top - 21:59:29 up 1 day,  1:53,  0 users,  load average: 2.27, 1.59, 0.74
Tasks:   5 total,   2 running,   3 sleeping,   0 stopped,   0 zombie
%Cpu(s):  8.4 us,  0.0 sy,  0.0 ni, 91.1 id,  0.0 wa,  0.0 hi,  0.6 si,  0.0 st
MiB Mem :   7877.2 total,   3871.1 free,   1367.2 used,   2638.9 buff/cache
MiB Swap:   2048.0 total,   2048.0 free,      0.0 used.   6199.0 avail Mem 

  PID USER      PR  NI    VIRT    RES    SHR S  %CPU  %MEM     TIME+ COMMAND
  845 root      20   0   96380  90004  12488 R 100.0   1.1   3:18.97 /usr/local/bin/python3.8 /usr/local/bin/zkay run --blockchain-backend w3-eth-tester .+
    1 root      20   0    3984   3232   2736 S   0.0   0.0   0:00.06 bash
    7 root      20   0    3992   3108   2608 S   0.0   0.0   0:00.08 bash
   13 root      20   0    3988   3228   2716 S   0.0   0.0   0:00.10 bash
  844 root      20   0    7864   2984   2628 R   0.0   0.0   0:00.23 top -bc -d 1 -n 6000

top - 21:59:30 up 1 day,  1:53,  0 users,  load average: 2.16, 1.58, 0.75
Tasks:   5 total,   2 running,   3 sleeping,   0 stopped,   0 zombie
%Cpu(s):  8.3 us,  0.1 sy,  0.0 ni, 91.6 id,  0.0 wa,  0.0 hi,  0.0 si,  0.0 st
MiB Mem :   7877.2 total,   3871.1 free,   1367.2 used,   2638.9 buff/cache
MiB Swap:   2048.0 total,   2048.0 free,      0.0 used.   6199.0 avail Mem 

  PID USER      PR  NI    VIRT    RES    SHR S  %CPU  %MEM     TIME+ COMMAND
  845 root      20   0   96380  90004  12488 R 100.0   1.1   3:19.97 /usr/local/bin/python3.8 /usr/local/bin/zkay run --blockchain-backend w3-eth-tester .+
    1 root      20   0    3984   3232   2736 S   0.0   0.0   0:00.06 bash
    7 root      20   0    3992   3108   2608 S   0.0   0.0   0:00.08 bash
   13 root      20   0    3988   3228   2716 S   0.0   0.0   0:00.10 bash
  844 root      20   0    7864   2984   2628 R   0.0   0.0   0:00.23 top -bc -d 1 -n 6000

top - 21:59:31 up 1 day,  1:53,  0 users,  load average: 2.16, 1.58, 0.75
Tasks:   5 total,   2 running,   3 sleeping,   0 stopped,   0 zombie
%Cpu(s):  8.3 us,  0.1 sy,  0.0 ni, 91.5 id,  0.0 wa,  0.0 hi,  0.1 si,  0.0 st
MiB Mem :   7877.2 total,   3871.1 free,   1367.2 used,   2638.9 buff/cache
MiB Swap:   2048.0 total,   2048.0 free,      0.0 used.   6199.0 avail Mem 

  PID USER      PR  NI    VIRT    RES    SHR S  %CPU  %MEM     TIME+ COMMAND
  845 root      20   0   96380  90004  12488 R 100.0   1.1   3:20.97 /usr/local/bin/python3.8 /usr/local/bin/zkay run --blockchain-backend w3-eth-tester .+
    1 root      20   0    3984   3232   2736 S   0.0   0.0   0:00.06 bash
    7 root      20   0    3992   3108   2608 S   0.0   0.0   0:00.08 bash
   13 root      20   0    3988   3228   2716 S   0.0   0.0   0:00.10 bash
  844 root      20   0    7864   2984   2628 R   0.0   0.0   0:00.23 top -bc -d 1 -n 6000

top - 21:59:32 up 1 day,  1:53,  0 users,  load average: 2.16, 1.58, 0.75
Tasks:   5 total,   2 running,   3 sleeping,   0 stopped,   0 zombie
%Cpu(s):  8.3 us,  0.0 sy,  0.0 ni, 91.5 id,  0.2 wa,  0.0 hi,  0.0 si,  0.0 st
MiB Mem :   7877.2 total,   3871.2 free,   1367.0 used,   2638.9 buff/cache
MiB Swap:   2048.0 total,   2048.0 free,      0.0 used.   6199.1 avail Mem 

  PID USER      PR  NI    VIRT    RES    SHR S  %CPU  %MEM     TIME+ COMMAND
  845 root      20   0   96380  90004  12488 R 100.0   1.1   3:21.97 /usr/local/bin/python3.8 /usr/local/bin/zkay run --blockchain-backend w3-eth-tester .+
    1 root      20   0    3984   3232   2736 S   0.0   0.0   0:00.06 bash
    7 root      20   0    3992   3108   2608 S   0.0   0.0   0:00.08 bash
   13 root      20   0    3988   3228   2716 S   0.0   0.0   0:00.10 bash
  844 root      20   0    7864   2984   2628 R   0.0   0.0   0:00.23 top -bc -d 1 -n 6000

top - 21:59:33 up 1 day,  1:53,  0 users,  load average: 2.16, 1.58, 0.75
Tasks:   5 total,   2 running,   3 sleeping,   0 stopped,   0 zombie
%Cpu(s):  8.3 us,  0.0 sy,  0.0 ni, 91.7 id,  0.0 wa,  0.0 hi,  0.0 si,  0.0 st
MiB Mem :   7877.2 total,   3871.2 free,   1367.0 used,   2638.9 buff/cache
MiB Swap:   2048.0 total,   2048.0 free,      0.0 used.   6199.1 avail Mem 

  PID USER      PR  NI    VIRT    RES    SHR S  %CPU  %MEM     TIME+ COMMAND
  845 root      20   0   96380  90004  12488 R 100.0   1.1   3:22.97 /usr/local/bin/python3.8 /usr/local/bin/zkay run --blockchain-backend w3-eth-tester .+
    1 root      20   0    3984   3232   2736 S   0.0   0.0   0:00.06 bash
    7 root      20   0    3992   3108   2608 S   0.0   0.0   0:00.08 bash
   13 root      20   0    3988   3228   2716 S   0.0   0.0   0:00.10 bash
  844 root      20   0    7864   2984   2628 R   0.0   0.0   0:00.23 top -bc -d 1 -n 6000

top - 21:59:34 up 1 day,  1:53,  0 users,  load average: 2.16, 1.58, 0.75
Tasks:   5 total,   2 running,   3 sleeping,   0 stopped,   0 zombie
%Cpu(s):  8.3 us,  0.0 sy,  0.0 ni, 91.7 id,  0.0 wa,  0.0 hi,  0.0 si,  0.0 st
MiB Mem :   7877.2 total,   3871.2 free,   1367.0 used,   2638.9 buff/cache
MiB Swap:   2048.0 total,   2048.0 free,      0.0 used.   6199.1 avail Mem 

  PID USER      PR  NI    VIRT    RES    SHR S  %CPU  %MEM     TIME+ COMMAND
  845 root      20   0   96380  90004  12488 R 100.0   1.1   3:23.97 /usr/local/bin/python3.8 /usr/local/bin/zkay run --blockchain-backend w3-eth-tester .+
    1 root      20   0    3984   3232   2736 S   0.0   0.0   0:00.06 bash
    7 root      20   0    3992   3108   2608 S   0.0   0.0   0:00.08 bash
   13 root      20   0    3988   3228   2716 S   0.0   0.0   0:00.10 bash
  844 root      20   0    7864   2984   2628 R   0.0   0.0   0:00.23 top -bc -d 1 -n 6000

top - 21:59:35 up 1 day,  1:53,  0 users,  load average: 2.07, 1.57, 0.75
Tasks:   5 total,   2 running,   3 sleeping,   0 stopped,   0 zombie
%Cpu(s):  8.4 us,  0.0 sy,  0.0 ni, 91.6 id,  0.0 wa,  0.0 hi,  0.0 si,  0.0 st
MiB Mem :   7877.2 total,   3871.2 free,   1367.0 used,   2638.9 buff/cache
MiB Swap:   2048.0 total,   2048.0 free,      0.0 used.   6199.2 avail Mem 

  PID USER      PR  NI    VIRT    RES    SHR S  %CPU  %MEM     TIME+ COMMAND
  845 root      20   0   96380  90004  12488 R 100.0   1.1   3:24.98 /usr/local/bin/python3.8 /usr/local/bin/zkay run --blockchain-backend w3-eth-tester .+
    1 root      20   0    3984   3232   2736 S   0.0   0.0   0:00.06 bash
    7 root      20   0    3992   3108   2608 S   0.0   0.0   0:00.08 bash
   13 root      20   0    3988   3228   2716 S   0.0   0.0   0:00.10 bash
  844 root      20   0    7864   2984   2628 R   0.0   0.0   0:00.23 top -bc -d 1 -n 6000

top - 21:59:36 up 1 day,  1:53,  0 users,  load average: 2.07, 1.57, 0.75
Tasks:   5 total,   2 running,   3 sleeping,   0 stopped,   0 zombie
%Cpu(s):  8.3 us,  0.0 sy,  0.0 ni, 91.6 id,  0.0 wa,  0.0 hi,  0.1 si,  0.0 st
MiB Mem :   7877.2 total,   3871.2 free,   1367.0 used,   2638.9 buff/cache
MiB Swap:   2048.0 total,   2048.0 free,      0.0 used.   6199.2 avail Mem 

  PID USER      PR  NI    VIRT    RES    SHR S  %CPU  %MEM     TIME+ COMMAND
  845 root      20   0   96380  90004  12488 R 100.0   1.1   3:25.98 /usr/local/bin/python3.8 /usr/local/bin/zkay run --blockchain-backend w3-eth-tester .+
    1 root      20   0    3984   3232   2736 S   0.0   0.0   0:00.06 bash
    7 root      20   0    3992   3108   2608 S   0.0   0.0   0:00.08 bash
   13 root      20   0    3988   3228   2716 S   0.0   0.0   0:00.10 bash
  844 root      20   0    7864   2984   2628 R   0.0   0.0   0:00.23 top -bc -d 1 -n 6000

top - 21:59:37 up 1 day,  1:53,  0 users,  load average: 2.07, 1.57, 0.75
Tasks:   5 total,   2 running,   3 sleeping,   0 stopped,   0 zombie
%Cpu(s):  8.3 us,  0.0 sy,  0.0 ni, 91.7 id,  0.0 wa,  0.0 hi,  0.0 si,  0.0 st
MiB Mem :   7877.2 total,   3871.2 free,   1367.0 used,   2638.9 buff/cache
MiB Swap:   2048.0 total,   2048.0 free,      0.0 used.   6199.2 avail Mem 

  PID USER      PR  NI    VIRT    RES    SHR S  %CPU  %MEM     TIME+ COMMAND
  845 root      20   0   96380  90004  12488 R 100.0   1.1   3:26.98 /usr/local/bin/python3.8 /usr/local/bin/zkay run --blockchain-backend w3-eth-tester .+
    1 root      20   0    3984   3232   2736 S   0.0   0.0   0:00.06 bash
    7 root      20   0    3992   3108   2608 S   0.0   0.0   0:00.08 bash
   13 root      20   0    3988   3228   2716 S   0.0   0.0   0:00.10 bash
  844 root      20   0    7864   2984   2628 R   0.0   0.0   0:00.23 top -bc -d 1 -n 6000

top - 21:59:38 up 1 day,  1:53,  0 users,  load average: 2.07, 1.57, 0.75
Tasks:   5 total,   2 running,   3 sleeping,   0 stopped,   0 zombie
%Cpu(s):  8.9 us,  0.6 sy,  0.0 ni, 89.8 id,  0.1 wa,  0.0 hi,  0.7 si,  0.0 st
MiB Mem :   7877.2 total,   3871.3 free,   1367.0 used,   2638.9 buff/cache
MiB Swap:   2048.0 total,   2048.0 free,      0.0 used.   6199.2 avail Mem 

  PID USER      PR  NI    VIRT    RES    SHR S  %CPU  %MEM     TIME+ COMMAND
  845 root      20   0   96380  90004  12488 R 100.0   1.1   3:27.98 /usr/local/bin/python3.8 /usr/local/bin/zkay run --blockchain-backend w3-eth-tester .+
    1 root      20   0    3984   3232   2736 S   0.0   0.0   0:00.06 bash
    7 root      20   0    3992   3108   2608 S   0.0   0.0   0:00.08 bash
   13 root      20   0    3988   3228   2716 S   0.0   0.0   0:00.10 bash
  844 root      20   0    7864   2984   2628 R   0.0   0.0   0:00.23 top -bc -d 1 -n 6000

top - 21:59:39 up 1 day,  1:53,  0 users,  load average: 2.07, 1.57, 0.75
Tasks:   6 total,   1 running,   5 sleeping,   0 stopped,   0 zombie
%Cpu(s):  9.8 us,  0.5 sy,  0.0 ni, 89.7 id,  0.0 wa,  0.0 hi,  0.1 si,  0.0 st
MiB Mem :   7877.2 total,   3871.3 free,   1367.0 used,   2638.9 buff/cache
MiB Swap:   2048.0 total,   2048.0 free,      0.0 used.   6199.2 avail Mem 

  PID USER      PR  NI    VIRT    RES    SHR S  %CPU  %MEM     TIME+ COMMAND
  845 root      20   0   96380  90004  12488 S  84.0   1.1   3:28.82 /usr/local/bin/python3.8 /usr/local/bin/zkay run --blockchain-backend w3-eth-tester .+
 1454 root      20   0   19.2g 105124  25700 S  38.0   1.3   0:00.38 java -Xms4096m -Xmx16384m -cp /zkay/zkay/jsnark_interface/JsnarkCircuitBuilder.jar:/z+
    1 root      20   0    3984   3232   2736 S   0.0   0.0   0:00.06 bash
    7 root      20   0    3992   3108   2608 S   0.0   0.0   0:00.08 bash
   13 root      20   0    3988   3228   2716 S   0.0   0.0   0:00.10 bash
  844 root      20   0    7864   2984   2628 R   0.0   0.0   0:00.23 top -bc -d 1 -n 6000

top - 21:59:40 up 1 day,  1:53,  0 users,  load average: 2.23, 1.61, 0.76
Tasks:   6 total,   1 running,   5 sleeping,   0 stopped,   0 zombie
%Cpu(s): 39.1 us,  3.7 sy,  0.0 ni, 57.2 id,  0.0 wa,  0.0 hi,  0.1 si,  0.0 st
MiB Mem :   7877.2 total,   3871.3 free,   1367.0 used,   2638.9 buff/cache
MiB Swap:   2048.0 total,   2048.0 free,      0.0 used.   6199.2 avail Mem 

  PID USER      PR  NI    VIRT    RES    SHR S  %CPU  %MEM     TIME+ COMMAND
 1454 root      20   0   20.3g 585272  25880 S 516.0   7.3   0:05.54 java -Xms4096m -Xmx16384m -cp /zkay/zkay/jsnark_interface/JsnarkCircuitBuilder.jar:/z+
    1 root      20   0    3984   3232   2736 S   0.0   0.0   0:00.06 bash
    7 root      20   0    3992   3108   2608 S   0.0   0.0   0:00.08 bash
   13 root      20   0    3988   3228   2716 S   0.0   0.0   0:00.10 bash
  844 root      20   0    7864   2984   2628 R   0.0   0.0   0:00.23 top -bc -d 1 -n 6000
  845 root      20   0   96380  90004  12488 S   0.0   1.1   3:28.82 /usr/local/bin/python3.8 /usr/local/bin/zkay run --blockchain-backend w3-eth-tester .+

top - 21:59:41 up 1 day,  1:53,  0 users,  load average: 2.23, 1.61, 0.76
Tasks:   6 total,   1 running,   5 sleeping,   0 stopped,   0 zombie
%Cpu(s): 18.4 us,  1.2 sy,  0.0 ni, 80.4 id,  0.0 wa,  0.0 hi,  0.0 si,  0.0 st
MiB Mem :   7877.2 total,   2774.7 free,   2406.8 used,   2695.7 buff/cache
MiB Swap:   2048.0 total,   2048.0 free,      0.0 used.   5159.3 avail Mem 

  PID USER      PR  NI    VIRT    RES    SHR S  %CPU  %MEM     TIME+ COMMAND
 1454 root      20   0   20.3g   1.0g  26000 S 235.0  13.5   0:07.89 java -Xms4096m -Xmx16384m -cp /zkay/zkay/jsnark_interface/JsnarkCircuitBuilder.jar:/z+
    1 root      20   0    3984   3232   2736 S   0.0   0.0   0:00.06 bash
    7 root      20   0    3992   3108   2608 S   0.0   0.0   0:00.08 bash
   13 root      20   0    3988   3228   2716 S   0.0   0.0   0:00.10 bash
  844 root      20   0    7864   2984   2628 R   0.0   0.0   0:00.23 top -bc -d 1 -n 6000
  845 root      20   0   96380  90004  12488 S   0.0   1.1   3:28.82 /usr/local/bin/python3.8 /usr/local/bin/zkay run --blockchain-backend w3-eth-tester .+

top - 21:59:42 up 1 day,  1:53,  0 users,  load average: 2.23, 1.61, 0.76
Tasks:   6 total,   2 running,   4 sleeping,   0 stopped,   0 zombie
%Cpu(s):  8.4 us,  0.7 sy,  0.0 ni, 90.4 id,  0.1 wa,  0.0 hi,  0.3 si,  0.0 st
MiB Mem :   7877.2 total,   2774.7 free,   2406.8 used,   2695.7 buff/cache
MiB Swap:   2048.0 total,   2048.0 free,      0.0 used.   5159.3 avail Mem 

  PID USER      PR  NI    VIRT    RES    SHR S  %CPU  %MEM     TIME+ COMMAND
 1492 root      20   0  100880  96428   5112 R  77.2   1.2   0:00.78 /zkay/zkay/jsnark_interface/run_snark proofgen /tmp/tmp1abmqhz9 /tmp/tmp1abmqhz9/proo+
    1 root      20   0    3984   3232   2736 S   0.0   0.0   0:00.06 bash
    7 root      20   0    3992   3108   2608 S   0.0   0.0   0:00.08 bash
   13 root      20   0    3988   3228   2716 S   0.0   0.0   0:00.10 bash
  844 root      20   0    7864   2984   2628 R   0.0   0.0   0:00.23 top -bc -d 1 -n 6000
  845 root      20   0   96380  90004  12488 S   0.0   1.1   3:28.82 /usr/local/bin/python3.8 /usr/local/bin/zkay run --blockchain-backend w3-eth-tester .+

top - 21:59:43 up 1 day,  1:53,  0 users,  load average: 2.23, 1.61, 0.76
Tasks:   6 total,   2 running,   4 sleeping,   0 stopped,   0 zombie
%Cpu(s):  8.2 us,  0.1 sy,  0.0 ni, 91.7 id,  0.0 wa,  0.0 hi,  0.0 si,  0.0 st
MiB Mem :   7877.2 total,   2774.7 free,   2406.8 used,   2695.7 buff/cache
MiB Swap:   2048.0 total,   2048.0 free,      0.0 used.   5159.3 avail Mem 

  PID USER      PR  NI    VIRT    RES    SHR S  %CPU  %MEM     TIME+ COMMAND
 1492 root      20   0  100880  96428   5112 R 100.0   1.2   0:01.78 /zkay/zkay/jsnark_interface/run_snark proofgen /tmp/tmp1abmqhz9 /tmp/tmp1abmqhz9/proo+
    1 root      20   0    3984   3232   2736 S   0.0   0.0   0:00.06 bash
    7 root      20   0    3992   3108   2608 S   0.0   0.0   0:00.08 bash
   13 root      20   0    3988   3228   2716 S   0.0   0.0   0:00.10 bash
  844 root      20   0    7864   2984   2628 R   0.0   0.0   0:00.23 top -bc -d 1 -n 6000
  845 root      20   0   96380  90004  12488 S   0.0   1.1   3:28.82 /usr/local/bin/python3.8 /usr/local/bin/zkay run --blockchain-backend w3-eth-tester .+

top - 21:59:44 up 1 day,  1:53,  0 users,  load average: 2.23, 1.61, 0.76
Tasks:   6 total,   2 running,   4 sleeping,   0 stopped,   0 zombie
%Cpu(s):  7.8 us,  0.8 sy,  0.0 ni, 91.4 id,  0.1 wa,  0.0 hi,  0.0 si,  0.0 st
MiB Mem :   7877.2 total,   3487.2 free,   1680.8 used,   2709.2 buff/cache
MiB Swap:   2048.0 total,   2048.0 free,      0.0 used.   5885.3 avail Mem 

  PID USER      PR  NI    VIRT    RES    SHR S  %CPU  %MEM     TIME+ COMMAND
 1492 root      20   0  334228 328532   5112 R 100.0   4.1   0:02.79 /zkay/zkay/jsnark_interface/run_snark proofgen /tmp/tmp1abmqhz9 /tmp/tmp1abmqhz9/proo+
    1 root      20   0    3984   3232   2736 S   0.0   0.0   0:00.06 bash
    7 root      20   0    3992   3108   2608 S   0.0   0.0   0:00.08 bash
   13 root      20   0    3988   3228   2716 S   0.0   0.0   0:00.10 bash
  844 root      20   0    7864   2984   2628 R   0.0   0.0   0:00.23 top -bc -d 1 -n 6000
  845 root      20   0   96380  90004  12488 S   0.0   1.1   3:28.82 /usr/local/bin/python3.8 /usr/local/bin/zkay run --blockchain-backend w3-eth-tester .+

top - 21:59:45 up 1 day,  1:53,  0 users,  load average: 2.13, 1.60, 0.77
Tasks:   6 total,   2 running,   4 sleeping,   0 stopped,   0 zombie
%Cpu(s):  7.7 us,  0.7 sy,  0.0 ni, 91.5 id,  0.0 wa,  0.0 hi,  0.0 si,  0.0 st
MiB Mem :   7877.2 total,   3487.2 free,   1680.8 used,   2709.2 buff/cache
MiB Swap:   2048.0 total,   2048.0 free,      0.0 used.   5885.3 avail Mem 

  PID USER      PR  NI    VIRT    RES    SHR S  %CPU  %MEM     TIME+ COMMAND
 1492 root      20   0  626516 621104   5112 R 100.0   7.7   0:03.79 /zkay/zkay/jsnark_interface/run_snark proofgen /tmp/tmp1abmqhz9 /tmp/tmp1abmqhz9/proo+
    1 root      20   0    3984   3232   2736 S   0.0   0.0   0:00.06 bash
    7 root      20   0    3992   3108   2608 S   0.0   0.0   0:00.08 bash
   13 root      20   0    3988   3228   2716 S   0.0   0.0   0:00.10 bash
  844 root      20   0    7864   2984   2628 R   0.0   0.0   0:00.23 top -bc -d 1 -n 6000
  845 root      20   0   96380  90004  12488 S   0.0   1.1   3:28.82 /usr/local/bin/python3.8 /usr/local/bin/zkay run --blockchain-backend w3-eth-tester .+

top - 21:59:46 up 1 day,  1:53,  0 users,  load average: 2.13, 1.60, 0.77
Tasks:   6 total,   2 running,   4 sleeping,   0 stopped,   0 zombie
%Cpu(s):  7.8 us,  0.6 sy,  0.0 ni, 91.7 id,  0.0 wa,  0.0 hi,  0.0 si,  0.0 st
MiB Mem :   7877.2 total,   3487.2 free,   1680.8 used,   2709.2 buff/cache
MiB Swap:   2048.0 total,   2048.0 free,      0.0 used.   5885.3 avail Mem 

  PID USER      PR  NI    VIRT    RES    SHR S  %CPU  %MEM     TIME+ COMMAND
 1492 root      20   0  885172 875016   5112 R 100.0  10.8   0:04.79 /zkay/zkay/jsnark_interface/run_snark proofgen /tmp/tmp1abmqhz9 /tmp/tmp1abmqhz9/proo+
    1 root      20   0    3984   3232   2736 S   0.0   0.0   0:00.06 bash
    7 root      20   0    3992   3108   2608 S   0.0   0.0   0:00.08 bash
   13 root      20   0    3988   3228   2716 S   0.0   0.0   0:00.10 bash
  844 root      20   0    7864   2984   2628 R   0.0   0.0   0:00.23 top -bc -d 1 -n 6000
  845 root      20   0   96380  90004  12488 S   0.0   1.1   3:28.82 /usr/local/bin/python3.8 /usr/local/bin/zkay run --blockchain-backend w3-eth-tester .+

top - 21:59:47 up 1 day,  1:53,  0 users,  load average: 2.13, 1.60, 0.77
Tasks:   6 total,   2 running,   4 sleeping,   0 stopped,   0 zombie
%Cpu(s):  7.8 us,  0.5 sy,  0.0 ni, 91.7 id,  0.0 wa,  0.0 hi,  0.0 si,  0.0 st
MiB Mem :   7877.2 total,   2742.9 free,   2425.1 used,   2709.2 buff/cache
MiB Swap:   2048.0 total,   2048.0 free,      0.0 used.   5141.1 avail Mem 

  PID USER      PR  NI    VIRT    RES    SHR S  %CPU  %MEM     TIME+ COMMAND
 1492 root      20   0 1108580   1.0g   5112 R 100.0  13.5   0:05.79 /zkay/zkay/jsnark_interface/run_snark proofgen /tmp/tmp1abmqhz9 /tmp/tmp1abmqhz9/proo+
    1 root      20   0    3984   3232   2736 S   0.0   0.0   0:00.06 bash
    7 root      20   0    3992   3108   2608 S   0.0   0.0   0:00.08 bash
   13 root      20   0    3988   3228   2716 S   0.0   0.0   0:00.10 bash
  844 root      20   0    7864   2984   2628 R   0.0   0.0   0:00.23 top -bc -d 1 -n 6000
  845 root      20   0   96380  90004  12488 S   0.0   1.1   3:28.82 /usr/local/bin/python3.8 /usr/local/bin/zkay run --blockchain-backend w3-eth-tester .+

top - 21:59:48 up 1 day,  1:53,  0 users,  load average: 2.13, 1.60, 0.77
Tasks:   6 total,   2 running,   4 sleeping,   0 stopped,   0 zombie
%Cpu(s):  8.2 us,  1.1 sy,  0.0 ni, 89.3 id,  0.0 wa,  0.0 hi,  1.5 si,  0.0 st
MiB Mem :   7877.2 total,   2742.9 free,   2425.1 used,   2709.2 buff/cache
MiB Swap:   2048.0 total,   2048.0 free,      0.0 used.   5141.1 avail Mem 

  PID USER      PR  NI    VIRT    RES    SHR S  %CPU  %MEM     TIME+ COMMAND
 1492 root      20   0 1297624   1.2g   5112 R 100.0  16.0   0:06.79 /zkay/zkay/jsnark_interface/run_snark proofgen /tmp/tmp1abmqhz9 /tmp/tmp1abmqhz9/proo+
    1 root      20   0    3984   3232   2736 S   0.0   0.0   0:00.06 bash
    7 root      20   0    3992   3108   2608 S   0.0   0.0   0:00.08 bash
   13 root      20   0    3988   3228   2716 S   0.0   0.0   0:00.10 bash
  844 root      20   0    7864   2984   2628 R   0.0   0.0   0:00.23 top -bc -d 1 -n 6000
  845 root      20   0   96380  90004  12488 S   0.0   1.1   3:28.82 /usr/local/bin/python3.8 /usr/local/bin/zkay run --blockchain-backend w3-eth-tester .+

top - 21:59:49 up 1 day,  1:53,  0 users,  load average: 2.13, 1.60, 0.77
Tasks:   6 total,   2 running,   4 sleeping,   0 stopped,   0 zombie
%Cpu(s):  7.5 us,  0.9 sy,  0.0 ni, 91.4 id,  0.0 wa,  0.0 hi,  0.2 si,  0.0 st
MiB Mem :   7877.2 total,   2742.9 free,   2425.1 used,   2709.2 buff/cache
MiB Swap:   2048.0 total,   2048.0 free,      0.0 used.   5141.1 avail Mem 

  PID USER      PR  NI    VIRT    RES    SHR S  %CPU  %MEM     TIME+ COMMAND
 1492 root      20   0 1495384   1.4g   5112 R 100.0  18.5   0:07.80 /zkay/zkay/jsnark_interface/run_snark proofgen /tmp/tmp1abmqhz9 /tmp/tmp1abmqhz9/proo+
    1 root      20   0    3984   3232   2736 S   0.0   0.0   0:00.06 bash
    7 root      20   0    3992   3108   2608 S   0.0   0.0   0:00.08 bash
   13 root      20   0    3988   3228   2716 S   0.0   0.0   0:00.10 bash
  844 root      20   0    7864   2984   2628 R   0.0   0.0   0:00.23 top -bc -d 1 -n 6000
  845 root      20   0   96380  90004  12488 S   0.0   1.1   3:28.82 /usr/local/bin/python3.8 /usr/local/bin/zkay run --blockchain-backend w3-eth-tester .+

top - 21:59:50 up 1 day,  1:53,  0 users,  load average: 2.04, 1.59, 0.77
Tasks:   6 total,   2 running,   4 sleeping,   0 stopped,   0 zombie
%Cpu(s):  7.7 us,  0.6 sy,  0.0 ni, 91.5 id,  0.1 wa,  0.0 hi,  0.1 si,  0.0 st
MiB Mem :   7877.2 total,   2138.6 free,   3029.4 used,   2709.2 buff/cache
MiB Swap:   2048.0 total,   2048.0 free,      0.0 used.   4536.7 avail Mem 

  PID USER      PR  NI    VIRT    RES    SHR S  %CPU  %MEM     TIME+ COMMAND
 1492 root      20   0 1739116   1.6g   5112 R 100.0  21.2   0:08.80 /zkay/zkay/jsnark_interface/run_snark proofgen /tmp/tmp1abmqhz9 /tmp/tmp1abmqhz9/proo+
    1 root      20   0    3984   3232   2736 S   0.0   0.0   0:00.06 bash
    7 root      20   0    3992   3108   2608 S   0.0   0.0   0:00.08 bash
   13 root      20   0    3988   3228   2716 S   0.0   0.0   0:00.10 bash
  844 root      20   0    7864   2984   2628 R   0.0   0.0   0:00.23 top -bc -d 1 -n 6000
  845 root      20   0   96380  90004  12488 S   0.0   1.1   3:28.82 /usr/local/bin/python3.8 /usr/local/bin/zkay run --blockchain-backend w3-eth-tester .+

top - 21:59:51 up 1 day,  1:53,  0 users,  load average: 2.04, 1.59, 0.77
Tasks:   6 total,   2 running,   4 sleeping,   0 stopped,   0 zombie
%Cpu(s):  7.9 us,  0.4 sy,  0.0 ni, 91.7 id,  0.0 wa,  0.0 hi,  0.0 si,  0.0 st
MiB Mem :   7877.2 total,   2138.6 free,   3029.4 used,   2709.2 buff/cache
MiB Swap:   2048.0 total,   2048.0 free,      0.0 used.   4536.7 avail Mem 

  PID USER      PR  NI    VIRT    RES    SHR S  %CPU  %MEM     TIME+ COMMAND
 1492 root      20   0 1832044   1.7g   5112 R 100.0  22.3   0:09.80 /zkay/zkay/jsnark_interface/run_snark proofgen /tmp/tmp1abmqhz9 /tmp/tmp1abmqhz9/proo+
    1 root      20   0    3984   3232   2736 S   0.0   0.0   0:00.06 bash
    7 root      20   0    3992   3108   2608 S   0.0   0.0   0:00.08 bash
   13 root      20   0    3988   3228   2716 S   0.0   0.0   0:00.10 bash
  844 root      20   0    7864   2984   2628 R   0.0   0.0   0:00.23 top -bc -d 1 -n 6000
  845 root      20   0   96380  90004  12488 S   0.0   1.1   3:28.82 /usr/local/bin/python3.8 /usr/local/bin/zkay run --blockchain-backend w3-eth-tester .+

top - 21:59:52 up 1 day,  1:53,  0 users,  load average: 2.04, 1.59, 0.77
Tasks:   6 total,   2 running,   4 sleeping,   0 stopped,   0 zombie
%Cpu(s):  8.3 us,  0.0 sy,  0.0 ni, 91.6 id,  0.1 wa,  0.0 hi,  0.0 si,  0.0 st
MiB Mem :   7877.2 total,   2138.6 free,   3029.4 used,   2709.2 buff/cache
MiB Swap:   2048.0 total,   2048.0 free,      0.0 used.   4536.7 avail Mem 

  PID USER      PR  NI    VIRT    RES    SHR S  %CPU  %MEM     TIME+ COMMAND
 1492 root      20   0 1832044   1.7g   5112 R 100.0  22.3   0:10.80 /zkay/zkay/jsnark_interface/run_snark proofgen /tmp/tmp1abmqhz9 /tmp/tmp1abmqhz9/proo+
    1 root      20   0    3984   3232   2736 S   0.0   0.0   0:00.06 bash
    7 root      20   0    3992   3108   2608 S   0.0   0.0   0:00.08 bash
   13 root      20   0    3988   3228   2716 S   0.0   0.0   0:00.10 bash
  844 root      20   0    7864   2984   2628 R   0.0   0.0   0:00.23 top -bc -d 1 -n 6000
  845 root      20   0   96380  90004  12488 S   0.0   1.1   3:28.82 /usr/local/bin/python3.8 /usr/local/bin/zkay run --blockchain-backend w3-eth-tester .+

top - 21:59:53 up 1 day,  1:54,  0 users,  load average: 2.04, 1.59, 0.77
Tasks:   6 total,   2 running,   4 sleeping,   0 stopped,   0 zombie
%Cpu(s):  8.3 us,  0.0 sy,  0.0 ni, 91.7 id,  0.0 wa,  0.0 hi,  0.0 si,  0.0 st
MiB Mem :   7877.2 total,   2045.5 free,   3122.5 used,   2709.2 buff/cache
MiB Swap:   2048.0 total,   2048.0 free,      0.0 used.   4443.7 avail Mem 

  PID USER      PR  NI    VIRT    RES    SHR S  %CPU  %MEM     TIME+ COMMAND
 1492 root      20   0 1832044   1.7g   5112 R 100.0  22.3   0:11.80 /zkay/zkay/jsnark_interface/run_snark proofgen /tmp/tmp1abmqhz9 /tmp/tmp1abmqhz9/proo+
    1 root      20   0    3984   3232   2736 S   0.0   0.0   0:00.06 bash
    7 root      20   0    3992   3108   2608 S   0.0   0.0   0:00.08 bash
   13 root      20   0    3988   3228   2716 S   0.0   0.0   0:00.10 bash
  844 root      20   0    7864   2984   2628 R   0.0   0.0   0:00.23 top -bc -d 1 -n 6000
  845 root      20   0   96380  90004  12488 S   0.0   1.1   3:28.82 /usr/local/bin/python3.8 /usr/local/bin/zkay run --blockchain-backend w3-eth-tester .+

top - 21:59:54 up 1 day,  1:54,  0 users,  load average: 2.04, 1.59, 0.77
Tasks:   6 total,   2 running,   4 sleeping,   0 stopped,   0 zombie
%Cpu(s):  8.3 us,  0.1 sy,  0.0 ni, 91.5 id,  0.0 wa,  0.0 hi,  0.1 si,  0.0 st
MiB Mem :   7877.2 total,   2045.5 free,   3122.5 used,   2709.2 buff/cache
MiB Swap:   2048.0 total,   2048.0 free,      0.0 used.   4443.7 avail Mem 

  PID USER      PR  NI    VIRT    RES    SHR S  %CPU  %MEM     TIME+ COMMAND
 1492 root      20   0 1814636   1.7g   5112 R 100.0  22.3   0:12.80 /zkay/zkay/jsnark_interface/run_snark proofgen /tmp/tmp1abmqhz9 /tmp/tmp1abmqhz9/proo+
    1 root      20   0    3984   3232   2736 S   0.0   0.0   0:00.06 bash
    7 root      20   0    3992   3108   2608 S   0.0   0.0   0:00.08 bash
   13 root      20   0    3988   3228   2716 S   0.0   0.0   0:00.10 bash
  844 root      20   0    7864   2984   2628 R   0.0   0.0   0:00.23 top -bc -d 1 -n 6000
  845 root      20   0   96380  90004  12488 S   0.0   1.1   3:28.82 /usr/local/bin/python3.8 /usr/local/bin/zkay run --blockchain-backend w3-eth-tester .+

top - 21:59:55 up 1 day,  1:54,  0 users,  load average: 1.95, 1.58, 0.77
Tasks:   6 total,   2 running,   4 sleeping,   0 stopped,   0 zombie
%Cpu(s):  7.5 us,  0.8 sy,  0.0 ni, 91.7 id,  0.0 wa,  0.0 hi,  0.0 si,  0.0 st
MiB Mem :   7877.2 total,   2045.5 free,   3122.5 used,   2709.2 buff/cache
MiB Swap:   2048.0 total,   2048.0 free,      0.0 used.   4443.7 avail Mem 

  PID USER      PR  NI    VIRT    RES    SHR S  %CPU  %MEM     TIME+ COMMAND
 1492 root      20   0 2126648   1.8g   5112 R 100.0  23.9   0:13.80 /zkay/zkay/jsnark_interface/run_snark proofgen /tmp/tmp1abmqhz9 /tmp/tmp1abmqhz9/proo+
    1 root      20   0    3984   3232   2736 S   0.0   0.0   0:00.06 bash
    7 root      20   0    3992   3108   2608 S   0.0   0.0   0:00.08 bash
   13 root      20   0    3988   3228   2716 S   0.0   0.0   0:00.10 bash
  844 root      20   0    7864   2984   2628 R   0.0   0.0   0:00.23 top -bc -d 1 -n 6000
  845 root      20   0   96380  90004  12488 S   0.0   1.1   3:28.82 /usr/local/bin/python3.8 /usr/local/bin/zkay run --blockchain-backend w3-eth-tester .+

top - 21:59:56 up 1 day,  1:54,  0 users,  load average: 1.95, 1.58, 0.77
Tasks:   6 total,   2 running,   4 sleeping,   0 stopped,   0 zombie
%Cpu(s):  8.0 us,  0.6 sy,  0.0 ni, 91.3 id,  0.1 wa,  0.0 hi,  0.1 si,  0.0 st
MiB Mem :   7877.2 total,   1808.0 free,   3360.0 used,   2709.2 buff/cache
MiB Swap:   2048.0 total,   2048.0 free,      0.0 used.   4206.1 avail Mem 

  PID USER      PR  NI    VIRT    RES    SHR S  %CPU  %MEM     TIME+ COMMAND
 1492 root      20   0 2226424   1.9g   5112 R 100.0  25.3   0:14.81 /zkay/zkay/jsnark_interface/run_snark proofgen /tmp/tmp1abmqhz9 /tmp/tmp1abmqhz9/proo+
    1 root      20   0    3984   3232   2736 S   0.0   0.0   0:00.06 bash
    7 root      20   0    3992   3108   2608 S   0.0   0.0   0:00.08 bash
   13 root      20   0    3988   3228   2716 S   0.0   0.0   0:00.10 bash
  844 root      20   0    7864   2984   2628 R   0.0   0.0   0:00.23 top -bc -d 1 -n 6000
  845 root      20   0   96380  90004  12488 S   0.0   1.1   3:28.82 /usr/local/bin/python3.8 /usr/local/bin/zkay run --blockchain-backend w3-eth-tester .+

top - 21:59:57 up 1 day,  1:54,  0 users,  load average: 1.95, 1.58, 0.77
Tasks:   6 total,   2 running,   4 sleeping,   0 stopped,   0 zombie
%Cpu(s):  7.2 us,  1.2 sy,  0.0 ni, 91.7 id,  0.0 wa,  0.0 hi,  0.0 si,  0.0 st
MiB Mem :   7877.2 total,   1808.0 free,   3360.0 used,   2709.2 buff/cache
MiB Swap:   2048.0 total,   2048.0 free,      0.0 used.   4206.1 avail Mem 

  PID USER      PR  NI    VIRT    RES    SHR S  %CPU  %MEM     TIME+ COMMAND
 1492 root      20   0 2354956   2.1g   5112 R 100.0  27.8   0:15.81 /zkay/zkay/jsnark_interface/run_snark proofgen /tmp/tmp1abmqhz9 /tmp/tmp1abmqhz9/proo+
    1 root      20   0    3984   3232   2736 S   0.0   0.0   0:00.06 bash
    7 root      20   0    3992   3108   2608 S   0.0   0.0   0:00.08 bash
   13 root      20   0    3988   3228   2716 S   0.0   0.0   0:00.10 bash
  844 root      20   0    7864   2984   2628 R   0.0   0.0   0:00.23 top -bc -d 1 -n 6000
  845 root      20   0   96380  90004  12488 S   0.0   1.1   3:28.82 /usr/local/bin/python3.8 /usr/local/bin/zkay run --blockchain-backend w3-eth-tester .+

top - 21:59:58 up 1 day,  1:54,  0 users,  load average: 1.95, 1.58, 0.77
Tasks:   6 total,   2 running,   4 sleeping,   0 stopped,   0 zombie
%Cpu(s):  8.3 us,  0.6 sy,  0.0 ni, 90.1 id,  0.0 wa,  0.0 hi,  1.1 si,  0.0 st
MiB Mem :   7877.2 total,   1808.0 free,   3360.0 used,   2709.2 buff/cache
MiB Swap:   2048.0 total,   2048.0 free,      0.0 used.   4206.1 avail Mem 

  PID USER      PR  NI    VIRT    RES    SHR S  %CPU  %MEM     TIME+ COMMAND
 1492 root      20   0 2486980   2.4g   5112 R 100.0  30.6   0:16.81 /zkay/zkay/jsnark_interface/run_snark proofgen /tmp/tmp1abmqhz9 /tmp/tmp1abmqhz9/proo+
    1 root      20   0    3984   3232   2736 S   0.0   0.0   0:00.06 bash
    7 root      20   0    3992   3108   2608 S   0.0   0.0   0:00.08 bash
   13 root      20   0    3988   3228   2716 S   0.0   0.0   0:00.10 bash
  844 root      20   0    7864   2984   2628 R   0.0   0.0   0:00.23 top -bc -d 1 -n 6000
  845 root      20   0   96380  90004  12488 S   0.0   1.1   3:28.82 /usr/local/bin/python3.8 /usr/local/bin/zkay run --blockchain-backend w3-eth-tester .+

top - 21:59:59 up 1 day,  1:54,  0 users,  load average: 1.95, 1.58, 0.77
Tasks:   6 total,   2 running,   4 sleeping,   0 stopped,   0 zombie
%Cpu(s): 44.9 us,  4.2 sy,  0.0 ni, 50.9 id,  0.0 wa,  0.0 hi,  0.1 si,  0.0 st
MiB Mem :   7877.2 total,   1088.3 free,   4079.7 used,   2709.2 buff/cache
MiB Swap:   2048.0 total,   2048.0 free,      0.0 used.   3486.5 avail Mem 

  PID USER      PR  NI    VIRT    RES    SHR S  %CPU  %MEM     TIME+ COMMAND
 1492 root      20   0 3386428   2.7g   5112 R 579.0  34.5   0:22.60 /zkay/zkay/jsnark_interface/run_snark proofgen /tmp/tmp1abmqhz9 /tmp/tmp1abmqhz9/proo+
    1 root      20   0    3984   3232   2736 S   0.0   0.0   0:00.06 bash
    7 root      20   0    3992   3108   2608 S   0.0   0.0   0:00.08 bash
   13 root      20   0    3988   3228   2716 S   0.0   0.0   0:00.10 bash
  844 root      20   0    7864   2984   2628 R   0.0   0.0   0:00.23 top -bc -d 1 -n 6000
  845 root      20   0   96380  90004  12488 S   0.0   1.1   3:28.82 /usr/local/bin/python3.8 /usr/local/bin/zkay run --blockchain-backend w3-eth-tester .+

top - 22:00:00 up 1 day,  1:54,  0 users,  load average: 2.60, 1.72, 0.82
Tasks:   6 total,   1 running,   5 sleeping,   0 stopped,   0 zombie
%Cpu(s): 72.2 us,  5.4 sy,  0.0 ni, 22.4 id,  0.0 wa,  0.0 hi,  0.0 si,  0.0 st
MiB Mem :   7877.2 total,   1088.3 free,   4079.7 used,   2709.2 buff/cache
MiB Swap:   2048.0 total,   2048.0 free,      0.0 used.   3486.5 avail Mem 

  PID USER      PR  NI    VIRT    RES    SHR S  %CPU  %MEM     TIME+ COMMAND
 1492 root      20   0 3386428   2.9g   5112 S 944.0  37.8   0:32.04 /zkay/zkay/jsnark_interface/run_snark proofgen /tmp/tmp1abmqhz9 /tmp/tmp1abmqhz9/proo+
    1 root      20   0    3984   3232   2736 S   0.0   0.0   0:00.06 bash
    7 root      20   0    3992   3108   2608 S   0.0   0.0   0:00.08 bash
   13 root      20   0    3988   3228   2716 S   0.0   0.0   0:00.10 bash
  844 root      20   0    7864   2984   2628 R   0.0   0.0   0:00.23 top -bc -d 1 -n 6000
  845 root      20   0   96380  90004  12488 S   0.0   1.1   3:28.82 /usr/local/bin/python3.8 /usr/local/bin/zkay run --blockchain-backend w3-eth-tester .+

top - 22:00:01 up 1 day,  1:54,  0 users,  load average: 2.60, 1.72, 0.82
Tasks:   6 total,   2 running,   4 sleeping,   0 stopped,   0 zombie
%Cpu(s): 24.9 us,  1.7 sy,  0.0 ni, 73.3 id,  0.0 wa,  0.0 hi,  0.1 si,  0.0 st
MiB Mem :   7877.2 total,   1088.3 free,   4079.7 used,   2709.2 buff/cache
MiB Swap:   2048.0 total,   2048.0 free,      0.0 used.   3486.5 avail Mem 

  PID USER      PR  NI    VIRT    RES    SHR S  %CPU  %MEM     TIME+ COMMAND
 1492 root      20   0 3195840   2.8g   5112 R 312.0  36.3   0:35.16 /zkay/zkay/jsnark_interface/run_snark proofgen /tmp/tmp1abmqhz9 /tmp/tmp1abmqhz9/proo+
    1 root      20   0    3984   3232   2736 S   0.0   0.0   0:00.06 bash
    7 root      20   0    3992   3108   2608 S   0.0   0.0   0:00.08 bash
   13 root      20   0    3988   3228   2716 S   0.0   0.0   0:00.10 bash
  844 root      20   0    7864   2984   2628 R   0.0   0.0   0:00.23 top -bc -d 1 -n 6000
  845 root      20   0   96380  90004  12488 S   0.0   1.1   3:28.82 /usr/local/bin/python3.8 /usr/local/bin/zkay run --blockchain-backend w3-eth-tester .+

top - 22:00:02 up 1 day,  1:54,  0 users,  load average: 2.60, 1.72, 0.82
Tasks:   6 total,   2 running,   4 sleeping,   0 stopped,   0 zombie
%Cpu(s):  8.3 us,  0.0 sy,  0.0 ni, 91.6 id,  0.1 wa,  0.0 hi,  0.0 si,  0.0 st
MiB Mem :   7877.2 total,    929.5 free,   4238.5 used,   2709.2 buff/cache
MiB Swap:   2048.0 total,   2048.0 free,      0.0 used.   3327.7 avail Mem 

  PID USER      PR  NI    VIRT    RES    SHR S  %CPU  %MEM     TIME+ COMMAND
 1492 root      20   0 3199152   2.8g   5112 R 100.0  36.4   0:36.16 /zkay/zkay/jsnark_interface/run_snark proofgen /tmp/tmp1abmqhz9 /tmp/tmp1abmqhz9/proo+
    1 root      20   0    3984   3232   2736 S   0.0   0.0   0:00.06 bash
    7 root      20   0    3992   3108   2608 S   0.0   0.0   0:00.08 bash
   13 root      20   0    3988   3228   2716 S   0.0   0.0   0:00.10 bash
  844 root      20   0    7864   2984   2628 R   0.0   0.0   0:00.23 top -bc -d 1 -n 6000
  845 root      20   0   96380  90004  12488 S   0.0   1.1   3:28.82 /usr/local/bin/python3.8 /usr/local/bin/zkay run --blockchain-backend w3-eth-tester .+

top - 22:00:03 up 1 day,  1:54,  0 users,  load average: 2.60, 1.72, 0.82
Tasks:   6 total,   2 running,   4 sleeping,   0 stopped,   0 zombie
%Cpu(s):  8.4 us,  0.2 sy,  0.0 ni, 91.4 id,  0.0 wa,  0.0 hi,  0.1 si,  0.0 st
MiB Mem :   7877.2 total,    929.5 free,   4238.5 used,   2709.2 buff/cache
MiB Swap:   2048.0 total,   2048.0 free,      0.0 used.   3327.7 avail Mem 

  PID USER      PR  NI    VIRT    RES    SHR S  %CPU  %MEM     TIME+ COMMAND
 1492 root      20   0 3117472   2.7g   5112 R  99.0  35.5   0:37.16 /zkay/zkay/jsnark_interface/run_snark proofgen /tmp/tmp1abmqhz9 /tmp/tmp1abmqhz9/proo+
    1 root      20   0    3984   3232   2736 S   0.0   0.0   0:00.06 bash
    7 root      20   0    3992   3108   2608 S   0.0   0.0   0:00.08 bash
   13 root      20   0    3988   3228   2716 S   0.0   0.0   0:00.10 bash
  844 root      20   0    7864   2984   2628 R   0.0   0.0   0:00.23 top -bc -d 1 -n 6000
  845 root      20   0   96380  90004  12488 S   0.0   1.1   3:28.82 /usr/local/bin/python3.8 /usr/local/bin/zkay run --blockchain-backend w3-eth-tester .+

top - 22:00:04 up 1 day,  1:54,  0 users,  load average: 2.60, 1.72, 0.82
Tasks:   6 total,   2 running,   4 sleeping,   0 stopped,   0 zombie
%Cpu(s):  7.7 us,  0.7 sy,  0.0 ni, 91.6 id,  0.0 wa,  0.0 hi,  0.0 si,  0.0 st
MiB Mem :   7877.2 total,    929.5 free,   4238.5 used,   2709.2 buff/cache
MiB Swap:   2048.0 total,   2048.0 free,      0.0 used.   3327.7 avail Mem 

  PID USER      PR  NI    VIRT    RES    SHR S  %CPU  %MEM     TIME+ COMMAND
 1492 root      20   0 3199152   2.8g   5112 R 100.0  35.8   0:38.16 /zkay/zkay/jsnark_interface/run_snark proofgen /tmp/tmp1abmqhz9 /tmp/tmp1abmqhz9/proo+
    1 root      20   0    3984   3232   2736 S   0.0   0.0   0:00.06 bash
    7 root      20   0    3992   3108   2608 S   0.0   0.0   0:00.08 bash
   13 root      20   0    3988   3228   2716 S   0.0   0.0   0:00.10 bash
  844 root      20   0    7864   2984   2628 R   0.0   0.0   0:00.23 top -bc -d 1 -n 6000
  845 root      20   0   96380  90004  12488 S   0.0   1.1   3:28.82 /usr/local/bin/python3.8 /usr/local/bin/zkay run --blockchain-backend w3-eth-tester .+

top - 22:00:05 up 1 day,  1:54,  0 users,  load average: 2.47, 1.71, 0.82
Tasks:   6 total,   2 running,   4 sleeping,   0 stopped,   0 zombie
%Cpu(s):  7.2 us,  1.1 sy,  0.0 ni, 91.7 id,  0.0 wa,  0.0 hi,  0.0 si,  0.0 st
MiB Mem :   7877.2 total,    928.5 free,   4239.5 used,   2709.2 buff/cache
MiB Swap:   2048.0 total,   2048.0 free,      0.0 used.   3326.7 avail Mem 

  PID USER      PR  NI    VIRT    RES    SHR S  %CPU  %MEM     TIME+ COMMAND
 1492 root      20   0 3199152   2.8g   5112 R  99.0  36.5   0:39.15 /zkay/zkay/jsnark_interface/run_snark proofgen /tmp/tmp1abmqhz9 /tmp/tmp1abmqhz9/proo+
    1 root      20   0    3984   3232   2736 S   0.0   0.0   0:00.06 bash
    7 root      20   0    3992   3108   2608 S   0.0   0.0   0:00.08 bash
   13 root      20   0    3988   3228   2716 S   0.0   0.0   0:00.10 bash
  844 root      20   0    7864   2984   2628 R   0.0   0.0   0:00.23 top -bc -d 1 -n 6000
  845 root      20   0   96380  90004  12488 S   0.0   1.1   3:28.82 /usr/local/bin/python3.8 /usr/local/bin/zkay run --blockchain-backend w3-eth-tester .+

top - 22:00:06 up 1 day,  1:54,  0 users,  load average: 2.47, 1.71, 0.82
Tasks:   6 total,   2 running,   4 sleeping,   0 stopped,   0 zombie
%Cpu(s): 19.1 us,  0.0 sy,  0.0 ni, 80.9 id,  0.0 wa,  0.0 hi,  0.0 si,  0.0 st
MiB Mem :   7877.2 total,    928.5 free,   4239.5 used,   2709.2 buff/cache
MiB Swap:   2048.0 total,   2048.0 free,      0.0 used.   3326.7 avail Mem 

  PID USER      PR  NI    VIRT    RES    SHR S  %CPU  %MEM     TIME+ COMMAND
 1492 root      20   0 3199152   2.8g   5112 R 226.0  36.5   0:41.41 /zkay/zkay/jsnark_interface/run_snark proofgen /tmp/tmp1abmqhz9 /tmp/tmp1abmqhz9/proo+
    1 root      20   0    3984   3232   2736 S   0.0   0.0   0:00.06 bash
    7 root      20   0    3992   3108   2608 S   0.0   0.0   0:00.08 bash
   13 root      20   0    3988   3228   2716 S   0.0   0.0   0:00.10 bash
  844 root      20   0    7864   2984   2628 R   0.0   0.0   0:00.23 top -bc -d 1 -n 6000
  845 root      20   0   96380  90004  12488 S   0.0   1.1   3:28.82 /usr/local/bin/python3.8 /usr/local/bin/zkay run --blockchain-backend w3-eth-tester .+

top - 22:00:07 up 1 day,  1:54,  0 users,  load average: 2.47, 1.71, 0.82
Tasks:   6 total,   2 running,   4 sleeping,   0 stopped,   0 zombie
%Cpu(s): 25.5 us,  0.0 sy,  0.0 ni, 74.4 id,  0.0 wa,  0.0 hi,  0.1 si,  0.0 st
MiB Mem :   7877.2 total,    928.5 free,   4239.5 used,   2709.2 buff/cache
MiB Swap:   2048.0 total,   2048.0 free,      0.0 used.   3326.7 avail Mem 

  PID USER      PR  NI    VIRT    RES    SHR S  %CPU  %MEM     TIME+ COMMAND
 1492 root      20   0 3199152   2.8g   5112 R 319.0  36.5   0:44.60 /zkay/zkay/jsnark_interface/run_snark proofgen /tmp/tmp1abmqhz9 /tmp/tmp1abmqhz9/proo+
    1 root      20   0    3984   3232   2736 S   0.0   0.0   0:00.06 bash
    7 root      20   0    3992   3108   2608 S   0.0   0.0   0:00.08 bash
   13 root      20   0    3988   3228   2716 S   0.0   0.0   0:00.10 bash
  844 root      20   0    7864   2984   2628 R   0.0   0.0   0:00.23 top -bc -d 1 -n 6000
  845 root      20   0   96380  90004  12488 S   0.0   1.1   3:28.82 /usr/local/bin/python3.8 /usr/local/bin/zkay run --blockchain-backend w3-eth-tester .+

top - 22:00:08 up 1 day,  1:54,  0 users,  load average: 2.47, 1.71, 0.82
Tasks:   6 total,   2 running,   4 sleeping,   0 stopped,   0 zombie
%Cpu(s): 25.5 us,  0.7 sy,  0.0 ni, 73.2 id,  0.0 wa,  0.0 hi,  0.7 si,  0.0 st
MiB Mem :   7877.2 total,    926.1 free,   4241.9 used,   2709.2 buff/cache
MiB Swap:   2048.0 total,   2048.0 free,      0.0 used.   3324.2 avail Mem 

  PID USER      PR  NI    VIRT    RES    SHR S  %CPU  %MEM     TIME+ COMMAND
 1492 root      20   0 3199152   2.8g   5112 R 297.0  36.5   0:47.57 /zkay/zkay/jsnark_interface/run_snark proofgen /tmp/tmp1abmqhz9 /tmp/tmp1abmqhz9/proo+
  844 root      20   0    7864   2984   2628 R   1.0   0.0   0:00.24 top -bc -d 1 -n 6000
    1 root      20   0    3984   3232   2736 S   0.0   0.0   0:00.06 bash
    7 root      20   0    3992   3108   2608 S   0.0   0.0   0:00.08 bash
   13 root      20   0    3988   3228   2716 S   0.0   0.0   0:00.10 bash
  845 root      20   0   96380  90004  12488 S   0.0   1.1   3:28.82 /usr/local/bin/python3.8 /usr/local/bin/zkay run --blockchain-backend w3-eth-tester .+

top - 22:00:09 up 1 day,  1:54,  0 users,  load average: 2.47, 1.71, 0.82
Tasks:   6 total,   2 running,   4 sleeping,   0 stopped,   0 zombie
%Cpu(s): 25.8 us,  0.2 sy,  0.0 ni, 73.2 id,  0.0 wa,  0.0 hi,  0.7 si,  0.0 st
MiB Mem :   7877.2 total,    926.1 free,   4241.9 used,   2709.2 buff/cache
MiB Swap:   2048.0 total,   2048.0 free,      0.0 used.   3324.2 avail Mem 

  PID USER      PR  NI    VIRT    RES    SHR S  %CPU  %MEM     TIME+ COMMAND
 1492 root      20   0 3199152   2.8g   5112 R 309.0  36.5   0:50.66 /zkay/zkay/jsnark_interface/run_snark proofgen /tmp/tmp1abmqhz9 /tmp/tmp1abmqhz9/proo+
    1 root      20   0    3984   3232   2736 S   0.0   0.0   0:00.06 bash
    7 root      20   0    3992   3108   2608 S   0.0   0.0   0:00.08 bash
   13 root      20   0    3988   3228   2716 S   0.0   0.0   0:00.10 bash
  844 root      20   0    7864   2984   2628 R   0.0   0.0   0:00.24 top -bc -d 1 -n 6000
  845 root      20   0   96380  90004  12488 S   0.0   1.1   3:28.82 /usr/local/bin/python3.8 /usr/local/bin/zkay run --blockchain-backend w3-eth-tester .+

top - 22:00:10 up 1 day,  1:54,  0 users,  load average: 2.35, 1.69, 0.82
Tasks:   6 total,   2 running,   4 sleeping,   0 stopped,   0 zombie
%Cpu(s): 14.5 us,  0.1 sy,  0.0 ni, 85.4 id,  0.0 wa,  0.0 hi,  0.0 si,  0.0 st
MiB Mem :   7877.2 total,    926.1 free,   4241.9 used,   2709.2 buff/cache
MiB Swap:   2048.0 total,   2048.0 free,      0.0 used.   3324.2 avail Mem 

  PID USER      PR  NI    VIRT    RES    SHR S  %CPU  %MEM     TIME+ COMMAND
 1492 root      20   0 3199152   2.8g   5112 R 170.3  36.5   0:52.38 /zkay/zkay/jsnark_interface/run_snark proofgen /tmp/tmp1abmqhz9 /tmp/tmp1abmqhz9/proo+
    1 root      20   0    3984   3232   2736 S   0.0   0.0   0:00.06 bash
    7 root      20   0    3992   3108   2608 S   0.0   0.0   0:00.08 bash
   13 root      20   0    3988   3228   2716 S   0.0   0.0   0:00.10 bash
  844 root      20   0    7864   2984   2628 R   0.0   0.0   0:00.24 top -bc -d 1 -n 6000
  845 root      20   0   96380  90004  12488 S   0.0   1.1   3:28.82 /usr/local/bin/python3.8 /usr/local/bin/zkay run --blockchain-backend w3-eth-tester .+

top - 22:00:11 up 1 day,  1:54,  0 users,  load average: 2.35, 1.69, 0.82
Tasks:   6 total,   1 running,   5 sleeping,   0 stopped,   0 zombie
%Cpu(s): 28.4 us,  0.0 sy,  0.0 ni, 71.6 id,  0.0 wa,  0.0 hi,  0.0 si,  0.0 st
MiB Mem :   7877.2 total,    926.1 free,   4241.9 used,   2709.2 buff/cache
MiB Swap:   2048.0 total,   2048.0 free,      0.0 used.   3324.2 avail Mem 

  PID USER      PR  NI    VIRT    RES    SHR S  %CPU  %MEM     TIME+ COMMAND
 1492 root      20   0 3199152   2.8g   5112 S 338.0  36.5   0:55.76 /zkay/zkay/jsnark_interface/run_snark proofgen /tmp/tmp1abmqhz9 /tmp/tmp1abmqhz9/proo+
    1 root      20   0    3984   3232   2736 S   0.0   0.0   0:00.06 bash
    7 root      20   0    3992   3108   2608 S   0.0   0.0   0:00.08 bash
   13 root      20   0    3988   3228   2716 S   0.0   0.0   0:00.10 bash
  844 root      20   0    7864   2984   2628 R   0.0   0.0   0:00.24 top -bc -d 1 -n 6000
  845 root      20   0   96380  90004  12488 S   0.0   1.1   3:28.82 /usr/local/bin/python3.8 /usr/local/bin/zkay run --blockchain-backend w3-eth-tester .+

top - 22:00:12 up 1 day,  1:54,  0 users,  load average: 2.35, 1.69, 0.82
Tasks:   6 total,   2 running,   4 sleeping,   0 stopped,   0 zombie
%Cpu(s): 53.1 us,  0.2 sy,  0.0 ni, 46.7 id,  0.0 wa,  0.0 hi,  0.0 si,  0.0 st
MiB Mem :   7877.2 total,    926.1 free,   4241.9 used,   2709.2 buff/cache
MiB Swap:   2048.0 total,   2048.0 free,      0.0 used.   3324.2 avail Mem 

  PID USER      PR  NI    VIRT    RES    SHR S  %CPU  %MEM     TIME+ COMMAND
 1492 root      20   0 3199152   2.8g   5112 R 638.0  36.5   1:02.14 /zkay/zkay/jsnark_interface/run_snark proofgen /tmp/tmp1abmqhz9 /tmp/tmp1abmqhz9/proo+
    1 root      20   0    3984   3232   2736 S   0.0   0.0   0:00.06 bash
    7 root      20   0    3992   3108   2608 S   0.0   0.0   0:00.08 bash
   13 root      20   0    3988   3228   2716 S   0.0   0.0   0:00.10 bash
  844 root      20   0    7864   2984   2628 R   0.0   0.0   0:00.24 top -bc -d 1 -n 6000
  845 root      20   0   96380  90004  12488 S   0.0   1.1   3:28.82 /usr/local/bin/python3.8 /usr/local/bin/zkay run --blockchain-backend w3-eth-tester .+

top - 22:00:13 up 1 day,  1:54,  0 users,  load average: 2.35, 1.69, 0.82
Tasks:   6 total,   2 running,   4 sleeping,   0 stopped,   0 zombie
%Cpu(s): 98.3 us,  0.0 sy,  0.0 ni,  1.7 id,  0.0 wa,  0.0 hi,  0.0 si,  0.0 st
MiB Mem :   7877.2 total,    926.1 free,   4241.9 used,   2709.2 buff/cache
MiB Swap:   2048.0 total,   2048.0 free,      0.0 used.   3324.2 avail Mem 

  PID USER      PR  NI    VIRT    RES    SHR S  %CPU  %MEM     TIME+ COMMAND
 1492 root      20   0 3199152   2.8g   5112 R  1180  36.5   1:13.94 /zkay/zkay/jsnark_interface/run_snark proofgen /tmp/tmp1abmqhz9 /tmp/tmp1abmqhz9/proo+
    1 root      20   0    3984   3232   2736 S   0.0   0.0   0:00.06 bash
    7 root      20   0    3992   3108   2608 S   0.0   0.0   0:00.08 bash
   13 root      20   0    3988   3228   2716 S   0.0   0.0   0:00.10 bash
  844 root      20   0    7864   2984   2628 R   0.0   0.0   0:00.24 top -bc -d 1 -n 6000
  845 root      20   0   96380  90004  12488 S   0.0   1.1   3:28.82 /usr/local/bin/python3.8 /usr/local/bin/zkay run --blockchain-backend w3-eth-tester .+

top - 22:00:14 up 1 day,  1:54,  0 users,  load average: 2.35, 1.69, 0.82
Tasks:   6 total,   2 running,   4 sleeping,   0 stopped,   0 zombie
%Cpu(s):100.0 us,  0.0 sy,  0.0 ni,  0.0 id,  0.0 wa,  0.0 hi,  0.0 si,  0.0 st
MiB Mem :   7877.2 total,    923.3 free,   4244.7 used,   2709.2 buff/cache
MiB Swap:   2048.0 total,   2048.0 free,      0.0 used.   3321.5 avail Mem 

  PID USER      PR  NI    VIRT    RES    SHR S  %CPU  %MEM     TIME+ COMMAND
 1492 root      20   0 3199152   2.8g   5112 R  1200  36.5   1:25.94 /zkay/zkay/jsnark_interface/run_snark proofgen /tmp/tmp1abmqhz9 /tmp/tmp1abmqhz9/proo+
    1 root      20   0    3984   3232   2736 S   0.0   0.0   0:00.06 bash
    7 root      20   0    3992   3108   2608 S   0.0   0.0   0:00.08 bash
   13 root      20   0    3988   3228   2716 S   0.0   0.0   0:00.10 bash
  844 root      20   0    7864   2984   2628 R   0.0   0.0   0:00.24 top -bc -d 1 -n 6000
  845 root      20   0   96380  90004  12488 S   0.0   1.1   3:28.82 /usr/local/bin/python3.8 /usr/local/bin/zkay run --blockchain-backend w3-eth-tester .+

top - 22:00:15 up 1 day,  1:54,  0 users,  load average: 3.12, 1.87, 0.88
Tasks:   6 total,   2 running,   4 sleeping,   0 stopped,   0 zombie
%Cpu(s):100.0 us,  0.0 sy,  0.0 ni,  0.0 id,  0.0 wa,  0.0 hi,  0.0 si,  0.0 st
MiB Mem :   7877.2 total,    923.3 free,   4244.7 used,   2709.2 buff/cache
MiB Swap:   2048.0 total,   2048.0 free,      0.0 used.   3321.5 avail Mem 

  PID USER      PR  NI    VIRT    RES    SHR S  %CPU  %MEM     TIME+ COMMAND
 1492 root      20   0 3199152   2.8g   5112 R  1199  36.5   1:37.93 /zkay/zkay/jsnark_interface/run_snark proofgen /tmp/tmp1abmqhz9 /tmp/tmp1abmqhz9/proo+
    1 root      20   0    3984   3232   2736 S   0.0   0.0   0:00.06 bash
    7 root      20   0    3992   3108   2608 S   0.0   0.0   0:00.08 bash
   13 root      20   0    3988   3228   2716 S   0.0   0.0   0:00.10 bash
  844 root      20   0    7864   2984   2628 R   0.0   0.0   0:00.24 top -bc -d 1 -n 6000
  845 root      20   0   96380  90004  12488 S   0.0   1.1   3:28.82 /usr/local/bin/python3.8 /usr/local/bin/zkay run --blockchain-backend w3-eth-tester .+

top - 22:00:16 up 1 day,  1:54,  0 users,  load average: 3.12, 1.87, 0.88
Tasks:   6 total,   2 running,   4 sleeping,   0 stopped,   0 zombie
%Cpu(s): 56.2 us,  0.1 sy,  0.0 ni, 43.3 id,  0.0 wa,  0.0 hi,  0.4 si,  0.0 st
MiB Mem :   7877.2 total,    923.3 free,   4244.7 used,   2709.2 buff/cache
MiB Swap:   2048.0 total,   2048.0 free,      0.0 used.   3321.5 avail Mem 

  PID USER      PR  NI    VIRT    RES    SHR S  %CPU  %MEM     TIME+ COMMAND
 1492 root      20   0 3199152   2.8g   5112 R 679.0  36.5   1:44.72 /zkay/zkay/jsnark_interface/run_snark proofgen /tmp/tmp1abmqhz9 /tmp/tmp1abmqhz9/proo+
    1 root      20   0    3984   3232   2736 S   0.0   0.0   0:00.06 bash
    7 root      20   0    3992   3108   2608 S   0.0   0.0   0:00.08 bash
   13 root      20   0    3988   3228   2716 S   0.0   0.0   0:00.10 bash
  844 root      20   0    7864   2984   2628 R   0.0   0.0   0:00.24 top -bc -d 1 -n 6000
  845 root      20   0   96380  90004  12488 S   0.0   1.1   3:28.82 /usr/local/bin/python3.8 /usr/local/bin/zkay run --blockchain-backend w3-eth-tester .+

top - 22:00:17 up 1 day,  1:54,  0 users,  load average: 3.12, 1.87, 0.88
Tasks:   5 total,   2 running,   3 sleeping,   0 stopped,   0 zombie
%Cpu(s):  7.6 us,  0.8 sy,  0.0 ni, 91.1 id,  0.0 wa,  0.0 hi,  0.5 si,  0.0 st
MiB Mem :   7877.2 total,   3867.8 free,   1370.2 used,   2639.2 buff/cache
MiB Swap:   2048.0 total,   2048.0 free,      0.0 used.   6196.1 avail Mem 

  PID USER      PR  NI    VIRT    RES    SHR S  %CPU  %MEM     TIME+ COMMAND
  845 root      20   0   96380  90004  12488 R  82.2   1.1   3:29.65 /usr/local/bin/python3.8 /usr/local/bin/zkay run --blockchain-backend w3-eth-tester .+
    1 root      20   0    3984   3232   2736 S   0.0   0.0   0:00.06 bash
    7 root      20   0    3992   3108   2608 S   0.0   0.0   0:00.08 bash
   13 root      20   0    3988   3228   2716 S   0.0   0.0   0:00.10 bash
  844 root      20   0    7864   2984   2628 R   0.0   0.0   0:00.24 top -bc -d 1 -n 6000

top - 22:00:18 up 1 day,  1:54,  0 users,  load average: 3.12, 1.87, 0.88
Tasks:   5 total,   2 running,   3 sleeping,   0 stopped,   0 zombie
%Cpu(s):  8.5 us,  0.7 sy,  0.0 ni, 89.8 id,  0.0 wa,  0.0 hi,  1.0 si,  0.0 st
MiB Mem :   7877.2 total,   3867.8 free,   1370.2 used,   2639.2 buff/cache
MiB Swap:   2048.0 total,   2048.0 free,      0.0 used.   6196.1 avail Mem 

  PID USER      PR  NI    VIRT    RES    SHR S  %CPU  %MEM     TIME+ COMMAND
  845 root      20   0   96380  90004  12488 R 100.0   1.1   3:30.65 /usr/local/bin/python3.8 /usr/local/bin/zkay run --blockchain-backend w3-eth-tester .+
    1 root      20   0    3984   3232   2736 S   0.0   0.0   0:00.06 bash
    7 root      20   0    3992   3108   2608 S   0.0   0.0   0:00.08 bash
   13 root      20   0    3988   3228   2716 S   0.0   0.0   0:00.10 bash
  844 root      20   0    7864   2984   2628 R   0.0   0.0   0:00.24 top -bc -d 1 -n 6000

top - 22:00:19 up 1 day,  1:54,  0 users,  load average: 3.12, 1.87, 0.88
Tasks:   5 total,   2 running,   3 sleeping,   0 stopped,   0 zombie
%Cpu(s):  8.2 us,  0.6 sy,  0.0 ni, 90.8 id,  0.0 wa,  0.0 hi,  0.3 si,  0.0 st
MiB Mem :   7877.2 total,   3867.8 free,   1370.2 used,   2639.2 buff/cache
MiB Swap:   2048.0 total,   2048.0 free,      0.0 used.   6196.1 avail Mem 

  PID USER      PR  NI    VIRT    RES    SHR S  %CPU  %MEM     TIME+ COMMAND
  845 root      20   0   96380  90004  12488 R 100.0   1.1   3:31.65 /usr/local/bin/python3.8 /usr/local/bin/zkay run --blockchain-backend w3-eth-tester .+
    1 root      20   0    3984   3232   2736 S   0.0   0.0   0:00.06 bash
    7 root      20   0    3992   3108   2608 S   0.0   0.0   0:00.08 bash
   13 root      20   0    3988   3228   2716 S   0.0   0.0   0:00.10 bash
  844 root      20   0    7864   2984   2628 R   0.0   0.0   0:00.24 top -bc -d 1 -n 6000

top - 22:00:20 up 1 day,  1:54,  0 users,  load average: 2.95, 1.85, 0.88
Tasks:   5 total,   2 running,   3 sleeping,   0 stopped,   0 zombie
%Cpu(s):  8.3 us,  0.0 sy,  0.0 ni, 91.6 id,  0.1 wa,  0.0 hi,  0.0 si,  0.0 st
MiB Mem :   7877.2 total,   3865.9 free,   1372.1 used,   2639.2 buff/cache
MiB Swap:   2048.0 total,   2048.0 free,      0.0 used.   6194.0 avail Mem 

  PID USER      PR  NI    VIRT    RES    SHR S  %CPU  %MEM     TIME+ COMMAND
  845 root      20   0   96380  90004  12488 R 100.0   1.1   3:32.65 /usr/local/bin/python3.8 /usr/local/bin/zkay run --blockchain-backend w3-eth-tester .+
    1 root      20   0    3984   3232   2736 S   0.0   0.0   0:00.06 bash
    7 root      20   0    3992   3108   2608 S   0.0   0.0   0:00.08 bash
   13 root      20   0    3988   3228   2716 S   0.0   0.0   0:00.10 bash
  844 root      20   0    7864   2984   2628 R   0.0   0.0   0:00.24 top -bc -d 1 -n 6000

top - 22:00:21 up 1 day,  1:54,  0 users,  load average: 2.95, 1.85, 0.88
Tasks:   5 total,   2 running,   3 sleeping,   0 stopped,   0 zombie
%Cpu(s):  8.3 us,  0.2 sy,  0.0 ni, 91.5 id,  0.0 wa,  0.0 hi,  0.0 si,  0.0 st
MiB Mem :   7877.2 total,   3865.9 free,   1372.1 used,   2639.2 buff/cache
MiB Swap:   2048.0 total,   2048.0 free,      0.0 used.   6194.0 avail Mem 

  PID USER      PR  NI    VIRT    RES    SHR S  %CPU  %MEM     TIME+ COMMAND
  845 root      20   0   96380  90004  12488 R 100.0   1.1   3:33.65 /usr/local/bin/python3.8 /usr/local/bin/zkay run --blockchain-backend w3-eth-tester .+
    1 root      20   0    3984   3232   2736 S   0.0   0.0   0:00.06 bash
    7 root      20   0    3992   3108   2608 S   0.0   0.0   0:00.08 bash
   13 root      20   0    3988   3228   2716 S   0.0   0.0   0:00.10 bash
  844 root      20   0    7864   2984   2628 R   0.0   0.0   0:00.24 top -bc -d 1 -n 6000

top - 22:00:22 up 1 day,  1:54,  0 users,  load average: 2.95, 1.85, 0.88
Tasks:   5 total,   2 running,   3 sleeping,   0 stopped,   0 zombie
%Cpu(s):  8.3 us,  0.0 sy,  0.0 ni, 91.6 id,  0.1 wa,  0.0 hi,  0.0 si,  0.0 st
MiB Mem :   7877.2 total,   3865.9 free,   1372.1 used,   2639.2 buff/cache
MiB Swap:   2048.0 total,   2048.0 free,      0.0 used.   6194.0 avail Mem 

  PID USER      PR  NI    VIRT    RES    SHR S  %CPU  %MEM     TIME+ COMMAND
  845 root      20   0   96380  90004  12488 R 100.0   1.1   3:34.65 /usr/local/bin/python3.8 /usr/local/bin/zkay run --blockchain-backend w3-eth-tester .+
    1 root      20   0    3984   3232   2736 S   0.0   0.0   0:00.06 bash
    7 root      20   0    3992   3108   2608 S   0.0   0.0   0:00.08 bash
   13 root      20   0    3988   3228   2716 S   0.0   0.0   0:00.10 bash
  844 root      20   0    7864   2984   2628 R   0.0   0.0   0:00.24 top -bc -d 1 -n 6000

top - 22:00:23 up 1 day,  1:54,  0 users,  load average: 2.95, 1.85, 0.88
Tasks:   5 total,   2 running,   3 sleeping,   0 stopped,   0 zombie
%Cpu(s):  8.4 us,  0.3 sy,  0.0 ni, 91.2 id,  0.0 wa,  0.0 hi,  0.0 si,  0.0 st
MiB Mem :   7877.2 total,   3865.9 free,   1372.1 used,   2639.2 buff/cache
MiB Swap:   2048.0 total,   2048.0 free,      0.0 used.   6194.1 avail Mem 

  PID USER      PR  NI    VIRT    RES    SHR S  %CPU  %MEM     TIME+ COMMAND
  845 root      20   0   96380  90004  12488 R 100.0   1.1   3:35.65 /usr/local/bin/python3.8 /usr/local/bin/zkay run --blockchain-backend w3-eth-tester .+
    1 root      20   0    3984   3232   2736 S   0.0   0.0   0:00.06 bash
    7 root      20   0    3992   3108   2608 S   0.0   0.0   0:00.08 bash
   13 root      20   0    3988   3228   2716 S   0.0   0.0   0:00.10 bash
  844 root      20   0    7864   2984   2628 R   0.0   0.0   0:00.24 top -bc -d 1 -n 6000

top - 22:00:24 up 1 day,  1:54,  0 users,  load average: 2.95, 1.85, 0.88
Tasks:   5 total,   2 running,   3 sleeping,   0 stopped,   0 zombie
%Cpu(s):  8.3 us,  0.0 sy,  0.0 ni, 91.7 id,  0.0 wa,  0.0 hi,  0.0 si,  0.0 st
MiB Mem :   7877.2 total,   3865.9 free,   1372.1 used,   2639.2 buff/cache
MiB Swap:   2048.0 total,   2048.0 free,      0.0 used.   6194.1 avail Mem 

  PID USER      PR  NI    VIRT    RES    SHR S  %CPU  %MEM     TIME+ COMMAND
  845 root      20   0   96380  90004  12488 R 100.0   1.1   3:36.65 /usr/local/bin/python3.8 /usr/local/bin/zkay run --blockchain-backend w3-eth-tester .+
    1 root      20   0    3984   3232   2736 S   0.0   0.0   0:00.06 bash
    7 root      20   0    3992   3108   2608 S   0.0   0.0   0:00.08 bash
   13 root      20   0    3988   3228   2716 S   0.0   0.0   0:00.10 bash
  844 root      20   0    7864   2984   2628 R   0.0   0.0   0:00.24 top -bc -d 1 -n 6000

top - 22:00:25 up 1 day,  1:54,  0 users,  load average: 2.80, 1.84, 0.88
Tasks:   5 total,   2 running,   3 sleeping,   0 stopped,   0 zombie
%Cpu(s):  8.3 us,  0.3 sy,  0.0 ni, 91.3 id,  0.0 wa,  0.0 hi,  0.0 si,  0.0 st
MiB Mem :   7877.2 total,   3865.9 free,   1372.1 used,   2639.2 buff/cache
MiB Swap:   2048.0 total,   2048.0 free,      0.0 used.   6194.1 avail Mem 

  PID USER      PR  NI    VIRT    RES    SHR S  %CPU  %MEM     TIME+ COMMAND
  845 root      20   0   96380  90004  12488 R 100.0   1.1   3:37.65 /usr/local/bin/python3.8 /usr/local/bin/zkay run --blockchain-backend w3-eth-tester .+
    1 root      20   0    3984   3232   2736 S   0.0   0.0   0:00.06 bash
    7 root      20   0    3992   3108   2608 S   0.0   0.0   0:00.08 bash
   13 root      20   0    3988   3228   2716 S   0.0   0.0   0:00.10 bash
  844 root      20   0    7864   2984   2628 R   0.0   0.0   0:00.24 top -bc -d 1 -n 6000

top - 22:00:26 up 1 day,  1:54,  0 users,  load average: 2.80, 1.84, 0.88
Tasks:   5 total,   2 running,   3 sleeping,   0 stopped,   0 zombie
%Cpu(s):  8.4 us,  0.1 sy,  0.0 ni, 91.4 id,  0.1 wa,  0.0 hi,  0.0 si,  0.0 st
MiB Mem :   7877.2 total,   3865.7 free,   1372.3 used,   2639.2 buff/cache
MiB Swap:   2048.0 total,   2048.0 free,      0.0 used.   6193.8 avail Mem 

  PID USER      PR  NI    VIRT    RES    SHR S  %CPU  %MEM     TIME+ COMMAND
  845 root      20   0   96380  90004  12488 R 100.0   1.1   3:38.66 /usr/local/bin/python3.8 /usr/local/bin/zkay run --blockchain-backend w3-eth-tester .+
    1 root      20   0    3984   3232   2736 S   0.0   0.0   0:00.06 bash
    7 root      20   0    3992   3108   2608 S   0.0   0.0   0:00.08 bash
   13 root      20   0    3988   3228   2716 S   0.0   0.0   0:00.10 bash
  844 root      20   0    7864   2984   2628 R   0.0   0.0   0:00.24 top -bc -d 1 -n 6000

top - 22:00:27 up 1 day,  1:54,  0 users,  load average: 2.80, 1.84, 0.88
Tasks:   5 total,   2 running,   3 sleeping,   0 stopped,   0 zombie
%Cpu(s):  8.4 us,  0.2 sy,  0.0 ni, 91.3 id,  0.0 wa,  0.0 hi,  0.0 si,  0.0 st
MiB Mem :   7877.2 total,   3865.7 free,   1372.3 used,   2639.2 buff/cache
MiB Swap:   2048.0 total,   2048.0 free,      0.0 used.   6193.8 avail Mem 

  PID USER      PR  NI    VIRT    RES    SHR S  %CPU  %MEM     TIME+ COMMAND
  845 root      20   0   96380  90004  12488 R 100.0   1.1   3:39.66 /usr/local/bin/python3.8 /usr/local/bin/zkay run --blockchain-backend w3-eth-tester .+
  844 root      20   0    7864   2984   2628 R   1.0   0.0   0:00.25 top -bc -d 1 -n 6000
    1 root      20   0    3984   3232   2736 S   0.0   0.0   0:00.06 bash
    7 root      20   0    3992   3108   2608 S   0.0   0.0   0:00.08 bash
   13 root      20   0    3988   3228   2716 S   0.0   0.0   0:00.10 bash

top - 22:00:28 up 1 day,  1:54,  0 users,  load average: 2.80, 1.84, 0.88
Tasks:   5 total,   2 running,   3 sleeping,   0 stopped,   0 zombie
%Cpu(s):  8.6 us,  0.8 sy,  0.0 ni, 88.9 id,  0.0 wa,  0.0 hi,  1.7 si,  0.0 st
MiB Mem :   7877.2 total,   3865.7 free,   1372.3 used,   2639.2 buff/cache
MiB Swap:   2048.0 total,   2048.0 free,      0.0 used.   6193.8 avail Mem 

  PID USER      PR  NI    VIRT    RES    SHR S  %CPU  %MEM     TIME+ COMMAND
  845 root      20   0   96380  90004  12488 R 100.0   1.1   3:40.66 /usr/local/bin/python3.8 /usr/local/bin/zkay run --blockchain-backend w3-eth-tester .+
    1 root      20   0    3984   3232   2736 S   0.0   0.0   0:00.06 bash
    7 root      20   0    3992   3108   2608 S   0.0   0.0   0:00.08 bash
   13 root      20   0    3988   3228   2716 S   0.0   0.0   0:00.10 bash
  844 root      20   0    7864   2984   2628 R   0.0   0.0   0:00.25 top -bc -d 1 -n 6000

top - 22:00:29 up 1 day,  1:54,  0 users,  load average: 2.80, 1.84, 0.88
Tasks:   5 total,   2 running,   3 sleeping,   0 stopped,   0 zombie
%Cpu(s):  8.3 us,  0.2 sy,  0.0 ni, 91.2 id,  0.0 wa,  0.0 hi,  0.2 si,  0.0 st
MiB Mem :   7877.2 total,   3863.9 free,   1374.1 used,   2639.2 buff/cache
MiB Swap:   2048.0 total,   2048.0 free,      0.0 used.   6192.0 avail Mem 

  PID USER      PR  NI    VIRT    RES    SHR S  %CPU  %MEM     TIME+ COMMAND
  845 root      20   0   96380  90004  12488 R 100.0   1.1   3:41.66 /usr/local/bin/python3.8 /usr/local/bin/zkay run --blockchain-backend w3-eth-tester .+
    1 root      20   0    3984   3232   2736 S   0.0   0.0   0:00.06 bash
    7 root      20   0    3992   3108   2608 S   0.0   0.0   0:00.08 bash
   13 root      20   0    3988   3228   2716 S   0.0   0.0   0:00.10 bash
  844 root      20   0    7864   2984   2628 R   0.0   0.0   0:00.25 top -bc -d 1 -n 6000

top - 22:00:30 up 1 day,  1:54,  0 users,  load average: 2.65, 1.82, 0.88
Tasks:   5 total,   2 running,   3 sleeping,   0 stopped,   0 zombie
%Cpu(s):  8.3 us,  0.0 sy,  0.0 ni, 91.7 id,  0.0 wa,  0.0 hi,  0.0 si,  0.0 st
MiB Mem :   7877.2 total,   3863.9 free,   1374.1 used,   2639.2 buff/cache
MiB Swap:   2048.0 total,   2048.0 free,      0.0 used.   6192.0 avail Mem 

  PID USER      PR  NI    VIRT    RES    SHR S  %CPU  %MEM     TIME+ COMMAND
  845 root      20   0   96380  90004  12488 R 100.0   1.1   3:42.66 /usr/local/bin/python3.8 /usr/local/bin/zkay run --blockchain-backend w3-eth-tester .+
    1 root      20   0    3984   3232   2736 S   0.0   0.0   0:00.06 bash
    7 root      20   0    3992   3108   2608 S   0.0   0.0   0:00.08 bash
   13 root      20   0    3988   3228   2716 S   0.0   0.0   0:00.10 bash
  844 root      20   0    7864   2984   2628 R   0.0   0.0   0:00.25 top -bc -d 1 -n 6000

top - 22:00:31 up 1 day,  1:54,  0 users,  load average: 2.65, 1.82, 0.88
Tasks:   5 total,   2 running,   3 sleeping,   0 stopped,   0 zombie
%Cpu(s):  8.3 us,  0.2 sy,  0.0 ni, 91.4 id,  0.0 wa,  0.0 hi,  0.0 si,  0.0 st
MiB Mem :   7877.2 total,   3863.9 free,   1374.1 used,   2639.2 buff/cache
MiB Swap:   2048.0 total,   2048.0 free,      0.0 used.   6192.0 avail Mem 

  PID USER      PR  NI    VIRT    RES    SHR S  %CPU  %MEM     TIME+ COMMAND
  845 root      20   0   96380  90004  12488 R 100.0   1.1   3:43.66 /usr/local/bin/python3.8 /usr/local/bin/zkay run --blockchain-backend w3-eth-tester .+
    1 root      20   0    3984   3232   2736 S   0.0   0.0   0:00.06 bash
    7 root      20   0    3992   3108   2608 S   0.0   0.0   0:00.08 bash
   13 root      20   0    3988   3228   2716 S   0.0   0.0   0:00.10 bash
  844 root      20   0    7864   2984   2628 R   0.0   0.0   0:00.25 top -bc -d 1 -n 6000

top - 22:00:32 up 1 day,  1:54,  0 users,  load average: 2.65, 1.82, 0.88
Tasks:   5 total,   2 running,   3 sleeping,   0 stopped,   0 zombie
%Cpu(s):  8.3 us,  0.0 sy,  0.0 ni, 91.4 id,  0.2 wa,  0.0 hi,  0.1 si,  0.0 st
MiB Mem :   7877.2 total,   3863.9 free,   1374.1 used,   2639.2 buff/cache
MiB Swap:   2048.0 total,   2048.0 free,      0.0 used.   6192.0 avail Mem 

  PID USER      PR  NI    VIRT    RES    SHR S  %CPU  %MEM     TIME+ COMMAND
  845 root      20   0   96380  90004  12488 R 100.0   1.1   3:44.66 /usr/local/bin/python3.8 /usr/local/bin/zkay run --blockchain-backend w3-eth-tester .+
    1 root      20   0    3984   3232   2736 S   0.0   0.0   0:00.06 bash
    7 root      20   0    3992   3108   2608 S   0.0   0.0   0:00.08 bash
   13 root      20   0    3988   3228   2716 S   0.0   0.0   0:00.10 bash
  844 root      20   0    7864   2984   2628 R   0.0   0.0   0:00.25 top -bc -d 1 -n 6000

top - 22:00:33 up 1 day,  1:54,  0 users,  load average: 2.65, 1.82, 0.88
Tasks:   6 total,   1 running,   5 sleeping,   0 stopped,   0 zombie
%Cpu(s): 15.1 us,  1.7 sy,  0.0 ni, 82.9 id,  0.1 wa,  0.0 hi,  0.2 si,  0.0 st
MiB Mem :   7877.2 total,   3863.9 free,   1374.1 used,   2639.2 buff/cache
MiB Swap:   2048.0 total,   2048.0 free,      0.0 used.   6192.0 avail Mem 

  PID USER      PR  NI    VIRT    RES    SHR S  %CPU  %MEM     TIME+ COMMAND
 1504 root      20   0   19.6g 220396  25720 S 140.6   2.7   0:01.42 java -Xms4096m -Xmx16384m -cp /zkay/zkay/jsnark_interface/JsnarkCircuitBuilder.jar:/z+
  845 root      20   0   96380  90004  12488 S  54.5   1.1   3:45.21 /usr/local/bin/python3.8 /usr/local/bin/zkay run --blockchain-backend w3-eth-tester .+
    1 root      20   0    3984   3232   2736 S   0.0   0.0   0:00.06 bash
    7 root      20   0    3992   3108   2608 S   0.0   0.0   0:00.08 bash
   13 root      20   0    3988   3228   2716 S   0.0   0.0   0:00.10 bash
  844 root      20   0    7864   2984   2628 R   0.0   0.0   0:00.25 top -bc -d 1 -n 6000

top - 22:00:34 up 1 day,  1:54,  0 users,  load average: 2.65, 1.82, 0.88
Tasks:   6 total,   1 running,   5 sleeping,   0 stopped,   0 zombie
%Cpu(s): 27.4 us,  7.0 sy,  0.0 ni, 65.2 id,  0.0 wa,  0.0 hi,  0.4 si,  0.0 st
MiB Mem :   7877.2 total,   3863.9 free,   1374.1 used,   2639.2 buff/cache
MiB Swap:   2048.0 total,   2048.0 free,      0.0 used.   6192.0 avail Mem 

  PID USER      PR  NI    VIRT    RES    SHR S  %CPU  %MEM     TIME+ COMMAND
 1504 root      20   0   20.3g 498352  25848 S 422.0   6.2   0:05.64 java -Xms4096m -Xmx16384m -cp /zkay/zkay/jsnark_interface/JsnarkCircuitBuilder.jar:/z+
    1 root      20   0    3984   3232   2736 S   0.0   0.0   0:00.06 bash
    7 root      20   0    3992   3108   2608 S   0.0   0.0   0:00.08 bash
   13 root      20   0    3988   3228   2716 S   0.0   0.0   0:00.10 bash
  844 root      20   0    7864   2984   2628 R   0.0   0.0   0:00.25 top -bc -d 1 -n 6000
  845 root      20   0   96380  90004  12488 S   0.0   1.1   3:45.21 /usr/local/bin/python3.8 /usr/local/bin/zkay run --blockchain-backend w3-eth-tester .+

top - 22:00:35 up 1 day,  1:54,  0 users,  load average: 2.52, 1.81, 0.88
Tasks:   6 total,   2 running,   4 sleeping,   0 stopped,   0 zombie
%Cpu(s):  8.2 us,  0.5 sy,  0.0 ni, 91.0 id,  0.1 wa,  0.0 hi,  0.3 si,  0.0 st
MiB Mem :   7877.2 total,   3802.8 free,   1406.6 used,   2667.7 buff/cache
MiB Swap:   2048.0 total,   2048.0 free,      0.0 used.   6159.5 avail Mem 

  PID USER      PR  NI    VIRT    RES    SHR S  %CPU  %MEM     TIME+ COMMAND
 1543 root      20   0   48640  43976   5036 R  89.0   0.5   0:00.89 /zkay/zkay/jsnark_interface/run_snark proofgen /tmp/tmp3zasuf7v /tmp/tmp3zasuf7v/proo+
    1 root      20   0    3984   3232   2736 S   0.0   0.0   0:00.06 bash
    7 root      20   0    3992   3108   2608 S   0.0   0.0   0:00.08 bash
   13 root      20   0    3988   3228   2716 S   0.0   0.0   0:00.10 bash
  844 root      20   0    7864   2984   2628 R   0.0   0.0   0:00.25 top -bc -d 1 -n 6000
  845 root      20   0   96380  90004  12488 S   0.0   1.1   3:45.21 /usr/local/bin/python3.8 /usr/local/bin/zkay run --blockchain-backend w3-eth-tester .+

top - 22:00:36 up 1 day,  1:54,  0 users,  load average: 2.52, 1.81, 0.88
Tasks:   6 total,   2 running,   4 sleeping,   0 stopped,   0 zombie
%Cpu(s):  7.4 us,  0.9 sy,  0.0 ni, 91.7 id,  0.0 wa,  0.0 hi,  0.0 si,  0.0 st
MiB Mem :   7877.2 total,   3802.8 free,   1406.6 used,   2667.7 buff/cache
MiB Swap:   2048.0 total,   2048.0 free,      0.0 used.   6159.5 avail Mem 

  PID USER      PR  NI    VIRT    RES    SHR S  %CPU  %MEM     TIME+ COMMAND
 1543 root      20   0  339992 333564   5096 R 100.0   4.1   0:01.89 /zkay/zkay/jsnark_interface/run_snark proofgen /tmp/tmp3zasuf7v /tmp/tmp3zasuf7v/proo+
    1 root      20   0    3984   3232   2736 S   0.0   0.0   0:00.06 bash
    7 root      20   0    3992   3108   2608 S   0.0   0.0   0:00.08 bash
   13 root      20   0    3988   3228   2716 S   0.0   0.0   0:00.10 bash
  844 root      20   0    7864   2984   2628 R   0.0   0.0   0:00.25 top -bc -d 1 -n 6000
  845 root      20   0   96380  90004  12488 S   0.0   1.1   3:45.21 /usr/local/bin/python3.8 /usr/local/bin/zkay run --blockchain-backend w3-eth-tester .+

top - 22:00:37 up 1 day,  1:54,  0 users,  load average: 2.52, 1.81, 0.88
Tasks:   6 total,   2 running,   4 sleeping,   0 stopped,   0 zombie
%Cpu(s):  7.4 us,  1.0 sy,  0.0 ni, 91.6 id,  0.0 wa,  0.0 hi,  0.0 si,  0.0 st
MiB Mem :   7877.2 total,   3802.8 free,   1406.6 used,   2667.7 buff/cache
MiB Swap:   2048.0 total,   2048.0 free,      0.0 used.   6159.5 avail Mem 

  PID USER      PR  NI    VIRT    RES    SHR S  %CPU  %MEM     TIME+ COMMAND
 1543 root      20   0  561800 551256   5096 R 100.0   6.8   0:02.89 /zkay/zkay/jsnark_interface/run_snark proofgen /tmp/tmp3zasuf7v /tmp/tmp3zasuf7v/proo+
    1 root      20   0    3984   3232   2736 S   0.0   0.0   0:00.06 bash
    7 root      20   0    3992   3108   2608 S   0.0   0.0   0:00.08 bash
   13 root      20   0    3988   3228   2716 S   0.0   0.0   0:00.10 bash
  844 root      20   0    7864   2984   2628 R   0.0   0.0   0:00.25 top -bc -d 1 -n 6000
  845 root      20   0   96380  90004  12488 S   0.0   1.1   3:45.21 /usr/local/bin/python3.8 /usr/local/bin/zkay run --blockchain-backend w3-eth-tester .+

top - 22:00:38 up 1 day,  1:54,  0 users,  load average: 2.52, 1.81, 0.88
Tasks:   6 total,   2 running,   4 sleeping,   0 stopped,   0 zombie
%Cpu(s):  8.0 us,  0.8 sy,  0.0 ni, 90.4 id,  0.0 wa,  0.0 hi,  0.7 si,  0.0 st
MiB Mem :   7877.2 total,   3103.9 free,   2105.6 used,   2667.7 buff/cache
MiB Swap:   2048.0 total,   2048.0 free,      0.0 used.   5460.6 avail Mem 

  PID USER      PR  NI    VIRT    RES    SHR S  %CPU  %MEM     TIME+ COMMAND
 1543 root      20   0  764700 759152   5096 R 100.0   9.4   0:03.89 /zkay/zkay/jsnark_interface/run_snark proofgen /tmp/tmp3zasuf7v /tmp/tmp3zasuf7v/proo+
    1 root      20   0    3984   3232   2736 S   0.0   0.0   0:00.06 bash
    7 root      20   0    3992   3108   2608 S   0.0   0.0   0:00.08 bash
   13 root      20   0    3988   3228   2716 S   0.0   0.0   0:00.10 bash
  844 root      20   0    7864   2984   2628 R   0.0   0.0   0:00.25 top -bc -d 1 -n 6000
  845 root      20   0   96380  90004  12488 S   0.0   1.1   3:45.21 /usr/local/bin/python3.8 /usr/local/bin/zkay run --blockchain-backend w3-eth-tester .+

top - 22:00:39 up 1 day,  1:54,  0 users,  load average: 2.52, 1.81, 0.88
Tasks:   6 total,   2 running,   4 sleeping,   0 stopped,   0 zombie
%Cpu(s):  8.3 us,  0.2 sy,  0.0 ni, 91.4 id,  0.0 wa,  0.0 hi,  0.1 si,  0.0 st
MiB Mem :   7877.2 total,   3103.9 free,   2105.6 used,   2667.7 buff/cache
MiB Swap:   2048.0 total,   2048.0 free,      0.0 used.   5460.6 avail Mem 

  PID USER      PR  NI    VIRT    RES    SHR S  %CPU  %MEM     TIME+ COMMAND
 1543 root      20   0  804036 798488   5096 R 100.0   9.9   0:04.89 /zkay/zkay/jsnark_interface/run_snark proofgen /tmp/tmp3zasuf7v /tmp/tmp3zasuf7v/proo+
    1 root      20   0    3984   3232   2736 S   0.0   0.0   0:00.06 bash
    7 root      20   0    3992   3108   2608 S   0.0   0.0   0:00.08 bash
   13 root      20   0    3988   3228   2716 S   0.0   0.0   0:00.10 bash
  844 root      20   0    7864   2984   2628 R   0.0   0.0   0:00.25 top -bc -d 1 -n 6000
  845 root      20   0   96380  90004  12488 S   0.0   1.1   3:45.21 /usr/local/bin/python3.8 /usr/local/bin/zkay run --blockchain-backend w3-eth-tester .+

top - 22:00:41 up 1 day,  1:54,  0 users,  load average: 2.40, 1.80, 0.89
Tasks:   6 total,   2 running,   4 sleeping,   0 stopped,   0 zombie
%Cpu(s):  8.5 us,  0.0 sy,  0.0 ni, 91.5 id,  0.0 wa,  0.0 hi,  0.0 si,  0.0 st
MiB Mem :   7877.2 total,   3026.9 free,   2182.6 used,   2667.7 buff/cache
MiB Swap:   2048.0 total,   2048.0 free,      0.0 used.   5383.6 avail Mem 

  PID USER      PR  NI    VIRT    RES    SHR S  %CPU  %MEM     TIME+ COMMAND
 1543 root      20   0  918048 837308   5096 R 100.0  10.4   0:05.90 /zkay/zkay/jsnark_interface/run_snark proofgen /tmp/tmp3zasuf7v /tmp/tmp3zasuf7v/proo+
    1 root      20   0    3984   3232   2736 S   0.0   0.0   0:00.06 bash
    7 root      20   0    3992   3108   2608 S   0.0   0.0   0:00.08 bash
   13 root      20   0    3988   3228   2716 S   0.0   0.0   0:00.10 bash
  844 root      20   0    7864   2984   2628 R   0.0   0.0   0:00.25 top -bc -d 1 -n 6000
  845 root      20   0   96380  90004  12488 S   0.0   1.1   3:45.21 /usr/local/bin/python3.8 /usr/local/bin/zkay run --blockchain-backend w3-eth-tester .+

top - 22:00:42 up 1 day,  1:54,  0 users,  load average: 2.40, 1.80, 0.89
Tasks:   6 total,   2 running,   4 sleeping,   0 stopped,   0 zombie
%Cpu(s):  7.9 us,  0.4 sy,  0.0 ni, 91.7 id,  0.0 wa,  0.0 hi,  0.0 si,  0.0 st
MiB Mem :   7877.2 total,   3026.9 free,   2182.6 used,   2667.7 buff/cache
MiB Swap:   2048.0 total,   2048.0 free,      0.0 used.   5383.6 avail Mem 

  PID USER      PR  NI    VIRT    RES    SHR S  %CPU  %MEM     TIME+ COMMAND
 1543 root      20   0 1034024 985912   5096 R 100.0  12.2   0:06.90 /zkay/zkay/jsnark_interface/run_snark proofgen /tmp/tmp3zasuf7v /tmp/tmp3zasuf7v/proo+
    1 root      20   0    3984   3232   2736 S   0.0   0.0   0:00.06 bash
    7 root      20   0    3992   3108   2608 S   0.0   0.0   0:00.08 bash
   13 root      20   0    3988   3228   2716 S   0.0   0.0   0:00.10 bash
  844 root      20   0    7864   2984   2628 R   0.0   0.0   0:00.25 top -bc -d 1 -n 6000
  845 root      20   0   96380  90004  12488 S   0.0   1.1   3:45.21 /usr/local/bin/python3.8 /usr/local/bin/zkay run --blockchain-backend w3-eth-tester .+

top - 22:00:43 up 1 day,  1:54,  0 users,  load average: 2.40, 1.80, 0.89
Tasks:   6 total,   2 running,   4 sleeping,   0 stopped,   0 zombie
%Cpu(s): 31.9 us,  2.5 sy,  0.0 ni, 65.6 id,  0.0 wa,  0.0 hi,  0.0 si,  0.0 st
MiB Mem :   7877.2 total,   3026.9 free,   2182.6 used,   2667.7 buff/cache
MiB Swap:   2048.0 total,   2048.0 free,      0.0 used.   5383.6 avail Mem 

  PID USER      PR  NI    VIRT    RES    SHR S  %CPU  %MEM     TIME+ COMMAND
 1543 root      20   0 1946984   1.2g   5096 R 408.0  15.7   0:10.98 /zkay/zkay/jsnark_interface/run_snark proofgen /tmp/tmp3zasuf7v /tmp/tmp3zasuf7v/proo+
    1 root      20   0    3984   3232   2736 S   0.0   0.0   0:00.06 bash
    7 root      20   0    3992   3108   2608 S   0.0   0.0   0:00.08 bash
   13 root      20   0    3988   3228   2716 S   0.0   0.0   0:00.10 bash
  844 root      20   0    7864   2984   2628 R   0.0   0.0   0:00.25 top -bc -d 1 -n 6000
  845 root      20   0   96380  90004  12488 S   0.0   1.1   3:45.21 /usr/local/bin/python3.8 /usr/local/bin/zkay run --blockchain-backend w3-eth-tester .+

top - 22:00:44 up 1 day,  1:54,  0 users,  load average: 2.40, 1.80, 0.89
Tasks:   6 total,   2 running,   4 sleeping,   0 stopped,   0 zombie
%Cpu(s): 36.9 us,  1.9 sy,  0.0 ni, 61.2 id,  0.0 wa,  0.0 hi,  0.0 si,  0.0 st
MiB Mem :   7877.2 total,   2591.0 free,   2618.4 used,   2667.7 buff/cache
MiB Swap:   2048.0 total,   2048.0 free,      0.0 used.   4947.7 avail Mem 

  PID USER      PR  NI    VIRT    RES    SHR S  %CPU  %MEM     TIME+ COMMAND
 1543 root      20   0 1858552   1.2g   5100 R 475.0  16.0   0:15.73 /zkay/zkay/jsnark_interface/run_snark proofgen /tmp/tmp3zasuf7v /tmp/tmp3zasuf7v/proo+
    1 root      20   0    3984   3232   2736 S   0.0   0.0   0:00.06 bash
    7 root      20   0    3992   3108   2608 S   0.0   0.0   0:00.08 bash
   13 root      20   0    3988   3228   2716 S   0.0   0.0   0:00.10 bash
  844 root      20   0    7864   2984   2628 R   0.0   0.0   0:00.25 top -bc -d 1 -n 6000
  845 root      20   0   96380  90004  12488 S   0.0   1.1   3:45.21 /usr/local/bin/python3.8 /usr/local/bin/zkay run --blockchain-backend w3-eth-tester .+

top - 22:00:45 up 1 day,  1:54,  0 users,  load average: 2.40, 1.80, 0.89
Tasks:   6 total,   2 running,   4 sleeping,   0 stopped,   0 zombie
%Cpu(s):  8.2 us,  0.2 sy,  0.0 ni, 91.7 id,  0.0 wa,  0.0 hi,  0.0 si,  0.0 st
MiB Mem :   7877.2 total,   2591.0 free,   2618.4 used,   2667.7 buff/cache
MiB Swap:   2048.0 total,   2048.0 free,      0.0 used.   4947.7 avail Mem 

  PID USER      PR  NI    VIRT    RES    SHR S  %CPU  %MEM     TIME+ COMMAND
 1543 root      20   0 1854616   1.2g   5100 R 100.0  16.0   0:16.73 /zkay/zkay/jsnark_interface/run_snark proofgen /tmp/tmp3zasuf7v /tmp/tmp3zasuf7v/proo+
    1 root      20   0    3984   3232   2736 S   0.0   0.0   0:00.06 bash
    7 root      20   0    3992   3108   2608 S   0.0   0.0   0:00.08 bash
   13 root      20   0    3988   3228   2716 S   0.0   0.0   0:00.10 bash
  844 root      20   0    7864   2984   2628 R   0.0   0.0   0:00.25 top -bc -d 1 -n 6000
  845 root      20   0   96380  90004  12488 S   0.0   1.1   3:45.21 /usr/local/bin/python3.8 /usr/local/bin/zkay run --blockchain-backend w3-eth-tester .+

top - 22:00:46 up 1 day,  1:54,  0 users,  load average: 2.29, 1.78, 0.89
Tasks:   6 total,   1 running,   5 sleeping,   0 stopped,   0 zombie
%Cpu(s): 17.2 us,  0.3 sy,  0.0 ni, 82.5 id,  0.0 wa,  0.0 hi,  0.0 si,  0.0 st
MiB Mem :   7877.2 total,   2591.0 free,   2618.4 used,   2667.7 buff/cache
MiB Swap:   2048.0 total,   2048.0 free,      0.0 used.   4947.7 avail Mem 

  PID USER      PR  NI    VIRT    RES    SHR S  %CPU  %MEM     TIME+ COMMAND
 1543 root      20   0 1854616   1.2g   5100 S 209.0  16.0   0:18.82 /zkay/zkay/jsnark_interface/run_snark proofgen /tmp/tmp3zasuf7v /tmp/tmp3zasuf7v/proo+
    1 root      20   0    3984   3232   2736 S   0.0   0.0   0:00.06 bash
    7 root      20   0    3992   3108   2608 S   0.0   0.0   0:00.08 bash
   13 root      20   0    3988   3228   2716 S   0.0   0.0   0:00.10 bash
  844 root      20   0    7864   2984   2628 R   0.0   0.0   0:00.25 top -bc -d 1 -n 6000
  845 root      20   0   96380  90004  12488 S   0.0   1.1   3:45.21 /usr/local/bin/python3.8 /usr/local/bin/zkay run --blockchain-backend w3-eth-tester .+

top - 22:00:46 up 1 day,  1:54,  0 users,  load average: 2.29, 1.78, 0.89
Tasks:   6 total,   2 running,   4 sleeping,   0 stopped,   0 zombie
%Cpu(s): 28.1 us,  0.1 sy,  0.0 ni, 71.2 id,  0.0 wa,  0.0 hi,  0.7 si,  0.0 st
MiB Mem :   7877.2 total,   2591.0 free,   2618.4 used,   2667.7 buff/cache
MiB Swap:   2048.0 total,   2048.0 free,      0.0 used.   4947.7 avail Mem 

  PID USER      PR  NI    VIRT    RES    SHR S  %CPU  %MEM     TIME+ COMMAND
 1543 root      20   0 1854616   1.2g   5100 R 347.0  16.0   0:22.29 /zkay/zkay/jsnark_interface/run_snark proofgen /tmp/tmp3zasuf7v /tmp/tmp3zasuf7v/proo+
    1 root      20   0    3984   3232   2736 S   0.0   0.0   0:00.06 bash
    7 root      20   0    3992   3108   2608 S   0.0   0.0   0:00.08 bash
   13 root      20   0    3988   3228   2716 S   0.0   0.0   0:00.10 bash
  844 root      20   0    7864   2984   2628 R   0.0   0.0   0:00.25 top -bc -d 1 -n 6000
  845 root      20   0   96380  90004  12488 S   0.0   1.1   3:45.21 /usr/local/bin/python3.8 /usr/local/bin/zkay run --blockchain-backend w3-eth-tester .+

top - 22:00:47 up 1 day,  1:54,  0 users,  load average: 2.29, 1.78, 0.89
Tasks:   6 total,   2 running,   4 sleeping,   0 stopped,   0 zombie
%Cpu(s): 48.8 us,  0.1 sy,  0.0 ni, 50.7 id,  0.0 wa,  0.0 hi,  0.4 si,  0.0 st
MiB Mem :   7877.2 total,   2596.5 free,   2613.0 used,   2667.7 buff/cache
MiB Swap:   2048.0 total,   2048.0 free,      0.0 used.   4953.2 avail Mem 

  PID USER      PR  NI    VIRT    RES    SHR S  %CPU  %MEM     TIME+ COMMAND
 1543 root      20   0 1854616   1.2g   5100 R 583.2  16.0   0:28.18 /zkay/zkay/jsnark_interface/run_snark proofgen /tmp/tmp3zasuf7v /tmp/tmp3zasuf7v/proo+
    1 root      20   0    3984   3232   2736 S   0.0   0.0   0:00.06 bash
    7 root      20   0    3992   3108   2608 S   0.0   0.0   0:00.08 bash
   13 root      20   0    3988   3228   2716 S   0.0   0.0   0:00.10 bash
  844 root      20   0    7864   2984   2628 R   0.0   0.0   0:00.25 top -bc -d 1 -n 6000
  845 root      20   0   96380  90004  12488 S   0.0   1.1   3:45.21 /usr/local/bin/python3.8 /usr/local/bin/zkay run --blockchain-backend w3-eth-tester .+

top - 22:00:49 up 1 day,  1:54,  0 users,  load average: 2.29, 1.78, 0.89
Tasks:   6 total,   2 running,   4 sleeping,   0 stopped,   0 zombie
%Cpu(s): 98.2 us,  0.5 sy,  0.0 ni,  1.2 id,  0.0 wa,  0.0 hi,  0.1 si,  0.0 st
MiB Mem :   7877.2 total,   2596.5 free,   2613.0 used,   2667.7 buff/cache
MiB Swap:   2048.0 total,   2048.0 free,      0.0 used.   4953.2 avail Mem 

  PID USER      PR  NI    VIRT    RES    SHR S  %CPU  %MEM     TIME+ COMMAND
 1543 root      20   0 1854616   1.2g   5100 R  1175  16.0   0:39.93 /zkay/zkay/jsnark_interface/run_snark proofgen /tmp/tmp3zasuf7v /tmp/tmp3zasuf7v/proo+
  844 root      20   0    7864   2984   2628 R   1.0   0.0   0:00.26 top -bc -d 1 -n 6000
    1 root      20   0    3984   3232   2736 S   0.0   0.0   0:00.06 bash
    7 root      20   0    3992   3108   2608 S   0.0   0.0   0:00.08 bash
   13 root      20   0    3988   3228   2716 S   0.0   0.0   0:00.10 bash
  845 root      20   0   96380  90004  12488 S   0.0   1.1   3:45.21 /usr/local/bin/python3.8 /usr/local/bin/zkay run --blockchain-backend w3-eth-tester .+

top - 22:00:50 up 1 day,  1:54,  0 users,  load average: 2.29, 1.78, 0.89
Tasks:   5 total,   2 running,   3 sleeping,   0 stopped,   0 zombie
%Cpu(s): 69.5 us,  0.6 sy,  0.0 ni, 29.8 id,  0.0 wa,  0.0 hi,  0.1 si,  0.0 st
MiB Mem :   7877.2 total,   3879.4 free,   1358.4 used,   2639.4 buff/cache
MiB Swap:   2048.0 total,   2048.0 free,      0.0 used.   6207.7 avail Mem 

  PID USER      PR  NI    VIRT    RES    SHR S  %CPU  %MEM     TIME+ COMMAND
  845 root      20   0   96380  90004  12488 R   6.0   1.1   3:45.27 /usr/local/bin/python3.8 /usr/local/bin/zkay run --blockchain-backend w3-eth-tester .+
    1 root      20   0    3984   3232   2736 S   0.0   0.0   0:00.06 bash
    7 root      20   0    3992   3108   2608 S   0.0   0.0   0:00.08 bash
   13 root      20   0    3988   3228   2716 S   0.0   0.0   0:00.10 bash
  844 root      20   0    7864   2984   2628 R   0.0   0.0   0:00.26 top -bc -d 1 -n 6000

top - 22:00:51 up 1 day,  1:54,  0 users,  load average: 2.18, 1.77, 0.89
Tasks:   5 total,   2 running,   3 sleeping,   0 stopped,   0 zombie
%Cpu(s):  8.4 us,  0.7 sy,  0.0 ni, 90.6 id,  0.0 wa,  0.0 hi,  0.3 si,  0.0 st
MiB Mem :   7877.2 total,   3879.4 free,   1358.4 used,   2639.4 buff/cache
MiB Swap:   2048.0 total,   2048.0 free,      0.0 used.   6207.7 avail Mem 

  PID USER      PR  NI    VIRT    RES    SHR S  %CPU  %MEM     TIME+ COMMAND
  845 root      20   0   96380  90004  12488 R 100.0   1.1   3:46.27 /usr/local/bin/python3.8 /usr/local/bin/zkay run --blockchain-backend w3-eth-tester .+
    1 root      20   0    3984   3232   2736 S   0.0   0.0   0:00.06 bash
    7 root      20   0    3992   3108   2608 S   0.0   0.0   0:00.08 bash
   13 root      20   0    3988   3228   2716 S   0.0   0.0   0:00.10 bash
  844 root      20   0    7864   2984   2628 R   0.0   0.0   0:00.26 top -bc -d 1 -n 6000

top - 22:00:52 up 1 day,  1:54,  0 users,  load average: 2.18, 1.77, 0.89
Tasks:   5 total,   2 running,   3 sleeping,   0 stopped,   0 zombie
%Cpu(s):  8.4 us,  0.1 sy,  0.0 ni, 91.4 id,  0.0 wa,  0.0 hi,  0.1 si,  0.0 st
MiB Mem :   7877.2 total,   3879.4 free,   1358.4 used,   2639.4 buff/cache
MiB Swap:   2048.0 total,   2048.0 free,      0.0 used.   6207.7 avail Mem 

  PID USER      PR  NI    VIRT    RES    SHR S  %CPU  %MEM     TIME+ COMMAND
  845 root      20   0   96380  90004  12488 R 100.0   1.1   3:47.27 /usr/local/bin/python3.8 /usr/local/bin/zkay run --blockchain-backend w3-eth-tester .+
    1 root      20   0    3984   3232   2736 S   0.0   0.0   0:00.06 bash
    7 root      20   0    3992   3108   2608 S   0.0   0.0   0:00.08 bash
   13 root      20   0    3988   3228   2716 S   0.0   0.0   0:00.10 bash
  844 root      20   0    7864   2984   2628 R   0.0   0.0   0:00.26 top -bc -d 1 -n 6000

top - 22:00:53 up 1 day,  1:54,  0 users,  load average: 2.18, 1.77, 0.89
Tasks:   5 total,   2 running,   3 sleeping,   0 stopped,   0 zombie
%Cpu(s):  8.2 us,  0.5 sy,  0.0 ni, 91.2 id,  0.0 wa,  0.0 hi,  0.0 si,  0.0 st
MiB Mem :   7877.2 total,   3878.8 free,   1359.1 used,   2639.3 buff/cache
MiB Swap:   2048.0 total,   2048.0 free,      0.0 used.   6207.0 avail Mem 

  PID USER      PR  NI    VIRT    RES    SHR S  %CPU  %MEM     TIME+ COMMAND
  845 root      20   0   96380  90004  12488 R 100.0   1.1   3:48.27 /usr/local/bin/python3.8 /usr/local/bin/zkay run --blockchain-backend w3-eth-tester .+
    1 root      20   0    3984   3232   2736 S   0.0   0.0   0:00.06 bash
    7 root      20   0    3992   3108   2608 S   0.0   0.0   0:00.08 bash
   13 root      20   0    3988   3228   2716 S   0.0   0.0   0:00.10 bash
  844 root      20   0    7864   2984   2628 R   0.0   0.0   0:00.26 top -bc -d 1 -n 6000

top - 22:00:54 up 1 day,  1:55,  0 users,  load average: 2.18, 1.77, 0.89
Tasks:   5 total,   2 running,   3 sleeping,   0 stopped,   0 zombie
%Cpu(s):  8.3 us,  0.0 sy,  0.0 ni, 91.7 id,  0.0 wa,  0.0 hi,  0.0 si,  0.0 st
MiB Mem :   7877.2 total,   3878.8 free,   1359.1 used,   2639.3 buff/cache
MiB Swap:   2048.0 total,   2048.0 free,      0.0 used.   6207.0 avail Mem 

  PID USER      PR  NI    VIRT    RES    SHR S  %CPU  %MEM     TIME+ COMMAND
  845 root      20   0   96380  90004  12488 R 100.0   1.1   3:49.27 /usr/local/bin/python3.8 /usr/local/bin/zkay run --blockchain-backend w3-eth-tester .+
    1 root      20   0    3984   3232   2736 S   0.0   0.0   0:00.06 bash
    7 root      20   0    3992   3108   2608 S   0.0   0.0   0:00.08 bash
   13 root      20   0    3988   3228   2716 S   0.0   0.0   0:00.10 bash
  844 root      20   0    7864   2984   2628 R   0.0   0.0   0:00.26 top -bc -d 1 -n 6000

top - 22:00:55 up 1 day,  1:55,  0 users,  load average: 2.18, 1.77, 0.89
Tasks:   5 total,   2 running,   3 sleeping,   0 stopped,   0 zombie
%Cpu(s):  8.4 us,  0.2 sy,  0.0 ni, 91.4 id,  0.0 wa,  0.0 hi,  0.0 si,  0.0 st
MiB Mem :   7877.2 total,   3878.8 free,   1359.1 used,   2639.3 buff/cache
MiB Swap:   2048.0 total,   2048.0 free,      0.0 used.   6207.0 avail Mem 

  PID USER      PR  NI    VIRT    RES    SHR S  %CPU  %MEM     TIME+ COMMAND
  845 root      20   0   96380  90004  12488 R 100.0   1.1   3:50.28 /usr/local/bin/python3.8 /usr/local/bin/zkay run --blockchain-backend w3-eth-tester .+
    1 root      20   0    3984   3232   2736 S   0.0   0.0   0:00.06 bash
    7 root      20   0    3992   3108   2608 S   0.0   0.0   0:00.08 bash
   13 root      20   0    3988   3228   2716 S   0.0   0.0   0:00.10 bash
  844 root      20   0    7864   2984   2628 R   0.0   0.0   0:00.26 top -bc -d 1 -n 6000

top - 22:00:56 up 1 day,  1:55,  0 users,  load average: 2.09, 1.76, 0.89
Tasks:   5 total,   2 running,   3 sleeping,   0 stopped,   0 zombie
%Cpu(s):  8.4 us,  0.0 sy,  0.0 ni, 91.4 id,  0.1 wa,  0.0 hi,  0.1 si,  0.0 st
MiB Mem :   7877.2 total,   3878.5 free,   1359.3 used,   2639.3 buff/cache
MiB Swap:   2048.0 total,   2048.0 free,      0.0 used.   6206.8 avail Mem 

  PID USER      PR  NI    VIRT    RES    SHR S  %CPU  %MEM     TIME+ COMMAND
  845 root      20   0   96380  90004  12488 R  99.0   1.1   3:51.28 /usr/local/bin/python3.8 /usr/local/bin/zkay run --blockchain-backend w3-eth-tester .+
    1 root      20   0    3984   3232   2736 S   0.0   0.0   0:00.06 bash
    7 root      20   0    3992   3108   2608 S   0.0   0.0   0:00.08 bash
   13 root      20   0    3988   3228   2716 S   0.0   0.0   0:00.10 bash
  844 root      20   0    7864   2984   2628 R   0.0   0.0   0:00.26 top -bc -d 1 -n 6000

top - 22:00:57 up 1 day,  1:55,  0 users,  load average: 2.09, 1.76, 0.89
Tasks:   5 total,   2 running,   3 sleeping,   0 stopped,   0 zombie
%Cpu(s):  8.3 us,  0.0 sy,  0.0 ni, 91.7 id,  0.0 wa,  0.0 hi,  0.0 si,  0.0 st
MiB Mem :   7877.2 total,   3878.5 free,   1359.3 used,   2639.3 buff/cache
MiB Swap:   2048.0 total,   2048.0 free,      0.0 used.   6206.8 avail Mem 

  PID USER      PR  NI    VIRT    RES    SHR S  %CPU  %MEM     TIME+ COMMAND
  845 root      20   0   96380  90004  12488 R 100.0   1.1   3:52.28 /usr/local/bin/python3.8 /usr/local/bin/zkay run --blockchain-backend w3-eth-tester .+
    1 root      20   0    3984   3232   2736 S   0.0   0.0   0:00.06 bash
    7 root      20   0    3992   3108   2608 S   0.0   0.0   0:00.08 bash
   13 root      20   0    3988   3228   2716 S   0.0   0.0   0:00.10 bash
  844 root      20   0    7864   2984   2628 R   0.0   0.0   0:00.26 top -bc -d 1 -n 6000

top - 22:00:58 up 1 day,  1:55,  0 users,  load average: 2.09, 1.76, 0.89
Tasks:   5 total,   2 running,   3 sleeping,   0 stopped,   0 zombie
%Cpu(s):  8.3 us,  0.1 sy,  0.0 ni, 91.6 id,  0.0 wa,  0.0 hi,  0.0 si,  0.0 st
MiB Mem :   7877.2 total,   3878.5 free,   1359.3 used,   2639.3 buff/cache
MiB Swap:   2048.0 total,   2048.0 free,      0.0 used.   6206.8 avail Mem 

  PID USER      PR  NI    VIRT    RES    SHR S  %CPU  %MEM     TIME+ COMMAND
  845 root      20   0   96380  90004  12488 R 100.0   1.1   3:53.28 /usr/local/bin/python3.8 /usr/local/bin/zkay run --blockchain-backend w3-eth-tester .+
    1 root      20   0    3984   3232   2736 S   0.0   0.0   0:00.06 bash
    7 root      20   0    3992   3108   2608 S   0.0   0.0   0:00.08 bash
   13 root      20   0    3988   3228   2716 S   0.0   0.0   0:00.10 bash
  844 root      20   0    7864   2984   2628 R   0.0   0.0   0:00.26 top -bc -d 1 -n 6000

top - 22:00:59 up 1 day,  1:55,  0 users,  load average: 2.09, 1.76, 0.89
Tasks:   5 total,   2 running,   3 sleeping,   0 stopped,   0 zombie
%Cpu(s):  8.7 us,  0.6 sy,  0.0 ni, 90.5 id,  0.0 wa,  0.0 hi,  0.2 si,  0.0 st
MiB Mem :   7877.2 total,   3875.1 free,   1362.7 used,   2639.4 buff/cache
MiB Swap:   2048.0 total,   2048.0 free,      0.0 used.   6203.4 avail Mem 

  PID USER      PR  NI    VIRT    RES    SHR S  %CPU  %MEM     TIME+ COMMAND
  845 root      20   0   96380  90004  12488 R 100.0   1.1   3:54.28 /usr/local/bin/python3.8 /usr/local/bin/zkay run --blockchain-backend w3-eth-tester .+
    1 root      20   0    3984   3232   2736 S   0.0   0.0   0:00.06 bash
    7 root      20   0    3992   3108   2608 S   0.0   0.0   0:00.08 bash
   13 root      20   0    3988   3228   2716 S   0.0   0.0   0:00.10 bash
  844 root      20   0    7864   2984   2628 R   0.0   0.0   0:00.26 top -bc -d 1 -n 6000

top - 22:01:00 up 1 day,  1:55,  0 users,  load average: 2.09, 1.76, 0.89
Tasks:   5 total,   2 running,   3 sleeping,   0 stopped,   0 zombie
%Cpu(s):  8.3 us,  0.1 sy,  0.0 ni, 91.4 id,  0.0 wa,  0.0 hi,  0.2 si,  0.0 st
MiB Mem :   7877.2 total,   3875.1 free,   1362.7 used,   2639.4 buff/cache
MiB Swap:   2048.0 total,   2048.0 free,      0.0 used.   6203.4 avail Mem 

  PID USER      PR  NI    VIRT    RES    SHR S  %CPU  %MEM     TIME+ COMMAND
  845 root      20   0   96380  90004  12488 R 100.0   1.1   3:55.28 /usr/local/bin/python3.8 /usr/local/bin/zkay run --blockchain-backend w3-eth-tester .+
    1 root      20   0    3984   3232   2736 S   0.0   0.0   0:00.06 bash
    7 root      20   0    3992   3108   2608 S   0.0   0.0   0:00.08 bash
   13 root      20   0    3988   3228   2716 S   0.0   0.0   0:00.10 bash
  844 root      20   0    7864   2984   2628 R   0.0   0.0   0:00.26 top -bc -d 1 -n 6000

top - 22:01:01 up 1 day,  1:55,  0 users,  load average: 2.00, 1.74, 0.89
Tasks:   5 total,   2 running,   3 sleeping,   0 stopped,   0 zombie
%Cpu(s):  8.3 us,  0.0 sy,  0.0 ni, 91.7 id,  0.0 wa,  0.0 hi,  0.0 si,  0.0 st
MiB Mem :   7877.2 total,   3875.1 free,   1362.7 used,   2639.4 buff/cache
MiB Swap:   2048.0 total,   2048.0 free,      0.0 used.   6203.4 avail Mem 

  PID USER      PR  NI    VIRT    RES    SHR S  %CPU  %MEM     TIME+ COMMAND
  845 root      20   0   96380  90004  12488 R 100.0   1.1   3:56.28 /usr/local/bin/python3.8 /usr/local/bin/zkay run --blockchain-backend w3-eth-tester .+
    1 root      20   0    3984   3232   2736 S   0.0   0.0   0:00.06 bash
    7 root      20   0    3992   3108   2608 S   0.0   0.0   0:00.08 bash
   13 root      20   0    3988   3228   2716 S   0.0   0.0   0:00.10 bash
  844 root      20   0    7864   2984   2628 R   0.0   0.0   0:00.26 top -bc -d 1 -n 6000

top - 22:01:02 up 1 day,  1:55,  0 users,  load average: 2.00, 1.74, 0.89
Tasks:   5 total,   2 running,   3 sleeping,   0 stopped,   0 zombie
%Cpu(s):  8.3 us,  0.0 sy,  0.0 ni, 91.6 id,  0.1 wa,  0.0 hi,  0.0 si,  0.0 st
MiB Mem :   7877.2 total,   3875.1 free,   1362.7 used,   2639.4 buff/cache
MiB Swap:   2048.0 total,   2048.0 free,      0.0 used.   6203.4 avail Mem 

  PID USER      PR  NI    VIRT    RES    SHR S  %CPU  %MEM     TIME+ COMMAND
  845 root      20   0   96380  90004  12488 R 100.0   1.1   3:57.28 /usr/local/bin/python3.8 /usr/local/bin/zkay run --blockchain-backend w3-eth-tester .+
    1 root      20   0    3984   3232   2736 S   0.0   0.0   0:00.06 bash
    7 root      20   0    3992   3108   2608 S   0.0   0.0   0:00.08 bash
   13 root      20   0    3988   3228   2716 S   0.0   0.0   0:00.10 bash
  844 root      20   0    7864   2984   2628 R   0.0   0.0   0:00.26 top -bc -d 1 -n 6000

top - 22:01:03 up 1 day,  1:55,  0 users,  load average: 2.00, 1.74, 0.89
Tasks:   5 total,   2 running,   3 sleeping,   0 stopped,   0 zombie
%Cpu(s):  8.4 us,  0.1 sy,  0.0 ni, 91.5 id,  0.0 wa,  0.0 hi,  0.0 si,  0.0 st
MiB Mem :   7877.2 total,   3875.1 free,   1362.7 used,   2639.4 buff/cache
MiB Swap:   2048.0 total,   2048.0 free,      0.0 used.   6203.4 avail Mem 

  PID USER      PR  NI    VIRT    RES    SHR S  %CPU  %MEM     TIME+ COMMAND
  845 root      20   0   96380  90004  12488 R 100.0   1.1   3:58.29 /usr/local/bin/python3.8 /usr/local/bin/zkay run --blockchain-backend w3-eth-tester .+
    1 root      20   0    3984   3232   2736 S   0.0   0.0   0:00.06 bash
    7 root      20   0    3992   3108   2608 S   0.0   0.0   0:00.08 bash
   13 root      20   0    3988   3228   2716 S   0.0   0.0   0:00.10 bash
  844 root      20   0    7864   2984   2628 R   0.0   0.0   0:00.26 top -bc -d 1 -n 6000

top - 22:01:04 up 1 day,  1:55,  0 users,  load average: 2.00, 1.74, 0.89
Tasks:   5 total,   2 running,   3 sleeping,   0 stopped,   0 zombie
%Cpu(s):  8.3 us,  0.0 sy,  0.0 ni, 91.7 id,  0.0 wa,  0.0 hi,  0.0 si,  0.0 st
MiB Mem :   7877.2 total,   3875.1 free,   1362.7 used,   2639.4 buff/cache
MiB Swap:   2048.0 total,   2048.0 free,      0.0 used.   6203.4 avail Mem 

  PID USER      PR  NI    VIRT    RES    SHR S  %CPU  %MEM     TIME+ COMMAND
  845 root      20   0   96380  90004  12488 R 100.0   1.1   3:59.29 /usr/local/bin/python3.8 /usr/local/bin/zkay run --blockchain-backend w3-eth-tester .+
    1 root      20   0    3984   3232   2736 S   0.0   0.0   0:00.06 bash
    7 root      20   0    3992   3108   2608 S   0.0   0.0   0:00.08 bash
   13 root      20   0    3988   3228   2716 S   0.0   0.0   0:00.10 bash
  844 root      20   0    7864   2984   2628 R   0.0   0.0   0:00.26 top -bc -d 1 -n 6000

top - 22:01:05 up 1 day,  1:55,  0 users,  load average: 2.00, 1.74, 0.89
Tasks:   5 total,   2 running,   3 sleeping,   0 stopped,   0 zombie
%Cpu(s):  8.3 us,  0.0 sy,  0.0 ni, 91.6 id,  0.0 wa,  0.0 hi,  0.1 si,  0.0 st
MiB Mem :   7877.2 total,   3875.1 free,   1362.7 used,   2639.4 buff/cache
MiB Swap:   2048.0 total,   2048.0 free,      0.0 used.   6203.4 avail Mem 

  PID USER      PR  NI    VIRT    RES    SHR S  %CPU  %MEM     TIME+ COMMAND
  845 root      20   0   96380  90004  12488 R 100.0   1.1   4:00.29 /usr/local/bin/python3.8 /usr/local/bin/zkay run --blockchain-backend w3-eth-tester .+
    1 root      20   0    3984   3232   2736 S   0.0   0.0   0:00.06 bash
    7 root      20   0    3992   3108   2608 S   0.0   0.0   0:00.08 bash
   13 root      20   0    3988   3228   2716 S   0.0   0.0   0:00.10 bash
  844 root      20   0    7864   2984   2628 R   0.0   0.0   0:00.26 top -bc -d 1 -n 6000

top - 22:01:06 up 1 day,  1:55,  0 users,  load average: 1.92, 1.73, 0.89
Tasks:   5 total,   2 running,   3 sleeping,   0 stopped,   0 zombie
%Cpu(s):  8.3 us,  0.0 sy,  0.0 ni, 91.7 id,  0.0 wa,  0.0 hi,  0.0 si,  0.0 st
MiB Mem :   7877.2 total,   3875.1 free,   1362.7 used,   2639.4 buff/cache
MiB Swap:   2048.0 total,   2048.0 free,      0.0 used.   6203.4 avail Mem 

  PID USER      PR  NI    VIRT    RES    SHR S  %CPU  %MEM     TIME+ COMMAND
  845 root      20   0   96380  90004  12488 R 100.0   1.1   4:01.29 /usr/local/bin/python3.8 /usr/local/bin/zkay run --blockchain-backend w3-eth-tester .+
    1 root      20   0    3984   3232   2736 S   0.0   0.0   0:00.06 bash
    7 root      20   0    3992   3108   2608 S   0.0   0.0   0:00.08 bash
   13 root      20   0    3988   3228   2716 S   0.0   0.0   0:00.10 bash
  844 root      20   0    7864   2984   2628 R   0.0   0.0   0:00.26 top -bc -d 1 -n 6000

top - 22:01:07 up 1 day,  1:55,  0 users,  load average: 1.92, 1.73, 0.89
Tasks:   5 total,   2 running,   3 sleeping,   0 stopped,   0 zombie
%Cpu(s):  8.3 us,  0.1 sy,  0.0 ni, 91.5 id,  0.0 wa,  0.0 hi,  0.1 si,  0.0 st
MiB Mem :   7877.2 total,   3875.1 free,   1362.7 used,   2639.4 buff/cache
MiB Swap:   2048.0 total,   2048.0 free,      0.0 used.   6203.4 avail Mem 

  PID USER      PR  NI    VIRT    RES    SHR S  %CPU  %MEM     TIME+ COMMAND
  845 root      20   0   96380  90004  12488 R 100.0   1.1   4:02.29 /usr/local/bin/python3.8 /usr/local/bin/zkay run --blockchain-backend w3-eth-tester .+
    1 root      20   0    3984   3232   2736 S   0.0   0.0   0:00.06 bash
    7 root      20   0    3992   3108   2608 S   0.0   0.0   0:00.08 bash
   13 root      20   0    3988   3228   2716 S   0.0   0.0   0:00.10 bash
  844 root      20   0    7864   2984   2628 R   0.0   0.0   0:00.26 top -bc -d 1 -n 6000

top - 22:01:08 up 1 day,  1:55,  0 users,  load average: 1.92, 1.73, 0.89
Tasks:   5 total,   2 running,   3 sleeping,   0 stopped,   0 zombie
%Cpu(s):  8.3 us,  0.0 sy,  0.0 ni, 91.6 id,  0.1 wa,  0.0 hi,  0.0 si,  0.0 st
MiB Mem :   7877.2 total,   3875.1 free,   1362.7 used,   2639.4 buff/cache
MiB Swap:   2048.0 total,   2048.0 free,      0.0 used.   6203.4 avail Mem 

  PID USER      PR  NI    VIRT    RES    SHR S  %CPU  %MEM     TIME+ COMMAND
  845 root      20   0   96380  90004  12488 R 100.0   1.1   4:03.29 /usr/local/bin/python3.8 /usr/local/bin/zkay run --blockchain-backend w3-eth-tester .+
    1 root      20   0    3984   3232   2736 S   0.0   0.0   0:00.06 bash
    7 root      20   0    3992   3108   2608 S   0.0   0.0   0:00.08 bash
   13 root      20   0    3988   3228   2716 S   0.0   0.0   0:00.10 bash
  844 root      20   0    7864   2984   2628 R   0.0   0.0   0:00.26 top -bc -d 1 -n 6000

top - 22:01:09 up 1 day,  1:55,  0 users,  load average: 1.92, 1.73, 0.89
Tasks:   5 total,   2 running,   3 sleeping,   0 stopped,   0 zombie
%Cpu(s):  9.0 us,  0.4 sy,  0.0 ni, 90.0 id,  0.0 wa,  0.0 hi,  0.6 si,  0.0 st
MiB Mem :   7877.2 total,   3875.1 free,   1362.7 used,   2639.4 buff/cache
MiB Swap:   2048.0 total,   2048.0 free,      0.0 used.   6203.4 avail Mem 

  PID USER      PR  NI    VIRT    RES    SHR S  %CPU  %MEM     TIME+ COMMAND
  845 root      20   0   96380  90004  12488 R 100.0   1.1   4:04.29 /usr/local/bin/python3.8 /usr/local/bin/zkay run --blockchain-backend w3-eth-tester .+
    1 root      20   0    3984   3232   2736 S   0.0   0.0   0:00.06 bash
    7 root      20   0    3992   3108   2608 S   0.0   0.0   0:00.08 bash
   13 root      20   0    3988   3228   2716 S   0.0   0.0   0:00.10 bash
  844 root      20   0    7864   2984   2628 R   0.0   0.0   0:00.26 top -bc -d 1 -n 6000

top - 22:01:10 up 1 day,  1:55,  0 users,  load average: 1.92, 1.73, 0.89
Tasks:   5 total,   2 running,   3 sleeping,   0 stopped,   0 zombie
%Cpu(s):  8.5 us,  0.0 sy,  0.0 ni, 91.1 id,  0.1 wa,  0.0 hi,  0.3 si,  0.0 st
MiB Mem :   7877.2 total,   3875.1 free,   1362.7 used,   2639.4 buff/cache
MiB Swap:   2048.0 total,   2048.0 free,      0.0 used.   6203.4 avail Mem 

  PID USER      PR  NI    VIRT    RES    SHR S  %CPU  %MEM     TIME+ COMMAND
  845 root      20   0   96380  90004  12488 R 100.0   1.1   4:05.30 /usr/local/bin/python3.8 /usr/local/bin/zkay run --blockchain-backend w3-eth-tester .+
    1 root      20   0    3984   3232   2736 S   0.0   0.0   0:00.06 bash
    7 root      20   0    3992   3108   2608 S   0.0   0.0   0:00.08 bash
   13 root      20   0    3988   3228   2716 S   0.0   0.0   0:00.10 bash
  844 root      20   0    7864   2984   2628 R   0.0   0.0   0:00.26 top -bc -d 1 -n 6000

top - 22:01:11 up 1 day,  1:55,  0 users,  load average: 1.85, 1.72, 0.89
Tasks:   5 total,   2 running,   3 sleeping,   0 stopped,   0 zombie
%Cpu(s):  8.3 us,  0.0 sy,  0.0 ni, 91.7 id,  0.0 wa,  0.0 hi,  0.0 si,  0.0 st
MiB Mem :   7877.2 total,   3873.8 free,   1364.0 used,   2639.4 buff/cache
MiB Swap:   2048.0 total,   2048.0 free,      0.0 used.   6202.1 avail Mem 

  PID USER      PR  NI    VIRT    RES    SHR S  %CPU  %MEM     TIME+ COMMAND
  845 root      20   0   96380  90004  12488 R 100.0   1.1   4:06.30 /usr/local/bin/python3.8 /usr/local/bin/zkay run --blockchain-backend w3-eth-tester .+
    1 root      20   0    3984   3232   2736 S   0.0   0.0   0:00.06 bash
    7 root      20   0    3992   3108   2608 S   0.0   0.0   0:00.08 bash
   13 root      20   0    3988   3228   2716 S   0.0   0.0   0:00.10 bash
  844 root      20   0    7864   2984   2628 R   0.0   0.0   0:00.26 top -bc -d 1 -n 6000

top - 22:01:12 up 1 day,  1:55,  0 users,  load average: 1.85, 1.72, 0.89
Tasks:   5 total,   2 running,   3 sleeping,   0 stopped,   0 zombie
%Cpu(s):  8.3 us,  0.0 sy,  0.0 ni, 91.7 id,  0.0 wa,  0.0 hi,  0.0 si,  0.0 st
MiB Mem :   7877.2 total,   3873.8 free,   1364.0 used,   2639.4 buff/cache
MiB Swap:   2048.0 total,   2048.0 free,      0.0 used.   6202.1 avail Mem 

  PID USER      PR  NI    VIRT    RES    SHR S  %CPU  %MEM     TIME+ COMMAND
  845 root      20   0   96380  90004  12488 R 100.0   1.1   4:07.30 /usr/local/bin/python3.8 /usr/local/bin/zkay run --blockchain-backend w3-eth-tester .+
    1 root      20   0    3984   3232   2736 S   0.0   0.0   0:00.06 bash
    7 root      20   0    3992   3108   2608 S   0.0   0.0   0:00.08 bash
   13 root      20   0    3988   3228   2716 S   0.0   0.0   0:00.10 bash
  844 root      20   0    7864   2984   2628 R   0.0   0.0   0:00.26 top -bc -d 1 -n 6000

top - 22:01:13 up 1 day,  1:55,  0 users,  load average: 1.85, 1.72, 0.89
Tasks:   5 total,   2 running,   3 sleeping,   0 stopped,   0 zombie
%Cpu(s):  8.3 us,  0.0 sy,  0.0 ni, 91.6 id,  0.1 wa,  0.0 hi,  0.0 si,  0.0 st
MiB Mem :   7877.2 total,   3873.8 free,   1364.0 used,   2639.4 buff/cache
MiB Swap:   2048.0 total,   2048.0 free,      0.0 used.   6202.1 avail Mem 

  PID USER      PR  NI    VIRT    RES    SHR S  %CPU  %MEM     TIME+ COMMAND
  845 root      20   0   96380  90004  12488 R 100.0   1.1   4:08.30 /usr/local/bin/python3.8 /usr/local/bin/zkay run --blockchain-backend w3-eth-tester .+
    1 root      20   0    3984   3232   2736 S   0.0   0.0   0:00.06 bash
    7 root      20   0    3992   3108   2608 S   0.0   0.0   0:00.08 bash
   13 root      20   0    3988   3228   2716 S   0.0   0.0   0:00.10 bash
  844 root      20   0    7864   2984   2628 R   0.0   0.0   0:00.26 top -bc -d 1 -n 6000

top - 22:01:14 up 1 day,  1:55,  0 users,  load average: 1.85, 1.72, 0.89
Tasks:   5 total,   2 running,   3 sleeping,   0 stopped,   0 zombie
%Cpu(s):  8.3 us,  0.0 sy,  0.0 ni, 91.6 id,  0.0 wa,  0.0 hi,  0.1 si,  0.0 st
MiB Mem :   7877.2 total,   3873.8 free,   1364.0 used,   2639.4 buff/cache
MiB Swap:   2048.0 total,   2048.0 free,      0.0 used.   6202.1 avail Mem 

  PID USER      PR  NI    VIRT    RES    SHR S  %CPU  %MEM     TIME+ COMMAND
  845 root      20   0   96380  90004  12488 R 100.0   1.1   4:09.30 /usr/local/bin/python3.8 /usr/local/bin/zkay run --blockchain-backend w3-eth-tester .+
    1 root      20   0    3984   3232   2736 S   0.0   0.0   0:00.06 bash
    7 root      20   0    3992   3108   2608 S   0.0   0.0   0:00.08 bash
   13 root      20   0    3988   3228   2716 S   0.0   0.0   0:00.10 bash
  844 root      20   0    7864   2984   2628 R   0.0   0.0   0:00.26 top -bc -d 1 -n 6000

top - 22:01:15 up 1 day,  1:55,  0 users,  load average: 1.85, 1.72, 0.89
Tasks:   5 total,   2 running,   3 sleeping,   0 stopped,   0 zombie
%Cpu(s):  8.3 us,  0.1 sy,  0.0 ni, 91.6 id,  0.0 wa,  0.0 hi,  0.0 si,  0.0 st
MiB Mem :   7877.2 total,   3873.8 free,   1364.0 used,   2639.4 buff/cache
MiB Swap:   2048.0 total,   2048.0 free,      0.0 used.   6202.1 avail Mem 

  PID USER      PR  NI    VIRT    RES    SHR S  %CPU  %MEM     TIME+ COMMAND
  845 root      20   0   96380  90004  12488 R 100.0   1.1   4:10.30 /usr/local/bin/python3.8 /usr/local/bin/zkay run --blockchain-backend w3-eth-tester .+
    1 root      20   0    3984   3232   2736 S   0.0   0.0   0:00.06 bash
    7 root      20   0    3992   3108   2608 S   0.0   0.0   0:00.08 bash
   13 root      20   0    3988   3228   2716 S   0.0   0.0   0:00.10 bash
  844 root      20   0    7864   2984   2628 R   0.0   0.0   0:00.26 top -bc -d 1 -n 6000

top - 22:01:16 up 1 day,  1:55,  0 users,  load average: 1.78, 1.71, 0.89
Tasks:   5 total,   2 running,   3 sleeping,   0 stopped,   0 zombie
%Cpu(s):  8.3 us,  0.1 sy,  0.0 ni, 91.6 id,  0.0 wa,  0.0 hi,  0.0 si,  0.0 st
MiB Mem :   7877.2 total,   3873.8 free,   1364.0 used,   2639.4 buff/cache
MiB Swap:   2048.0 total,   2048.0 free,      0.0 used.   6202.1 avail Mem 

  PID USER      PR  NI    VIRT    RES    SHR S  %CPU  %MEM     TIME+ COMMAND
  845 root      20   0   96380  90004  12488 R 100.0   1.1   4:11.30 /usr/local/bin/python3.8 /usr/local/bin/zkay run --blockchain-backend w3-eth-tester .+
    1 root      20   0    3984   3232   2736 S   0.0   0.0   0:00.06 bash
    7 root      20   0    3992   3108   2608 S   0.0   0.0   0:00.08 bash
   13 root      20   0    3988   3228   2716 S   0.0   0.0   0:00.10 bash
  844 root      20   0    7864   2984   2628 R   0.0   0.0   0:00.26 top -bc -d 1 -n 6000

top - 22:01:17 up 1 day,  1:55,  0 users,  load average: 1.78, 1.71, 0.89
Tasks:   6 total,   1 running,   5 sleeping,   0 stopped,   0 zombie
%Cpu(s): 18.5 us,  3.0 sy,  0.0 ni, 78.2 id,  0.1 wa,  0.0 hi,  0.2 si,  0.0 st
MiB Mem :   7877.2 total,   3537.7 free,   1700.0 used,   2639.5 buff/cache
MiB Swap:   2048.0 total,   2048.0 free,      0.0 used.   5866.1 avail Mem 

  PID USER      PR  NI    VIRT    RES    SHR S  %CPU  %MEM     TIME+ COMMAND
 1555 root      20   0   20.3g 360900  25624 S 192.0   4.5   0:01.92 java -Xms4096m -Xmx16384m -cp /zkay/zkay/jsnark_interface/JsnarkCircuitBuilder.jar:/z+
  845 root      20   0   96380  90004  12488 S  49.0   1.1   4:11.79 /usr/local/bin/python3.8 /usr/local/bin/zkay run --blockchain-backend w3-eth-tester .+
    1 root      20   0    3984   3232   2736 S   0.0   0.0   0:00.06 bash
    7 root      20   0    3992   3108   2608 S   0.0   0.0   0:00.08 bash
   13 root      20   0    3988   3228   2716 S   0.0   0.0   0:00.10 bash
  844 root      20   0    7864   2984   2628 R   0.0   0.0   0:00.26 top -bc -d 1 -n 6000

top - 22:01:18 up 1 day,  1:55,  0 users,  load average: 1.78, 1.71, 0.89
Tasks:   6 total,   1 running,   5 sleeping,   0 stopped,   0 zombie
%Cpu(s): 35.4 us,  3.2 sy,  0.0 ni, 61.1 id,  0.0 wa,  0.0 hi,  0.3 si,  0.0 st
MiB Mem :   7877.2 total,   3537.7 free,   1700.0 used,   2639.5 buff/cache
MiB Swap:   2048.0 total,   2048.0 free,      0.0 used.   5866.1 avail Mem 

  PID USER      PR  NI    VIRT    RES    SHR S  %CPU  %MEM     TIME+ COMMAND
 1555 root      20   0   20.3g 673888  25688 S 461.4   8.4   0:06.58 java -Xms4096m -Xmx16384m -cp /zkay/zkay/jsnark_interface/JsnarkCircuitBuilder.jar:/z+
    1 root      20   0    3984   3232   2736 S   0.0   0.0   0:00.06 bash
    7 root      20   0    3992   3108   2608 S   0.0   0.0   0:00.08 bash
   13 root      20   0    3988   3228   2716 S   0.0   0.0   0:00.10 bash
  844 root      20   0    7864   2984   2628 R   0.0   0.0   0:00.26 top -bc -d 1 -n 6000
  845 root      20   0   96380  90004  12488 S   0.0   1.1   4:11.79 /usr/local/bin/python3.8 /usr/local/bin/zkay run --blockchain-backend w3-eth-tester .+

top - 22:01:19 up 1 day,  1:55,  0 users,  load average: 1.78, 1.71, 0.89
Tasks:   6 total,   2 running,   4 sleeping,   0 stopped,   0 zombie
%Cpu(s): 13.2 us,  1.3 sy,  0.0 ni, 84.5 id,  0.1 wa,  0.0 hi,  0.9 si,  0.0 st
MiB Mem :   7877.2 total,   3537.7 free,   1700.0 used,   2639.5 buff/cache
MiB Swap:   2048.0 total,   2048.0 free,      0.0 used.   5866.1 avail Mem 

  PID USER      PR  NI    VIRT    RES    SHR S  %CPU  %MEM     TIME+ COMMAND
 1594 root      20   0  100648  96040   4940 R   7.0   1.2   0:00.07 /zkay/zkay/jsnark_interface/run_snark proofgen /tmp/tmpzomw2t7x /tmp/tmpzomw2t7x/proo+
    1 root      20   0    3984   3232   2736 S   0.0   0.0   0:00.06 bash
    7 root      20   0    3992   3108   2608 S   0.0   0.0   0:00.08 bash
   13 root      20   0    3988   3228   2716 S   0.0   0.0   0:00.10 bash
  844 root      20   0    7864   2984   2628 R   0.0   0.0   0:00.26 top -bc -d 1 -n 6000
  845 root      20   0   96380  90004  12488 S   0.0   1.1   4:11.79 /usr/local/bin/python3.8 /usr/local/bin/zkay run --blockchain-backend w3-eth-tester .+

top - 22:01:20 up 1 day,  1:55,  0 users,  load average: 1.78, 1.71, 0.89
Tasks:   6 total,   2 running,   4 sleeping,   0 stopped,   0 zombie
%Cpu(s):  8.3 us,  0.1 sy,  0.0 ni, 91.6 id,  0.0 wa,  0.0 hi,  0.0 si,  0.0 st
MiB Mem :   7877.2 total,   3709.2 free,   1458.3 used,   2709.6 buff/cache
MiB Swap:   2048.0 total,   2048.0 free,      0.0 used.   6107.7 avail Mem 

  PID USER      PR  NI    VIRT    RES    SHR S  %CPU  %MEM     TIME+ COMMAND
 1594 root      20   0  100880  96424   5112 R 100.0   1.2   0:01.07 /zkay/zkay/jsnark_interface/run_snark proofgen /tmp/tmpzomw2t7x /tmp/tmpzomw2t7x/proo+
    1 root      20   0    3984   3232   2736 S   0.0   0.0   0:00.06 bash
    7 root      20   0    3992   3108   2608 S   0.0   0.0   0:00.08 bash
   13 root      20   0    3988   3228   2716 S   0.0   0.0   0:00.10 bash
  844 root      20   0    7864   2984   2628 R   0.0   0.0   0:00.26 top -bc -d 1 -n 6000
  845 root      20   0   96380  90004  12488 S   0.0   1.1   4:11.79 /usr/local/bin/python3.8 /usr/local/bin/zkay run --blockchain-backend w3-eth-tester .+

top - 22:01:21 up 1 day,  1:55,  0 users,  load average: 1.72, 1.69, 0.89
Tasks:   6 total,   2 running,   4 sleeping,   0 stopped,   0 zombie
%Cpu(s):  8.3 us,  0.3 sy,  0.0 ni, 91.3 id,  0.0 wa,  0.0 hi,  0.0 si,  0.0 st
MiB Mem :   7877.2 total,   3709.2 free,   1458.3 used,   2709.6 buff/cache
MiB Swap:   2048.0 total,   2048.0 free,      0.0 used.   6107.7 avail Mem 

  PID USER      PR  NI    VIRT    RES    SHR S  %CPU  %MEM     TIME+ COMMAND
 1594 root      20   0  127220 122136   5112 R 100.0   1.5   0:02.07 /zkay/zkay/jsnark_interface/run_snark proofgen /tmp/tmpzomw2t7x /tmp/tmpzomw2t7x/proo+
  845 root      20   0   96380  90004  12488 S   1.0   1.1   4:11.80 /usr/local/bin/python3.8 /usr/local/bin/zkay run --blockchain-backend w3-eth-tester .+
    1 root      20   0    3984   3232   2736 S   0.0   0.0   0:00.06 bash
    7 root      20   0    3992   3108   2608 S   0.0   0.0   0:00.08 bash
   13 root      20   0    3988   3228   2716 S   0.0   0.0   0:00.10 bash
  844 root      20   0    7864   2984   2628 R   0.0   0.0   0:00.26 top -bc -d 1 -n 6000

top - 22:01:22 up 1 day,  1:55,  0 users,  load average: 1.72, 1.69, 0.89
Tasks:   6 total,   2 running,   4 sleeping,   0 stopped,   0 zombie
%Cpu(s):  7.8 us,  0.5 sy,  0.0 ni, 91.7 id,  0.0 wa,  0.0 hi,  0.0 si,  0.0 st
MiB Mem :   7877.2 total,   3709.2 free,   1458.3 used,   2709.6 buff/cache
MiB Swap:   2048.0 total,   2048.0 free,      0.0 used.   6107.7 avail Mem 

  PID USER      PR  NI    VIRT    RES    SHR S  %CPU  %MEM     TIME+ COMMAND
 1594 root      20   0  419064 412916   5112 R  99.0   5.1   0:03.06 /zkay/zkay/jsnark_interface/run_snark proofgen /tmp/tmpzomw2t7x /tmp/tmpzomw2t7x/proo+
    1 root      20   0    3984   3232   2736 S   0.0   0.0   0:00.06 bash
    7 root      20   0    3992   3108   2608 S   0.0   0.0   0:00.08 bash
   13 root      20   0    3988   3228   2716 S   0.0   0.0   0:00.10 bash
  844 root      20   0    7864   2984   2628 R   0.0   0.0   0:00.26 top -bc -d 1 -n 6000
  845 root      20   0   96380  90004  12488 S   0.0   1.1   4:11.80 /usr/local/bin/python3.8 /usr/local/bin/zkay run --blockchain-backend w3-eth-tester .+

top - 22:01:23 up 1 day,  1:55,  0 users,  load average: 1.72, 1.69, 0.89
Tasks:   6 total,   2 running,   4 sleeping,   0 stopped,   0 zombie
%Cpu(s):  8.3 us,  0.1 sy,  0.0 ni, 91.5 id,  0.1 wa,  0.0 hi,  0.0 si,  0.0 st
MiB Mem :   7877.2 total,   3100.3 free,   2067.3 used,   2709.6 buff/cache
MiB Swap:   2048.0 total,   2048.0 free,      0.0 used.   5498.8 avail Mem 

  PID USER      PR  NI    VIRT    RES    SHR S  %CPU  %MEM     TIME+ COMMAND
 1594 root      20   0  725840 719176   5112 R 100.0   8.9   0:04.06 /zkay/zkay/jsnark_interface/run_snark proofgen /tmp/tmpzomw2t7x /tmp/tmpzomw2t7x/proo+
    1 root      20   0    3984   3232   2736 S   0.0   0.0   0:00.06 bash
    7 root      20   0    3992   3108   2608 S   0.0   0.0   0:00.08 bash
   13 root      20   0    3988   3228   2716 S   0.0   0.0   0:00.10 bash
  844 root      20   0    7864   2984   2628 R   0.0   0.0   0:00.26 top -bc -d 1 -n 6000
  845 root      20   0   96380  90004  12488 S   0.0   1.1   4:11.80 /usr/local/bin/python3.8 /usr/local/bin/zkay run --blockchain-backend w3-eth-tester .+

top - 22:01:24 up 1 day,  1:55,  0 users,  load average: 1.72, 1.69, 0.89
Tasks:   6 total,   2 running,   4 sleeping,   0 stopped,   0 zombie
%Cpu(s):  8.1 us,  0.5 sy,  0.0 ni, 91.3 id,  0.1 wa,  0.0 hi,  0.0 si,  0.0 st
MiB Mem :   7877.2 total,   3100.3 free,   2067.3 used,   2709.6 buff/cache
MiB Swap:   2048.0 total,   2048.0 free,      0.0 used.   5498.8 avail Mem 

  PID USER      PR  NI    VIRT    RES    SHR S  %CPU  %MEM     TIME+ COMMAND
 1594 root      20   0  956384 948588   5112 R 100.0  11.8   0:05.07 /zkay/zkay/jsnark_interface/run_snark proofgen /tmp/tmpzomw2t7x /tmp/tmpzomw2t7x/proo+
    1 root      20   0    3984   3232   2736 S   0.0   0.0   0:00.06 bash
    7 root      20   0    3992   3108   2608 S   0.0   0.0   0:00.08 bash
   13 root      20   0    3988   3228   2716 S   0.0   0.0   0:00.10 bash
  844 root      20   0    7864   2984   2628 R   0.0   0.0   0:00.26 top -bc -d 1 -n 6000
  845 root      20   0   96380  90004  12488 S   0.0   1.1   4:11.80 /usr/local/bin/python3.8 /usr/local/bin/zkay run --blockchain-backend w3-eth-tester .+

top - 22:01:25 up 1 day,  1:55,  0 users,  load average: 1.72, 1.69, 0.89
Tasks:   6 total,   2 running,   4 sleeping,   0 stopped,   0 zombie
%Cpu(s):  7.7 us,  0.7 sy,  0.0 ni, 91.5 id,  0.0 wa,  0.0 hi,  0.0 si,  0.0 st
MiB Mem :   7877.2 total,   3100.3 free,   2067.3 used,   2709.6 buff/cache
MiB Swap:   2048.0 total,   2048.0 free,      0.0 used.   5498.8 avail Mem 

  PID USER      PR  NI    VIRT    RES    SHR S  %CPU  %MEM     TIME+ COMMAND
 1594 root      20   0 1183372   1.1g   5112 R 100.0  14.5   0:06.07 /zkay/zkay/jsnark_interface/run_snark proofgen /tmp/tmpzomw2t7x /tmp/tmpzomw2t7x/proo+
    1 root      20   0    3984   3232   2736 S   0.0   0.0   0:00.06 bash
    7 root      20   0    3992   3108   2608 S   0.0   0.0   0:00.08 bash
   13 root      20   0    3988   3228   2716 S   0.0   0.0   0:00.10 bash
  844 root      20   0    7864   2984   2628 R   0.0   0.0   0:00.26 top -bc -d 1 -n 6000
  845 root      20   0   96380  90004  12488 S   0.0   1.1   4:11.80 /usr/local/bin/python3.8 /usr/local/bin/zkay run --blockchain-backend w3-eth-tester .+

top - 22:01:26 up 1 day,  1:55,  0 users,  load average: 1.66, 1.68, 0.89
Tasks:   6 total,   2 running,   4 sleeping,   0 stopped,   0 zombie
%Cpu(s):  7.6 us,  0.8 sy,  0.0 ni, 91.7 id,  0.0 wa,  0.0 hi,  0.0 si,  0.0 st
MiB Mem :   7877.2 total,   2450.7 free,   2716.8 used,   2709.6 buff/cache
MiB Swap:   2048.0 total,   2048.0 free,      0.0 used.   4849.2 avail Mem 

  PID USER      PR  NI    VIRT    RES    SHR S  %CPU  %MEM     TIME+ COMMAND
 1594 root      20   0 1387724   1.3g   5112 R 100.0  17.1   0:07.07 /zkay/zkay/jsnark_interface/run_snark proofgen /tmp/tmpzomw2t7x /tmp/tmpzomw2t7x/proo+
    1 root      20   0    3984   3232   2736 S   0.0   0.0   0:00.06 bash
    7 root      20   0    3992   3108   2608 S   0.0   0.0   0:00.08 bash
   13 root      20   0    3988   3228   2716 S   0.0   0.0   0:00.10 bash
  844 root      20   0    7864   2984   2628 R   0.0   0.0   0:00.26 top -bc -d 1 -n 6000
  845 root      20   0   96380  90004  12488 S   0.0   1.1   4:11.80 /usr/local/bin/python3.8 /usr/local/bin/zkay run --blockchain-backend w3-eth-tester .+

top - 22:01:27 up 1 day,  1:55,  0 users,  load average: 1.66, 1.68, 0.89
Tasks:   6 total,   2 running,   4 sleeping,   0 stopped,   0 zombie
%Cpu(s):  7.6 us,  0.7 sy,  0.0 ni, 91.7 id,  0.0 wa,  0.0 hi,  0.0 si,  0.0 st
MiB Mem :   7877.2 total,   2450.7 free,   2716.8 used,   2709.6 buff/cache
MiB Swap:   2048.0 total,   2048.0 free,      0.0 used.   4849.2 avail Mem 

  PID USER      PR  NI    VIRT    RES    SHR S  %CPU  %MEM     TIME+ COMMAND
 1594 root      20   0 1602672   1.5g   5112 R  99.0  19.6   0:08.06 /zkay/zkay/jsnark_interface/run_snark proofgen /tmp/tmpzomw2t7x /tmp/tmpzomw2t7x/proo+
    1 root      20   0    3984   3232   2736 S   0.0   0.0   0:00.06 bash
    7 root      20   0    3992   3108   2608 S   0.0   0.0   0:00.08 bash
   13 root      20   0    3988   3228   2716 S   0.0   0.0   0:00.10 bash
  844 root      20   0    7864   2984   2628 R   0.0   0.0   0:00.26 top -bc -d 1 -n 6000
  845 root      20   0   96380  90004  12488 S   0.0   1.1   4:11.80 /usr/local/bin/python3.8 /usr/local/bin/zkay run --blockchain-backend w3-eth-tester .+

top - 22:01:28 up 1 day,  1:55,  0 users,  load average: 1.66, 1.68, 0.89
Tasks:   6 total,   2 running,   4 sleeping,   0 stopped,   0 zombie
%Cpu(s):  7.6 us,  0.9 sy,  0.0 ni, 91.4 id,  0.0 wa,  0.0 hi,  0.0 si,  0.0 st
MiB Mem :   7877.2 total,   2450.7 free,   2716.8 used,   2709.6 buff/cache
MiB Swap:   2048.0 total,   2048.0 free,      0.0 used.   4849.2 avail Mem 

  PID USER      PR  NI    VIRT    RES    SHR S  %CPU  %MEM     TIME+ COMMAND
 1594 root      20   0 1822276   1.7g   5112 R 100.0  22.2   0:09.06 /zkay/zkay/jsnark_interface/run_snark proofgen /tmp/tmpzomw2t7x /tmp/tmpzomw2t7x/proo+
    1 root      20   0    3984   3232   2736 S   0.0   0.0   0:00.06 bash
    7 root      20   0    3992   3108   2608 S   0.0   0.0   0:00.08 bash
   13 root      20   0    3988   3228   2716 S   0.0   0.0   0:00.10 bash
  844 root      20   0    7864   2984   2628 R   0.0   0.0   0:00.26 top -bc -d 1 -n 6000
  845 root      20   0   96380  90004  12488 S   0.0   1.1   4:11.80 /usr/local/bin/python3.8 /usr/local/bin/zkay run --blockchain-backend w3-eth-tester .+

top - 22:01:29 up 1 day,  1:55,  0 users,  load average: 1.66, 1.68, 0.89
Tasks:   6 total,   2 running,   4 sleeping,   0 stopped,   0 zombie
%Cpu(s):  8.5 us,  0.3 sy,  0.0 ni, 91.0 id,  0.0 wa,  0.0 hi,  0.3 si,  0.0 st
MiB Mem :   7877.2 total,   2038.9 free,   3128.7 used,   2709.6 buff/cache
MiB Swap:   2048.0 total,   2048.0 free,      0.0 used.   4437.4 avail Mem 

  PID USER      PR  NI    VIRT    RES    SHR S  %CPU  %MEM     TIME+ COMMAND
 1594 root      20   0 1832044   1.7g   5112 R 100.0  22.3   0:10.07 /zkay/zkay/jsnark_interface/run_snark proofgen /tmp/tmpzomw2t7x /tmp/tmpzomw2t7x/proo+
  844 root      20   0    7864   2984   2628 R   1.0   0.0   0:00.27 top -bc -d 1 -n 6000
    1 root      20   0    3984   3232   2736 S   0.0   0.0   0:00.06 bash
    7 root      20   0    3992   3108   2608 S   0.0   0.0   0:00.08 bash
   13 root      20   0    3988   3228   2716 S   0.0   0.0   0:00.10 bash
  845 root      20   0   96380  90004  12488 S   0.0   1.1   4:11.80 /usr/local/bin/python3.8 /usr/local/bin/zkay run --blockchain-backend w3-eth-tester .+

top - 22:01:30 up 1 day,  1:55,  0 users,  load average: 1.66, 1.68, 0.89
Tasks:   6 total,   2 running,   4 sleeping,   0 stopped,   0 zombie
%Cpu(s):  8.3 us,  0.0 sy,  0.0 ni, 91.6 id,  0.1 wa,  0.0 hi,  0.0 si,  0.0 st
MiB Mem :   7877.2 total,   2038.9 free,   3128.7 used,   2709.6 buff/cache
MiB Swap:   2048.0 total,   2048.0 free,      0.0 used.   4437.4 avail Mem 

  PID USER      PR  NI    VIRT    RES    SHR S  %CPU  %MEM     TIME+ COMMAND
 1594 root      20   0 1832044   1.7g   5112 R 100.0  22.3   0:11.07 /zkay/zkay/jsnark_interface/run_snark proofgen /tmp/tmpzomw2t7x /tmp/tmpzomw2t7x/proo+
    1 root      20   0    3984   3232   2736 S   0.0   0.0   0:00.06 bash
    7 root      20   0    3992   3108   2608 S   0.0   0.0   0:00.08 bash
   13 root      20   0    3988   3228   2716 S   0.0   0.0   0:00.10 bash
  844 root      20   0    7864   2984   2628 R   0.0   0.0   0:00.27 top -bc -d 1 -n 6000
  845 root      20   0   96380  90004  12488 S   0.0   1.1   4:11.80 /usr/local/bin/python3.8 /usr/local/bin/zkay run --blockchain-backend w3-eth-tester .+

top - 22:01:31 up 1 day,  1:55,  0 users,  load average: 1.61, 1.67, 0.90
Tasks:   6 total,   2 running,   4 sleeping,   0 stopped,   0 zombie
%Cpu(s):  8.3 us,  0.0 sy,  0.0 ni, 91.7 id,  0.0 wa,  0.0 hi,  0.0 si,  0.0 st
MiB Mem :   7877.2 total,   2038.9 free,   3128.7 used,   2709.6 buff/cache
MiB Swap:   2048.0 total,   2048.0 free,      0.0 used.   4437.4 avail Mem 

  PID USER      PR  NI    VIRT    RES    SHR S  %CPU  %MEM     TIME+ COMMAND
 1594 root      20   0 1832044   1.7g   5112 R 100.0  22.3   0:12.07 /zkay/zkay/jsnark_interface/run_snark proofgen /tmp/tmpzomw2t7x /tmp/tmpzomw2t7x/proo+
    1 root      20   0    3984   3232   2736 S   0.0   0.0   0:00.06 bash
    7 root      20   0    3992   3108   2608 S   0.0   0.0   0:00.08 bash
   13 root      20   0    3988   3228   2716 S   0.0   0.0   0:00.10 bash
  844 root      20   0    7864   2984   2628 R   0.0   0.0   0:00.27 top -bc -d 1 -n 6000
  845 root      20   0   96380  90004  12488 S   0.0   1.1   4:11.80 /usr/local/bin/python3.8 /usr/local/bin/zkay run --blockchain-backend w3-eth-tester .+

top - 22:01:32 up 1 day,  1:55,  0 users,  load average: 1.61, 1.67, 0.90
Tasks:   6 total,   2 running,   4 sleeping,   0 stopped,   0 zombie
%Cpu(s):  8.2 us,  0.2 sy,  0.0 ni, 91.7 id,  0.0 wa,  0.0 hi,  0.0 si,  0.0 st
MiB Mem :   7877.2 total,   2030.0 free,   3137.5 used,   2709.6 buff/cache
MiB Swap:   2048.0 total,   2048.0 free,      0.0 used.   4428.5 avail Mem 

  PID USER      PR  NI    VIRT    RES    SHR S  %CPU  %MEM     TIME+ COMMAND
 1594 root      20   0 1827572   1.7g   5112 R 100.0  22.4   0:13.07 /zkay/zkay/jsnark_interface/run_snark proofgen /tmp/tmpzomw2t7x /tmp/tmpzomw2t7x/proo+
    1 root      20   0    3984   3232   2736 S   0.0   0.0   0:00.06 bash
    7 root      20   0    3992   3108   2608 S   0.0   0.0   0:00.08 bash
   13 root      20   0    3988   3228   2716 S   0.0   0.0   0:00.10 bash
  844 root      20   0    7864   2984   2628 R   0.0   0.0   0:00.27 top -bc -d 1 -n 6000
  845 root      20   0   96380  90004  12488 S   0.0   1.1   4:11.80 /usr/local/bin/python3.8 /usr/local/bin/zkay run --blockchain-backend w3-eth-tester .+

top - 22:01:33 up 1 day,  1:55,  0 users,  load average: 1.61, 1.67, 0.90
Tasks:   6 total,   2 running,   4 sleeping,   0 stopped,   0 zombie
%Cpu(s):  7.8 us,  0.5 sy,  0.0 ni, 91.7 id,  0.0 wa,  0.0 hi,  0.0 si,  0.0 st
MiB Mem :   7877.2 total,   2030.0 free,   3137.5 used,   2709.6 buff/cache
MiB Swap:   2048.0 total,   2048.0 free,      0.0 used.   4428.5 avail Mem 

  PID USER      PR  NI    VIRT    RES    SHR S  %CPU  %MEM     TIME+ COMMAND
 1594 root      20   0 2143240   1.9g   5112 R 100.0  24.2   0:14.07 /zkay/zkay/jsnark_interface/run_snark proofgen /tmp/tmpzomw2t7x /tmp/tmpzomw2t7x/proo+
    1 root      20   0    3984   3232   2736 S   0.0   0.0   0:00.06 bash
    7 root      20   0    3992   3108   2608 S   0.0   0.0   0:00.08 bash
   13 root      20   0    3988   3228   2716 S   0.0   0.0   0:00.10 bash
  844 root      20   0    7864   2984   2628 R   0.0   0.0   0:00.27 top -bc -d 1 -n 6000
  845 root      20   0   96380  90004  12488 S   0.0   1.1   4:11.80 /usr/local/bin/python3.8 /usr/local/bin/zkay run --blockchain-backend w3-eth-tester .+

top - 22:01:34 up 1 day,  1:55,  0 users,  load average: 1.61, 1.67, 0.90
Tasks:   6 total,   2 running,   4 sleeping,   0 stopped,   0 zombie
%Cpu(s):  8.0 us,  0.4 sy,  0.0 ni, 91.6 id,  0.0 wa,  0.0 hi,  0.0 si,  0.0 st
MiB Mem :   7877.2 total,   2030.0 free,   3137.5 used,   2709.6 buff/cache
MiB Swap:   2048.0 total,   2048.0 free,      0.0 used.   4428.5 avail Mem 

  PID USER      PR  NI    VIRT    RES    SHR S  %CPU  %MEM     TIME+ COMMAND
 1594 root      20   0 2248760   2.0g   5112 R 100.0  25.6   0:15.08 /zkay/zkay/jsnark_interface/run_snark proofgen /tmp/tmpzomw2t7x /tmp/tmpzomw2t7x/proo+
    1 root      20   0    3984   3232   2736 S   0.0   0.0   0:00.06 bash
    7 root      20   0    3992   3108   2608 S   0.0   0.0   0:00.08 bash
   13 root      20   0    3988   3228   2716 S   0.0   0.0   0:00.10 bash
  844 root      20   0    7864   2984   2628 R   0.0   0.0   0:00.27 top -bc -d 1 -n 6000
  845 root      20   0   96380  90004  12488 S   0.0   1.1   4:11.80 /usr/local/bin/python3.8 /usr/local/bin/zkay run --blockchain-backend w3-eth-tester .+

top - 22:01:35 up 1 day,  1:55,  0 users,  load average: 1.61, 1.67, 0.90
Tasks:   6 total,   2 running,   4 sleeping,   0 stopped,   0 zombie
%Cpu(s):  7.9 us,  0.4 sy,  0.0 ni, 91.7 id,  0.0 wa,  0.0 hi,  0.0 si,  0.0 st
MiB Mem :   7877.2 total,   1537.0 free,   3630.5 used,   2709.6 buff/cache
MiB Swap:   2048.0 total,   2048.0 free,      0.0 used.   3935.5 avail Mem 

  PID USER      PR  NI    VIRT    RES    SHR S  %CPU  %MEM     TIME+ COMMAND
 1594 root      20   0 2396512   2.2g   5112 R 100.0  28.7   0:16.08 /zkay/zkay/jsnark_interface/run_snark proofgen /tmp/tmpzomw2t7x /tmp/tmpzomw2t7x/proo+
    1 root      20   0    3984   3232   2736 S   0.0   0.0   0:00.06 bash
    7 root      20   0    3992   3108   2608 S   0.0   0.0   0:00.08 bash
   13 root      20   0    3988   3228   2716 S   0.0   0.0   0:00.10 bash
  844 root      20   0    7864   2984   2628 R   0.0   0.0   0:00.27 top -bc -d 1 -n 6000
  845 root      20   0   96380  90004  12488 S   0.0   1.1   4:11.80 /usr/local/bin/python3.8 /usr/local/bin/zkay run --blockchain-backend w3-eth-tester .+

top - 22:01:36 up 1 day,  1:55,  0 users,  load average: 1.56, 1.66, 0.90
Tasks:   6 total,   2 running,   4 sleeping,   0 stopped,   0 zombie
%Cpu(s): 11.4 us,  0.5 sy,  0.0 ni, 88.0 id,  0.1 wa,  0.0 hi,  0.1 si,  0.0 st
MiB Mem :   7877.2 total,   1537.0 free,   3630.5 used,   2709.6 buff/cache
MiB Swap:   2048.0 total,   2048.0 free,      0.0 used.   3935.5 avail Mem 

  PID USER      PR  NI    VIRT    RES    SHR S  %CPU  %MEM     TIME+ COMMAND
 1594 root      20   0 3386428   2.4g   5112 R 133.0  31.7   0:17.41 /zkay/zkay/jsnark_interface/run_snark proofgen /tmp/tmpzomw2t7x /tmp/tmpzomw2t7x/proo+
    1 root      20   0    3984   3232   2736 S   0.0   0.0   0:00.06 bash
    7 root      20   0    3992   3108   2608 S   0.0   0.0   0:00.08 bash
   13 root      20   0    3988   3228   2716 S   0.0   0.0   0:00.10 bash
  844 root      20   0    7864   2984   2628 R   0.0   0.0   0:00.27 top -bc -d 1 -n 6000
  845 root      20   0   96380  90004  12488 S   0.0   1.1   4:11.80 /usr/local/bin/python3.8 /usr/local/bin/zkay run --blockchain-backend w3-eth-tester .+

top - 22:01:37 up 1 day,  1:55,  0 users,  load average: 1.56, 1.66, 0.90
Tasks:   6 total,   2 running,   4 sleeping,   0 stopped,   0 zombie
%Cpu(s): 38.2 us, 11.8 sy,  0.0 ni, 49.9 id,  0.0 wa,  0.0 hi,  0.0 si,  0.0 st
MiB Mem :   7877.2 total,   1537.0 free,   3630.5 used,   2709.6 buff/cache
MiB Swap:   2048.0 total,   2048.0 free,      0.0 used.   3935.5 avail Mem 

  PID USER      PR  NI    VIRT    RES    SHR S  %CPU  %MEM     TIME+ COMMAND
 1594 root      20   0 3386428   2.7g   5112 R 592.1  34.7   0:23.39 /zkay/zkay/jsnark_interface/run_snark proofgen /tmp/tmpzomw2t7x /tmp/tmpzomw2t7x/proo+
    1 root      20   0    3984   3232   2736 S   0.0   0.0   0:00.06 bash
    7 root      20   0    3992   3108   2608 S   0.0   0.0   0:00.08 bash
   13 root      20   0    3988   3228   2716 S   0.0   0.0   0:00.10 bash
  844 root      20   0    7864   2984   2628 R   0.0   0.0   0:00.27 top -bc -d 1 -n 6000
  845 root      20   0   96380  90004  12488 S   0.0   1.1   4:11.80 /usr/local/bin/python3.8 /usr/local/bin/zkay run --blockchain-backend w3-eth-tester .+

top - 22:01:38 up 1 day,  1:55,  0 users,  load average: 1.56, 1.66, 0.90
Tasks:   6 total,   2 running,   4 sleeping,   0 stopped,   0 zombie
%Cpu(s): 18.8 us, 11.9 sy,  0.0 ni, 69.3 id,  0.0 wa,  0.0 hi,  0.0 si,  0.0 st
MiB Mem :   7877.2 total,   1028.9 free,   4138.6 used,   2709.6 buff/cache
MiB Swap:   2048.0 total,   2048.0 free,      0.0 used.   3427.4 avail Mem 

  PID USER      PR  NI    VIRT    RES    SHR S  %CPU  %MEM     TIME+ COMMAND
 1594 root      20   0 3203496   2.7g   5112 R 389.0  35.2   0:27.28 /zkay/zkay/jsnark_interface/run_snark proofgen /tmp/tmpzomw2t7x /tmp/tmpzomw2t7x/proo+
    1 root      20   0    3984   3232   2736 S   0.0   0.0   0:00.06 bash
    7 root      20   0    3992   3108   2608 S   0.0   0.0   0:00.08 bash
   13 root      20   0    3988   3228   2716 S   0.0   0.0   0:00.10 bash
  844 root      20   0    7864   2984   2628 R   0.0   0.0   0:00.27 top -bc -d 1 -n 6000
  845 root      20   0   96380  90004  12488 S   0.0   1.1   4:11.80 /usr/local/bin/python3.8 /usr/local/bin/zkay run --blockchain-backend w3-eth-tester .+

top - 22:01:39 up 1 day,  1:55,  0 users,  load average: 1.56, 1.66, 0.90
Tasks:   6 total,   2 running,   4 sleeping,   0 stopped,   0 zombie
%Cpu(s):  9.1 us,  0.5 sy,  0.0 ni, 89.5 id,  0.0 wa,  0.0 hi,  0.9 si,  0.0 st
MiB Mem :   7877.2 total,   1028.9 free,   4138.6 used,   2709.6 buff/cache
MiB Swap:   2048.0 total,   2048.0 free,      0.0 used.   3427.4 avail Mem 

  PID USER      PR  NI    VIRT    RES    SHR S  %CPU  %MEM     TIME+ COMMAND
 1594 root      20   0 3170724   2.7g   5112 R 100.0  35.0   0:28.28 /zkay/zkay/jsnark_interface/run_snark proofgen /tmp/tmpzomw2t7x /tmp/tmpzomw2t7x/proo+
    1 root      20   0    3984   3232   2736 S   0.0   0.0   0:00.06 bash
    7 root      20   0    3992   3108   2608 S   0.0   0.0   0:00.08 bash
   13 root      20   0    3988   3228   2716 S   0.0   0.0   0:00.10 bash
  844 root      20   0    7864   2984   2628 R   0.0   0.0   0:00.27 top -bc -d 1 -n 6000
  845 root      20   0   96380  90004  12488 S   0.0   1.1   4:11.80 /usr/local/bin/python3.8 /usr/local/bin/zkay run --blockchain-backend w3-eth-tester .+

top - 22:01:40 up 1 day,  1:55,  0 users,  load average: 1.56, 1.66, 0.90
Tasks:   6 total,   2 running,   4 sleeping,   0 stopped,   0 zombie
%Cpu(s):  8.2 us,  0.2 sy,  0.0 ni, 91.4 id,  0.0 wa,  0.0 hi,  0.2 si,  0.0 st
MiB Mem :   7877.2 total,   1028.9 free,   4138.6 used,   2709.6 buff/cache
MiB Swap:   2048.0 total,   2048.0 free,      0.0 used.   3427.4 avail Mem 

  PID USER      PR  NI    VIRT    RES    SHR S  %CPU  %MEM     TIME+ COMMAND
 1594 root      20   0 3242892   2.8g   5112 R  98.0  35.9   0:29.26 /zkay/zkay/jsnark_interface/run_snark proofgen /tmp/tmpzomw2t7x /tmp/tmpzomw2t7x/proo+
    1 root      20   0    3984   3232   2736 S   0.0   0.0   0:00.06 bash
    7 root      20   0    3992   3108   2608 S   0.0   0.0   0:00.08 bash
   13 root      20   0    3988   3228   2716 S   0.0   0.0   0:00.10 bash
  844 root      20   0    7864   2984   2628 R   0.0   0.0   0:00.27 top -bc -d 1 -n 6000
  845 root      20   0   96380  90004  12488 S   0.0   1.1   4:11.80 /usr/local/bin/python3.8 /usr/local/bin/zkay run --blockchain-backend w3-eth-tester .+

top - 22:01:41 up 1 day,  1:55,  0 users,  load average: 1.51, 1.65, 0.90
Tasks:   6 total,   2 running,   4 sleeping,   0 stopped,   0 zombie
%Cpu(s):  6.9 us,  1.4 sy,  0.0 ni, 91.7 id,  0.0 wa,  0.0 hi,  0.0 si,  0.0 st
MiB Mem :   7877.2 total,   1087.4 free,   4080.2 used,   2709.6 buff/cache
MiB Swap:   2048.0 total,   2048.0 free,      0.0 used.   3485.9 avail Mem 

  PID USER      PR  NI    VIRT    RES    SHR S  %CPU  %MEM     TIME+ COMMAND
 1594 root      20   0 3206808   2.7g   5112 R 100.0  34.5   0:30.26 /zkay/zkay/jsnark_interface/run_snark proofgen /tmp/tmpzomw2t7x /tmp/tmpzomw2t7x/proo+
    1 root      20   0    3984   3232   2736 S   0.0   0.0   0:00.06 bash
    7 root      20   0    3992   3108   2608 S   0.0   0.0   0:00.08 bash
   13 root      20   0    3988   3228   2716 S   0.0   0.0   0:00.10 bash
  844 root      20   0    7864   2984   2628 R   0.0   0.0   0:00.27 top -bc -d 1 -n 6000
  845 root      20   0   96380  90004  12488 S   0.0   1.1   4:11.80 /usr/local/bin/python3.8 /usr/local/bin/zkay run --blockchain-backend w3-eth-tester .+

top - 22:01:42 up 1 day,  1:55,  0 users,  load average: 1.51, 1.65, 0.90
Tasks:   6 total,   2 running,   4 sleeping,   0 stopped,   0 zombie
%Cpu(s):  7.3 us,  1.0 sy,  0.0 ni, 91.6 id,  0.1 wa,  0.0 hi,  0.0 si,  0.0 st
MiB Mem :   7877.2 total,   1087.4 free,   4080.2 used,   2709.6 buff/cache
MiB Swap:   2048.0 total,   2048.0 free,      0.0 used.   3485.9 avail Mem 

  PID USER      PR  NI    VIRT    RES    SHR S  %CPU  %MEM     TIME+ COMMAND
 1594 root      20   0 3206808   2.7g   5112 R 100.0  35.2   0:31.26 /zkay/zkay/jsnark_interface/run_snark proofgen /tmp/tmpzomw2t7x /tmp/tmpzomw2t7x/proo+
    1 root      20   0    3984   3232   2736 S   0.0   0.0   0:00.06 bash
    7 root      20   0    3992   3108   2608 S   0.0   0.0   0:00.08 bash
   13 root      20   0    3988   3228   2716 S   0.0   0.0   0:00.10 bash
  844 root      20   0    7864   2984   2628 R   0.0   0.0   0:00.27 top -bc -d 1 -n 6000
  845 root      20   0   96380  90004  12488 S   0.0   1.1   4:11.80 /usr/local/bin/python3.8 /usr/local/bin/zkay run --blockchain-backend w3-eth-tester .+

top - 22:01:43 up 1 day,  1:55,  0 users,  load average: 1.51, 1.65, 0.90
Tasks:   6 total,   2 running,   4 sleeping,   0 stopped,   0 zombie
%Cpu(s): 12.8 us,  0.3 sy,  0.0 ni, 86.6 id,  0.0 wa,  0.0 hi,  0.3 si,  0.0 st
MiB Mem :   7877.2 total,   1087.4 free,   4080.2 used,   2709.6 buff/cache
MiB Swap:   2048.0 total,   2048.0 free,      0.0 used.   3485.9 avail Mem 

  PID USER      PR  NI    VIRT    RES    SHR S  %CPU  %MEM     TIME+ COMMAND
 1594 root      20   0 3206808   2.7g   5112 R 156.4  35.5   0:32.84 /zkay/zkay/jsnark_interface/run_snark proofgen /tmp/tmpzomw2t7x /tmp/tmpzomw2t7x/proo+
    1 root      20   0    3984   3232   2736 S   0.0   0.0   0:00.06 bash
    7 root      20   0    3992   3108   2608 S   0.0   0.0   0:00.08 bash
   13 root      20   0    3988   3228   2716 S   0.0   0.0   0:00.10 bash
  844 root      20   0    7864   2984   2628 R   0.0   0.0   0:00.27 top -bc -d 1 -n 6000
  845 root      20   0   96380  90004  12488 S   0.0   1.1   4:11.80 /usr/local/bin/python3.8 /usr/local/bin/zkay run --blockchain-backend w3-eth-tester .+

top - 22:01:44 up 1 day,  1:55,  0 users,  load average: 1.51, 1.65, 0.90
Tasks:   6 total,   2 running,   4 sleeping,   0 stopped,   0 zombie
%Cpu(s): 26.0 us,  0.0 sy,  0.0 ni, 74.0 id,  0.0 wa,  0.0 hi,  0.0 si,  0.0 st
MiB Mem :   7877.2 total,   1010.4 free,   4157.2 used,   2709.6 buff/cache
MiB Swap:   2048.0 total,   2048.0 free,      0.0 used.   3408.9 avail Mem 

  PID USER      PR  NI    VIRT    RES    SHR S  %CPU  %MEM     TIME+ COMMAND
 1594 root      20   0 3206808   2.7g   5112 R 311.0  35.5   0:35.95 /zkay/zkay/jsnark_interface/run_snark proofgen /tmp/tmpzomw2t7x /tmp/tmpzomw2t7x/proo+
    1 root      20   0    3984   3232   2736 S   0.0   0.0   0:00.06 bash
    7 root      20   0    3992   3108   2608 S   0.0   0.0   0:00.08 bash
   13 root      20   0    3988   3228   2716 S   0.0   0.0   0:00.10 bash
  844 root      20   0    7864   2984   2628 R   0.0   0.0   0:00.27 top -bc -d 1 -n 6000
  845 root      20   0   96380  90004  12488 S   0.0   1.1   4:11.80 /usr/local/bin/python3.8 /usr/local/bin/zkay run --blockchain-backend w3-eth-tester .+

top - 22:01:45 up 1 day,  1:55,  0 users,  load average: 1.51, 1.65, 0.90
Tasks:   6 total,   2 running,   4 sleeping,   0 stopped,   0 zombie
%Cpu(s): 27.2 us,  0.1 sy,  0.0 ni, 72.7 id,  0.0 wa,  0.0 hi,  0.0 si,  0.0 st
MiB Mem :   7877.2 total,   1010.4 free,   4157.2 used,   2709.6 buff/cache
MiB Swap:   2048.0 total,   2048.0 free,      0.0 used.   3408.9 avail Mem 

  PID USER      PR  NI    VIRT    RES    SHR S  %CPU  %MEM     TIME+ COMMAND
 1594 root      20   0 3206808   2.7g   5112 R 327.0  35.5   0:39.22 /zkay/zkay/jsnark_interface/run_snark proofgen /tmp/tmpzomw2t7x /tmp/tmpzomw2t7x/proo+
    1 root      20   0    3984   3232   2736 S   0.0   0.0   0:00.06 bash
    7 root      20   0    3992   3108   2608 S   0.0   0.0   0:00.08 bash
   13 root      20   0    3988   3228   2716 S   0.0   0.0   0:00.10 bash
  844 root      20   0    7864   2984   2628 R   0.0   0.0   0:00.27 top -bc -d 1 -n 6000
  845 root      20   0   96380  90004  12488 S   0.0   1.1   4:11.80 /usr/local/bin/python3.8 /usr/local/bin/zkay run --blockchain-backend w3-eth-tester .+

top - 22:01:46 up 1 day,  1:55,  0 users,  load average: 1.47, 1.64, 0.90
Tasks:   6 total,   2 running,   4 sleeping,   0 stopped,   0 zombie
%Cpu(s): 20.6 us,  0.2 sy,  0.0 ni, 79.2 id,  0.0 wa,  0.0 hi,  0.0 si,  0.0 st
MiB Mem :   7877.2 total,   1010.4 free,   4157.2 used,   2709.6 buff/cache
MiB Swap:   2048.0 total,   2048.0 free,      0.0 used.   3408.9 avail Mem 

  PID USER      PR  NI    VIRT    RES    SHR S  %CPU  %MEM     TIME+ COMMAND
 1594 root      20   0 3206808   2.7g   5112 R 257.0  35.5   0:41.79 /zkay/zkay/jsnark_interface/run_snark proofgen /tmp/tmpzomw2t7x /tmp/tmpzomw2t7x/proo+
    1 root      20   0    3984   3232   2736 S   0.0   0.0   0:00.06 bash
    7 root      20   0    3992   3108   2608 S   0.0   0.0   0:00.08 bash
   13 root      20   0    3988   3228   2716 S   0.0   0.0   0:00.10 bash
  844 root      20   0    7864   2984   2628 R   0.0   0.0   0:00.27 top -bc -d 1 -n 6000
  845 root      20   0   96380  90004  12488 S   0.0   1.1   4:11.80 /usr/local/bin/python3.8 /usr/local/bin/zkay run --blockchain-backend w3-eth-tester .+

top - 22:01:47 up 1 day,  1:55,  0 users,  load average: 1.47, 1.64, 0.90
Tasks:   6 total,   2 running,   4 sleeping,   0 stopped,   0 zombie
%Cpu(s): 19.5 us,  0.0 sy,  0.0 ni, 80.4 id,  0.0 wa,  0.0 hi,  0.1 si,  0.0 st
MiB Mem :   7877.2 total,   1010.4 free,   4157.2 used,   2709.6 buff/cache
MiB Swap:   2048.0 total,   2048.0 free,      0.0 used.   3408.9 avail Mem 

  PID USER      PR  NI    VIRT    RES    SHR S  %CPU  %MEM     TIME+ COMMAND
 1594 root      20   0 3206808   2.7g   5112 R 229.0  35.5   0:44.08 /zkay/zkay/jsnark_interface/run_snark proofgen /tmp/tmpzomw2t7x /tmp/tmpzomw2t7x/proo+
    1 root      20   0    3984   3232   2736 S   0.0   0.0   0:00.06 bash
    7 root      20   0    3992   3108   2608 S   0.0   0.0   0:00.08 bash
   13 root      20   0    3988   3228   2716 S   0.0   0.0   0:00.10 bash
  844 root      20   0    7864   2984   2628 R   0.0   0.0   0:00.27 top -bc -d 1 -n 6000
  845 root      20   0   96380  90004  12488 S   0.0   1.1   4:11.80 /usr/local/bin/python3.8 /usr/local/bin/zkay run --blockchain-backend w3-eth-tester .+

top - 22:01:48 up 1 day,  1:55,  0 users,  load average: 1.47, 1.64, 0.90
Tasks:   6 total,   2 running,   4 sleeping,   0 stopped,   0 zombie
%Cpu(s): 18.7 us,  0.2 sy,  0.0 ni, 81.0 id,  0.1 wa,  0.0 hi,  0.1 si,  0.0 st
MiB Mem :   7877.2 total,   1010.4 free,   4157.2 used,   2709.6 buff/cache
MiB Swap:   2048.0 total,   2048.0 free,      0.0 used.   3408.9 avail Mem 

  PID USER      PR  NI    VIRT    RES    SHR S  %CPU  %MEM     TIME+ COMMAND
 1594 root      20   0 3206808   2.7g   5112 R 231.0  35.5   0:46.39 /zkay/zkay/jsnark_interface/run_snark proofgen /tmp/tmpzomw2t7x /tmp/tmpzomw2t7x/proo+
    1 root      20   0    3984   3232   2736 S   0.0   0.0   0:00.06 bash
    7 root      20   0    3992   3108   2608 S   0.0   0.0   0:00.08 bash
   13 root      20   0    3988   3228   2716 S   0.0   0.0   0:00.10 bash
  844 root      20   0    7864   2984   2628 R   0.0   0.0   0:00.27 top -bc -d 1 -n 6000
  845 root      20   0   96380  90004  12488 S   0.0   1.1   4:11.80 /usr/local/bin/python3.8 /usr/local/bin/zkay run --blockchain-backend w3-eth-tester .+

top - 22:01:49 up 1 day,  1:55,  0 users,  load average: 1.47, 1.64, 0.90
Tasks:   6 total,   2 running,   4 sleeping,   0 stopped,   0 zombie
%Cpu(s): 43.4 us,  0.2 sy,  0.0 ni, 56.0 id,  0.0 wa,  0.0 hi,  0.3 si,  0.0 st
MiB Mem :   7877.2 total,   1010.4 free,   4157.2 used,   2709.6 buff/cache
MiB Swap:   2048.0 total,   2048.0 free,      0.0 used.   3408.9 avail Mem 

  PID USER      PR  NI    VIRT    RES    SHR S  %CPU  %MEM     TIME+ COMMAND
 1594 root      20   0 3206808   2.7g   5112 R 511.9  35.5   0:51.56 /zkay/zkay/jsnark_interface/run_snark proofgen /tmp/tmpzomw2t7x /tmp/tmpzomw2t7x/proo+
    1 root      20   0    3984   3232   2736 S   0.0   0.0   0:00.06 bash
    7 root      20   0    3992   3108   2608 S   0.0   0.0   0:00.08 bash
   13 root      20   0    3988   3228   2716 S   0.0   0.0   0:00.10 bash
  844 root      20   0    7864   2984   2628 R   0.0   0.0   0:00.27 top -bc -d 1 -n 6000
  845 root      20   0   96380  90004  12488 S   0.0   1.1   4:11.80 /usr/local/bin/python3.8 /usr/local/bin/zkay run --blockchain-backend w3-eth-tester .+

top - 22:01:50 up 1 day,  1:55,  0 users,  load average: 1.47, 1.64, 0.90
Tasks:   6 total,   2 running,   4 sleeping,   0 stopped,   0 zombie
%Cpu(s): 97.4 us,  0.0 sy,  0.0 ni,  2.6 id,  0.0 wa,  0.0 hi,  0.0 si,  0.0 st
MiB Mem :   7877.2 total,   1009.7 free,   4157.9 used,   2709.6 buff/cache
MiB Swap:   2048.0 total,   2048.0 free,      0.0 used.   3408.2 avail Mem 

  PID USER      PR  NI    VIRT    RES    SHR S  %CPU  %MEM     TIME+ COMMAND
 1594 root      20   0 3206808   2.7g   5112 R  1169  35.5   1:03.25 /zkay/zkay/jsnark_interface/run_snark proofgen /tmp/tmpzomw2t7x /tmp/tmpzomw2t7x/proo+
    1 root      20   0    3984   3232   2736 S   0.0   0.0   0:00.06 bash
    7 root      20   0    3992   3108   2608 S   0.0   0.0   0:00.08 bash
   13 root      20   0    3988   3228   2716 S   0.0   0.0   0:00.10 bash
  844 root      20   0    7864   2984   2628 R   0.0   0.0   0:00.27 top -bc -d 1 -n 6000
  845 root      20   0   96380  90004  12488 S   0.0   1.1   4:11.80 /usr/local/bin/python3.8 /usr/local/bin/zkay run --blockchain-backend w3-eth-tester .+

top - 22:01:51 up 1 day,  1:55,  0 users,  load average: 2.31, 1.81, 0.96
Tasks:   6 total,   2 running,   4 sleeping,   0 stopped,   0 zombie
%Cpu(s): 99.9 us,  0.1 sy,  0.0 ni,  0.0 id,  0.0 wa,  0.0 hi,  0.0 si,  0.0 st
MiB Mem :   7877.2 total,   1009.7 free,   4157.9 used,   2709.6 buff/cache
MiB Swap:   2048.0 total,   2048.0 free,      0.0 used.   3408.2 avail Mem 

  PID USER      PR  NI    VIRT    RES    SHR S  %CPU  %MEM     TIME+ COMMAND
 1594 root      20   0 3206808   2.7g   5112 R  1199  35.5   1:15.24 /zkay/zkay/jsnark_interface/run_snark proofgen /tmp/tmpzomw2t7x /tmp/tmpzomw2t7x/proo+
    1 root      20   0    3984   3232   2736 S   0.0   0.0   0:00.06 bash
    7 root      20   0    3992   3108   2608 S   0.0   0.0   0:00.08 bash
   13 root      20   0    3988   3228   2716 S   0.0   0.0   0:00.10 bash
  844 root      20   0    7864   2984   2628 R   0.0   0.0   0:00.27 top -bc -d 1 -n 6000
  845 root      20   0   96380  90004  12488 S   0.0   1.1   4:11.80 /usr/local/bin/python3.8 /usr/local/bin/zkay run --blockchain-backend w3-eth-tester .+

top - 22:01:52 up 1 day,  1:55,  0 users,  load average: 2.31, 1.81, 0.96
Tasks:   6 total,   2 running,   4 sleeping,   0 stopped,   0 zombie
%Cpu(s):100.0 us,  0.0 sy,  0.0 ni,  0.0 id,  0.0 wa,  0.0 hi,  0.0 si,  0.0 st
MiB Mem :   7877.2 total,   1009.7 free,   4157.9 used,   2709.6 buff/cache
MiB Swap:   2048.0 total,   2048.0 free,      0.0 used.   3408.2 avail Mem 

  PID USER      PR  NI    VIRT    RES    SHR S  %CPU  %MEM     TIME+ COMMAND
 1594 root      20   0 3206808   2.7g   5112 R  1200  35.5   1:27.24 /zkay/zkay/jsnark_interface/run_snark proofgen /tmp/tmpzomw2t7x /tmp/tmpzomw2t7x/proo+
    1 root      20   0    3984   3232   2736 S   0.0   0.0   0:00.06 bash
    7 root      20   0    3992   3108   2608 S   0.0   0.0   0:00.08 bash
   13 root      20   0    3988   3228   2716 S   0.0   0.0   0:00.10 bash
  844 root      20   0    7864   2984   2628 R   0.0   0.0   0:00.27 top -bc -d 1 -n 6000
  845 root      20   0   96380  90004  12488 S   0.0   1.1   4:11.80 /usr/local/bin/python3.8 /usr/local/bin/zkay run --blockchain-backend w3-eth-tester .+

top - 22:01:53 up 1 day,  1:55,  0 users,  load average: 2.31, 1.81, 0.96
Tasks:   6 total,   2 running,   4 sleeping,   0 stopped,   0 zombie
%Cpu(s): 71.0 us,  0.1 sy,  0.0 ni, 28.9 id,  0.0 wa,  0.0 hi,  0.0 si,  0.0 st
MiB Mem :   7877.2 total,   1009.7 free,   4157.7 used,   2709.8 buff/cache
MiB Swap:   2048.0 total,   2048.0 free,      0.0 used.   3408.3 avail Mem 

  PID USER      PR  NI    VIRT    RES    SHR S  %CPU  %MEM     TIME+ COMMAND
 1594 root      20   0 3206808   2.7g   5112 R 858.0  35.5   1:35.82 /zkay/zkay/jsnark_interface/run_snark proofgen /tmp/tmpzomw2t7x /tmp/tmpzomw2t7x/proo+
    1 root      20   0    3984   3232   2736 S   0.0   0.0   0:00.06 bash
    7 root      20   0    3992   3108   2608 S   0.0   0.0   0:00.08 bash
   13 root      20   0    3988   3228   2716 S   0.0   0.0   0:00.10 bash
  844 root      20   0    7864   2984   2628 R   0.0   0.0   0:00.27 top -bc -d 1 -n 6000
  845 root      20   0   96380  90004  12488 S   0.0   1.1   4:11.80 /usr/local/bin/python3.8 /usr/local/bin/zkay run --blockchain-backend w3-eth-tester .+

top - 22:01:54 up 1 day,  1:56,  0 users,  load average: 2.31, 1.81, 0.96
Tasks:   5 total,   2 running,   3 sleeping,   0 stopped,   0 zombie
%Cpu(s):  7.5 us,  0.8 sy,  0.0 ni, 91.4 id,  0.0 wa,  0.0 hi,  0.3 si,  0.0 st
MiB Mem :   7877.2 total,   1009.7 free,   4157.7 used,   2709.8 buff/cache
MiB Swap:   2048.0 total,   2048.0 free,      0.0 used.   3408.3 avail Mem 

  PID USER      PR  NI    VIRT    RES    SHR S  %CPU  %MEM     TIME+ COMMAND
  845 root      20   0   96380  90004  12488 R  81.0   1.1   4:12.61 /usr/local/bin/python3.8 /usr/local/bin/zkay run --blockchain-backend w3-eth-tester .+
    1 root      20   0    3984   3232   2736 S   0.0   0.0   0:00.06 bash
    7 root      20   0    3992   3108   2608 S   0.0   0.0   0:00.08 bash
   13 root      20   0    3988   3228   2716 S   0.0   0.0   0:00.10 bash
  844 root      20   0    7864   2984   2628 R   0.0   0.0   0:00.27 top -bc -d 1 -n 6000

top - 22:01:55 up 1 day,  1:56,  0 users,  load average: 2.31, 1.81, 0.96
Tasks:   5 total,   2 running,   3 sleeping,   0 stopped,   0 zombie
%Cpu(s):  8.3 us,  0.1 sy,  0.0 ni, 91.6 id,  0.0 wa,  0.0 hi,  0.0 si,  0.0 st
MiB Mem :   7877.2 total,   1009.7 free,   4157.7 used,   2709.8 buff/cache
MiB Swap:   2048.0 total,   2048.0 free,      0.0 used.   3408.3 avail Mem 

  PID USER      PR  NI    VIRT    RES    SHR S  %CPU  %MEM     TIME+ COMMAND
  845 root      20   0   96380  90004  12488 R 100.0   1.1   4:13.61 /usr/local/bin/python3.8 /usr/local/bin/zkay run --blockchain-backend w3-eth-tester .+
    1 root      20   0    3984   3232   2736 S   0.0   0.0   0:00.06 bash
    7 root      20   0    3992   3108   2608 S   0.0   0.0   0:00.08 bash
   13 root      20   0    3988   3228   2716 S   0.0   0.0   0:00.10 bash
  844 root      20   0    7864   2984   2628 R   0.0   0.0   0:00.27 top -bc -d 1 -n 6000

top - 22:01:56 up 1 day,  1:56,  0 users,  load average: 2.21, 1.80, 0.96
Tasks:   5 total,   2 running,   3 sleeping,   0 stopped,   0 zombie
%Cpu(s):  8.5 us,  0.6 sy,  0.0 ni, 90.9 id,  0.0 wa,  0.0 hi,  0.0 si,  0.0 st
MiB Mem :   7877.2 total,   3870.2 free,   1367.4 used,   2639.6 buff/cache
MiB Swap:   2048.0 total,   2048.0 free,      0.0 used.   6198.7 avail Mem 

  PID USER      PR  NI    VIRT    RES    SHR S  %CPU  %MEM     TIME+ COMMAND
  845 root      20   0   96380  90004  12488 R 100.0   1.1   4:14.62 /usr/local/bin/python3.8 /usr/local/bin/zkay run --blockchain-backend w3-eth-tester .+
    1 root      20   0    3984   3232   2736 S   0.0   0.0   0:00.06 bash
    7 root      20   0    3992   3108   2608 S   0.0   0.0   0:00.08 bash
   13 root      20   0    3988   3228   2716 S   0.0   0.0   0:00.10 bash
  844 root      20   0    7864   2984   2628 R   0.0   0.0   0:00.27 top -bc -d 1 -n 6000

top - 22:01:57 up 1 day,  1:56,  0 users,  load average: 2.21, 1.80, 0.96
Tasks:   5 total,   2 running,   3 sleeping,   0 stopped,   0 zombie
%Cpu(s):  8.3 us,  0.0 sy,  0.0 ni, 91.7 id,  0.0 wa,  0.0 hi,  0.0 si,  0.0 st
MiB Mem :   7877.2 total,   3870.2 free,   1367.4 used,   2639.6 buff/cache
MiB Swap:   2048.0 total,   2048.0 free,      0.0 used.   6198.7 avail Mem 

  PID USER      PR  NI    VIRT    RES    SHR S  %CPU  %MEM     TIME+ COMMAND
  845 root      20   0   96380  90004  12488 R 100.0   1.1   4:15.62 /usr/local/bin/python3.8 /usr/local/bin/zkay run --blockchain-backend w3-eth-tester .+
    1 root      20   0    3984   3232   2736 S   0.0   0.0   0:00.06 bash
    7 root      20   0    3992   3108   2608 S   0.0   0.0   0:00.08 bash
   13 root      20   0    3988   3228   2716 S   0.0   0.0   0:00.10 bash
  844 root      20   0    7864   2984   2628 R   0.0   0.0   0:00.27 top -bc -d 1 -n 6000

top - 22:01:58 up 1 day,  1:56,  0 users,  load average: 2.21, 1.80, 0.96
Tasks:   5 total,   2 running,   3 sleeping,   0 stopped,   0 zombie
%Cpu(s):  8.3 us,  0.5 sy,  0.0 ni, 91.2 id,  0.0 wa,  0.0 hi,  0.0 si,  0.0 st
MiB Mem :   7877.2 total,   3870.2 free,   1367.4 used,   2639.6 buff/cache
MiB Swap:   2048.0 total,   2048.0 free,      0.0 used.   6198.7 avail Mem 

  PID USER      PR  NI    VIRT    RES    SHR S  %CPU  %MEM     TIME+ COMMAND
  845 root      20   0   96380  90004  12488 R 100.0   1.1   4:16.62 /usr/local/bin/python3.8 /usr/local/bin/zkay run --blockchain-backend w3-eth-tester .+
  844 root      20   0    7864   2984   2628 R   1.0   0.0   0:00.28 top -bc -d 1 -n 6000
    1 root      20   0    3984   3232   2736 S   0.0   0.0   0:00.06 bash
    7 root      20   0    3992   3108   2608 S   0.0   0.0   0:00.08 bash
   13 root      20   0    3988   3228   2716 S   0.0   0.0   0:00.10 bash

top - 22:01:59 up 1 day,  1:56,  0 users,  load average: 2.21, 1.80, 0.96
Tasks:   5 total,   2 running,   3 sleeping,   0 stopped,   0 zombie
%Cpu(s):  8.9 us,  0.7 sy,  0.0 ni, 89.4 id,  0.0 wa,  0.0 hi,  1.1 si,  0.0 st
MiB Mem :   7877.2 total,   3865.3 free,   1372.3 used,   2639.6 buff/cache
MiB Swap:   2048.0 total,   2048.0 free,      0.0 used.   6193.8 avail Mem 

  PID USER      PR  NI    VIRT    RES    SHR S  %CPU  %MEM     TIME+ COMMAND
  845 root      20   0   96380  90004  12488 R 100.0   1.1   4:17.62 /usr/local/bin/python3.8 /usr/local/bin/zkay run --blockchain-backend w3-eth-tester .+
    1 root      20   0    3984   3232   2736 S   0.0   0.0   0:00.06 bash
    7 root      20   0    3992   3108   2608 S   0.0   0.0   0:00.08 bash
   13 root      20   0    3988   3228   2716 S   0.0   0.0   0:00.10 bash
  844 root      20   0    7864   2984   2628 R   0.0   0.0   0:00.28 top -bc -d 1 -n 6000

top - 22:02:00 up 1 day,  1:56,  0 users,  load average: 2.21, 1.80, 0.96
Tasks:   5 total,   2 running,   3 sleeping,   0 stopped,   0 zombie
%Cpu(s):  8.3 us,  0.2 sy,  0.0 ni, 91.0 id,  0.0 wa,  0.0 hi,  0.4 si,  0.0 st
MiB Mem :   7877.2 total,   3865.3 free,   1372.3 used,   2639.6 buff/cache
MiB Swap:   2048.0 total,   2048.0 free,      0.0 used.   6193.8 avail Mem 

  PID USER      PR  NI    VIRT    RES    SHR S  %CPU  %MEM     TIME+ COMMAND
  845 root      20   0   96380  90004  12488 R 100.0   1.1   4:18.62 /usr/local/bin/python3.8 /usr/local/bin/zkay run --blockchain-backend w3-eth-tester .+
    1 root      20   0    3984   3232   2736 S   0.0   0.0   0:00.06 bash
    7 root      20   0    3992   3108   2608 S   0.0   0.0   0:00.08 bash
   13 root      20   0    3988   3228   2716 S   0.0   0.0   0:00.10 bash
  844 root      20   0    7864   2984   2628 R   0.0   0.0   0:00.28 top -bc -d 1 -n 6000

top - 22:02:01 up 1 day,  1:56,  0 users,  load average: 2.11, 1.78, 0.96
Tasks:   5 total,   2 running,   3 sleeping,   0 stopped,   0 zombie
%Cpu(s):  8.3 us,  0.0 sy,  0.0 ni, 91.7 id,  0.0 wa,  0.0 hi,  0.0 si,  0.0 st
MiB Mem :   7877.2 total,   3865.3 free,   1372.3 used,   2639.6 buff/cache
MiB Swap:   2048.0 total,   2048.0 free,      0.0 used.   6193.8 avail Mem 

  PID USER      PR  NI    VIRT    RES    SHR S  %CPU  %MEM     TIME+ COMMAND
  845 root      20   0   96380  90004  12488 R 100.0   1.1   4:19.62 /usr/local/bin/python3.8 /usr/local/bin/zkay run --blockchain-backend w3-eth-tester .+
    1 root      20   0    3984   3232   2736 S   0.0   0.0   0:00.06 bash
    7 root      20   0    3992   3108   2608 S   0.0   0.0   0:00.08 bash
   13 root      20   0    3988   3228   2716 S   0.0   0.0   0:00.10 bash
  844 root      20   0    7864   2984   2628 R   0.0   0.0   0:00.28 top -bc -d 1 -n 6000

top - 22:02:02 up 1 day,  1:56,  0 users,  load average: 2.11, 1.78, 0.96
Tasks:   5 total,   2 running,   3 sleeping,   0 stopped,   0 zombie
%Cpu(s):  8.3 us,  0.3 sy,  0.0 ni, 91.4 id,  0.0 wa,  0.0 hi,  0.0 si,  0.0 st
MiB Mem :   7877.2 total,   3865.3 free,   1372.3 used,   2639.6 buff/cache
MiB Swap:   2048.0 total,   2048.0 free,      0.0 used.   6193.8 avail Mem 

  PID USER      PR  NI    VIRT    RES    SHR S  %CPU  %MEM     TIME+ COMMAND
  845 root      20   0   96380  90004  12488 R 100.0   1.1   4:20.62 /usr/local/bin/python3.8 /usr/local/bin/zkay run --blockchain-backend w3-eth-tester .+
    1 root      20   0    3984   3232   2736 S   0.0   0.0   0:00.06 bash
    7 root      20   0    3992   3108   2608 S   0.0   0.0   0:00.08 bash
   13 root      20   0    3988   3228   2716 S   0.0   0.0   0:00.10 bash
  844 root      20   0    7864   2984   2628 R   0.0   0.0   0:00.28 top -bc -d 1 -n 6000

top - 22:02:03 up 1 day,  1:56,  0 users,  load average: 2.11, 1.78, 0.96
Tasks:   5 total,   2 running,   3 sleeping,   0 stopped,   0 zombie
%Cpu(s):  8.3 us,  0.0 sy,  0.0 ni, 91.7 id,  0.0 wa,  0.0 hi,  0.0 si,  0.0 st
MiB Mem :   7877.2 total,   3865.3 free,   1372.3 used,   2639.6 buff/cache
MiB Swap:   2048.0 total,   2048.0 free,      0.0 used.   6193.8 avail Mem 

  PID USER      PR  NI    VIRT    RES    SHR S  %CPU  %MEM     TIME+ COMMAND
  845 root      20   0   96380  90004  12488 R 100.0   1.1   4:21.62 /usr/local/bin/python3.8 /usr/local/bin/zkay run --blockchain-backend w3-eth-tester .+
    1 root      20   0    3984   3232   2736 S   0.0   0.0   0:00.06 bash
    7 root      20   0    3992   3108   2608 S   0.0   0.0   0:00.08 bash
   13 root      20   0    3988   3228   2716 S   0.0   0.0   0:00.10 bash
  844 root      20   0    7864   2984   2628 R   0.0   0.0   0:00.28 top -bc -d 1 -n 6000

top - 22:02:04 up 1 day,  1:56,  0 users,  load average: 2.11, 1.78, 0.96
Tasks:   5 total,   2 running,   3 sleeping,   0 stopped,   0 zombie
%Cpu(s):  8.5 us,  0.3 sy,  0.0 ni, 91.2 id,  0.0 wa,  0.0 hi,  0.0 si,  0.0 st
MiB Mem :   7877.2 total,   3865.3 free,   1372.3 used,   2639.6 buff/cache
MiB Swap:   2048.0 total,   2048.0 free,      0.0 used.   6193.8 avail Mem 

  PID USER      PR  NI    VIRT    RES    SHR S  %CPU  %MEM     TIME+ COMMAND
  845 root      20   0   96380  90004  12488 R 100.0   1.1   4:22.63 /usr/local/bin/python3.8 /usr/local/bin/zkay run --blockchain-backend w3-eth-tester .+
    1 root      20   0    3984   3232   2736 S   0.0   0.0   0:00.06 bash
    7 root      20   0    3992   3108   2608 S   0.0   0.0   0:00.08 bash
   13 root      20   0    3988   3228   2716 S   0.0   0.0   0:00.10 bash
  844 root      20   0    7864   2984   2628 R   0.0   0.0   0:00.28 top -bc -d 1 -n 6000

top - 22:02:05 up 1 day,  1:56,  0 users,  load average: 2.11, 1.78, 0.96
Tasks:   5 total,   2 running,   3 sleeping,   0 stopped,   0 zombie
%Cpu(s):  8.3 us,  0.0 sy,  0.0 ni, 91.6 id,  0.1 wa,  0.0 hi,  0.0 si,  0.0 st
MiB Mem :   7877.2 total,   3865.3 free,   1372.3 used,   2639.7 buff/cache
MiB Swap:   2048.0 total,   2048.0 free,      0.0 used.   6193.8 avail Mem 

  PID USER      PR  NI    VIRT    RES    SHR S  %CPU  %MEM     TIME+ COMMAND
  845 root      20   0   96380  90004  12488 R 100.0   1.1   4:23.63 /usr/local/bin/python3.8 /usr/local/bin/zkay run --blockchain-backend w3-eth-tester .+
    1 root      20   0    3984   3232   2736 S   0.0   0.0   0:00.06 bash
    7 root      20   0    3992   3108   2608 S   0.0   0.0   0:00.08 bash
   13 root      20   0    3988   3228   2716 S   0.0   0.0   0:00.10 bash
  844 root      20   0    7864   2984   2628 R   0.0   0.0   0:00.28 top -bc -d 1 -n 6000

top - 22:02:06 up 1 day,  1:56,  0 users,  load average: 2.02, 1.77, 0.96
Tasks:   5 total,   2 running,   3 sleeping,   0 stopped,   0 zombie
%Cpu(s):  8.3 us,  0.3 sy,  0.0 ni, 91.3 id,  0.0 wa,  0.0 hi,  0.0 si,  0.0 st
MiB Mem :   7877.2 total,   3865.3 free,   1372.3 used,   2639.7 buff/cache
MiB Swap:   2048.0 total,   2048.0 free,      0.0 used.   6193.8 avail Mem 

  PID USER      PR  NI    VIRT    RES    SHR S  %CPU  %MEM     TIME+ COMMAND
  845 root      20   0   96380  90004  12488 R 100.0   1.1   4:24.63 /usr/local/bin/python3.8 /usr/local/bin/zkay run --blockchain-backend w3-eth-tester .+
    1 root      20   0    3984   3232   2736 S   0.0   0.0   0:00.06 bash
    7 root      20   0    3992   3108   2608 S   0.0   0.0   0:00.08 bash
   13 root      20   0    3988   3228   2716 S   0.0   0.0   0:00.10 bash
  844 root      20   0    7864   2984   2628 R   0.0   0.0   0:00.28 top -bc -d 1 -n 6000

top - 22:02:07 up 1 day,  1:56,  0 users,  load average: 2.02, 1.77, 0.96
Tasks:   5 total,   2 running,   3 sleeping,   0 stopped,   0 zombie
%Cpu(s):  8.3 us,  0.0 sy,  0.0 ni, 91.7 id,  0.0 wa,  0.0 hi,  0.0 si,  0.0 st
MiB Mem :   7877.2 total,   3865.3 free,   1372.3 used,   2639.7 buff/cache
MiB Swap:   2048.0 total,   2048.0 free,      0.0 used.   6193.8 avail Mem 

  PID USER      PR  NI    VIRT    RES    SHR S  %CPU  %MEM     TIME+ COMMAND
  845 root      20   0   96380  90004  12488 R 100.0   1.1   4:25.63 /usr/local/bin/python3.8 /usr/local/bin/zkay run --blockchain-backend w3-eth-tester .+
    1 root      20   0    3984   3232   2736 S   0.0   0.0   0:00.06 bash
    7 root      20   0    3992   3108   2608 S   0.0   0.0   0:00.08 bash
   13 root      20   0    3988   3228   2716 S   0.0   0.0   0:00.10 bash
  844 root      20   0    7864   2984   2628 R   0.0   0.0   0:00.28 top -bc -d 1 -n 6000

top - 22:02:08 up 1 day,  1:56,  0 users,  load average: 2.02, 1.77, 0.96
Tasks:   5 total,   2 running,   3 sleeping,   0 stopped,   0 zombie
%Cpu(s):  8.3 us,  0.0 sy,  0.0 ni, 91.7 id,  0.0 wa,  0.0 hi,  0.0 si,  0.0 st
MiB Mem :   7877.2 total,   3865.3 free,   1372.3 used,   2639.7 buff/cache
MiB Swap:   2048.0 total,   2048.0 free,      0.0 used.   6193.8 avail Mem 

  PID USER      PR  NI    VIRT    RES    SHR S  %CPU  %MEM     TIME+ COMMAND
  845 root      20   0   96380  90004  12488 R 100.0   1.1   4:26.63 /usr/local/bin/python3.8 /usr/local/bin/zkay run --blockchain-backend w3-eth-tester .+
    1 root      20   0    3984   3232   2736 S   0.0   0.0   0:00.06 bash
    7 root      20   0    3992   3108   2608 S   0.0   0.0   0:00.08 bash
   13 root      20   0    3988   3228   2716 S   0.0   0.0   0:00.10 bash
  844 root      20   0    7864   2984   2628 R   0.0   0.0   0:00.28 top -bc -d 1 -n 6000

top - 22:02:09 up 1 day,  1:56,  0 users,  load average: 2.02, 1.77, 0.96
Tasks:   5 total,   2 running,   3 sleeping,   0 stopped,   0 zombie
%Cpu(s):  8.6 us,  0.8 sy,  0.0 ni, 90.0 id,  0.0 wa,  0.0 hi,  0.6 si,  0.0 st
MiB Mem :   7877.2 total,   3865.3 free,   1372.3 used,   2639.7 buff/cache
MiB Swap:   2048.0 total,   2048.0 free,      0.0 used.   6193.8 avail Mem 

  PID USER      PR  NI    VIRT    RES    SHR S  %CPU  %MEM     TIME+ COMMAND
  845 root      20   0   96380  90004  12488 R 100.0   1.1   4:27.63 /usr/local/bin/python3.8 /usr/local/bin/zkay run --blockchain-backend w3-eth-tester .+
    1 root      20   0    3984   3232   2736 S   0.0   0.0   0:00.06 bash
    7 root      20   0    3992   3108   2608 S   0.0   0.0   0:00.08 bash
   13 root      20   0    3988   3228   2716 S   0.0   0.0   0:00.10 bash
  844 root      20   0    7864   2984   2628 R   0.0   0.0   0:00.28 top -bc -d 1 -n 6000

top - 22:02:10 up 1 day,  1:56,  0 users,  load average: 2.02, 1.77, 0.96
Tasks:   6 total,   1 running,   5 sleeping,   0 stopped,   0 zombie
%Cpu(s): 15.0 us,  0.4 sy,  0.0 ni, 84.6 id,  0.0 wa,  0.0 hi,  0.0 si,  0.0 st
MiB Mem :   7877.2 total,   3865.3 free,   1372.3 used,   2639.7 buff/cache
MiB Swap:   2048.0 total,   2048.0 free,      0.0 used.   6193.8 avail Mem 

  PID USER      PR  NI    VIRT    RES    SHR S  %CPU  %MEM     TIME+ COMMAND
 1606 root      20   0   19.6g 219936  25580 S 115.0   2.7   0:01.15 java -Xms4096m -Xmx16384m -cp /zkay/zkay/jsnark_interface/JsnarkCircuitBuilder.jar:/z+
  845 root      20   0   96380  90004  12488 S  65.0   1.1   4:28.28 /usr/local/bin/python3.8 /usr/local/bin/zkay run --blockchain-backend w3-eth-tester .+
    1 root      20   0    3984   3232   2736 S   0.0   0.0   0:00.06 bash
    7 root      20   0    3992   3108   2608 S   0.0   0.0   0:00.08 bash
   13 root      20   0    3988   3228   2716 S   0.0   0.0   0:00.10 bash
  844 root      20   0    7864   2984   2628 R   0.0   0.0   0:00.28 top -bc -d 1 -n 6000

top - 22:02:11 up 1 day,  1:56,  0 users,  load average: 2.18, 1.81, 0.98
Tasks:   6 total,   2 running,   4 sleeping,   0 stopped,   0 zombie
%Cpu(s): 27.6 us,  4.0 sy,  0.0 ni, 68.0 id,  0.2 wa,  0.0 hi,  0.3 si,  0.0 st
MiB Mem :   7877.2 total,   3793.1 free,   1416.1 used,   2668.0 buff/cache
MiB Swap:   2048.0 total,   2048.0 free,      0.0 used.   6150.0 avail Mem 

  PID USER      PR  NI    VIRT    RES    SHR S  %CPU  %MEM     TIME+ COMMAND
  845 root      20   0   96380  90004  12488 S   1.0   1.1   4:28.29 /usr/local/bin/python3.8 /usr/local/bin/zkay run --blockchain-backend w3-eth-tester .+
    1 root      20   0    3984   3232   2736 S   0.0   0.0   0:00.06 bash
    7 root      20   0    3992   3108   2608 S   0.0   0.0   0:00.08 bash
   13 root      20   0    3988   3228   2716 S   0.0   0.0   0:00.10 bash
  844 root      20   0    7864   2984   2628 R   0.0   0.0   0:00.28 top -bc -d 1 -n 6000
 1643 root      20   0   48480  43976   5032 R   0.0   0.5   0:00.00 /zkay/zkay/jsnark_interface/run_snark proofgen /tmp/tmp32y0rxsi /tmp/tmp32y0rxsi/proo+

top - 22:02:12 up 1 day,  1:56,  0 users,  load average: 2.18, 1.81, 0.98
Tasks:   6 total,   2 running,   4 sleeping,   0 stopped,   0 zombie
%Cpu(s):  8.3 us,  0.1 sy,  0.0 ni, 91.6 id,  0.0 wa,  0.0 hi,  0.0 si,  0.0 st
MiB Mem :   7877.2 total,   3793.1 free,   1416.1 used,   2668.0 buff/cache
MiB Swap:   2048.0 total,   2048.0 free,      0.0 used.   6150.0 avail Mem 

  PID USER      PR  NI    VIRT    RES    SHR S  %CPU  %MEM     TIME+ COMMAND
 1643 root      20   0  112812 107968   5144 R  99.0   1.3   0:00.99 /zkay/zkay/jsnark_interface/run_snark proofgen /tmp/tmp32y0rxsi /tmp/tmp32y0rxsi/proo+
    1 root      20   0    3984   3232   2736 S   0.0   0.0   0:00.06 bash
    7 root      20   0    3992   3108   2608 S   0.0   0.0   0:00.08 bash
   13 root      20   0    3988   3228   2716 S   0.0   0.0   0:00.10 bash
  844 root      20   0    7864   2984   2628 R   0.0   0.0   0:00.28 top -bc -d 1 -n 6000
  845 root      20   0   96380  90004  12488 S   0.0   1.1   4:28.29 /usr/local/bin/python3.8 /usr/local/bin/zkay run --blockchain-backend w3-eth-tester .+

top - 22:02:13 up 1 day,  1:56,  0 users,  load average: 2.18, 1.81, 0.98
Tasks:   6 total,   2 running,   4 sleeping,   0 stopped,   0 zombie
%Cpu(s):  7.8 us,  0.8 sy,  0.0 ni, 91.4 id,  0.0 wa,  0.0 hi,  0.1 si,  0.0 st
MiB Mem :   7877.2 total,   3793.1 free,   1416.1 used,   2668.0 buff/cache
MiB Swap:   2048.0 total,   2048.0 free,      0.0 used.   6150.0 avail Mem 

  PID USER      PR  NI    VIRT    RES    SHR S  %CPU  %MEM     TIME+ COMMAND
 1643 root      20   0  408148 403312   5144 R 100.0   5.0   0:01.99 /zkay/zkay/jsnark_interface/run_snark proofgen /tmp/tmp32y0rxsi /tmp/tmp32y0rxsi/proo+
    1 root      20   0    3984   3232   2736 S   0.0   0.0   0:00.06 bash
    7 root      20   0    3992   3108   2608 S   0.0   0.0   0:00.08 bash
   13 root      20   0    3988   3228   2716 S   0.0   0.0   0:00.10 bash
  844 root      20   0    7864   2984   2628 R   0.0   0.0   0:00.28 top -bc -d 1 -n 6000
  845 root      20   0   96380  90004  12488 S   0.0   1.1   4:28.29 /usr/local/bin/python3.8 /usr/local/bin/zkay run --blockchain-backend w3-eth-tester .+

top - 22:02:14 up 1 day,  1:56,  0 users,  load average: 2.18, 1.81, 0.98
Tasks:   6 total,   2 running,   4 sleeping,   0 stopped,   0 zombie
%Cpu(s):  7.2 us,  1.2 sy,  0.0 ni, 91.6 id,  0.0 wa,  0.0 hi,  0.1 si,  0.0 st
MiB Mem :   7877.2 total,   3228.6 free,   1980.4 used,   2668.2 buff/cache
MiB Swap:   2048.0 total,   2048.0 free,      0.0 used.   5585.7 avail Mem 

  PID USER      PR  NI    VIRT    RES    SHR S  %CPU  %MEM     TIME+ COMMAND
 1643 root      20   0  628248 619728   5144 R 100.0   7.7   0:02.99 /zkay/zkay/jsnark_interface/run_snark proofgen /tmp/tmp32y0rxsi /tmp/tmp32y0rxsi/proo+
    1 root      20   0    3984   3232   2736 S   0.0   0.0   0:00.06 bash
    7 root      20   0    3992   3108   2608 S   0.0   0.0   0:00.08 bash
   13 root      20   0    3988   3228   2716 S   0.0   0.0   0:00.10 bash
  844 root      20   0    7864   2984   2628 R   0.0   0.0   0:00.28 top -bc -d 1 -n 6000
  845 root      20   0   96380  90004  12488 S   0.0   1.1   4:28.29 /usr/local/bin/python3.8 /usr/local/bin/zkay run --blockchain-backend w3-eth-tester .+

top - 22:02:15 up 1 day,  1:56,  0 users,  load average: 2.18, 1.81, 0.98
Tasks:   6 total,   2 running,   4 sleeping,   0 stopped,   0 zombie
%Cpu(s):  7.7 us,  0.6 sy,  0.0 ni, 91.7 id,  0.0 wa,  0.0 hi,  0.0 si,  0.0 st
MiB Mem :   7877.2 total,   3228.6 free,   1980.4 used,   2668.2 buff/cache
MiB Swap:   2048.0 total,   2048.0 free,      0.0 used.   5585.7 avail Mem 

  PID USER      PR  NI    VIRT    RES    SHR S  %CPU  %MEM     TIME+ COMMAND
 1643 root      20   0  804036 798652   5144 R 100.0   9.9   0:03.99 /zkay/zkay/jsnark_interface/run_snark proofgen /tmp/tmp32y0rxsi /tmp/tmp32y0rxsi/proo+
    1 root      20   0    3984   3232   2736 S   0.0   0.0   0:00.06 bash
    7 root      20   0    3992   3108   2608 S   0.0   0.0   0:00.08 bash
   13 root      20   0    3988   3228   2716 S   0.0   0.0   0:00.10 bash
  844 root      20   0    7864   2984   2628 R   0.0   0.0   0:00.28 top -bc -d 1 -n 6000
  845 root      20   0   96380  90004  12488 S   0.0   1.1   4:28.29 /usr/local/bin/python3.8 /usr/local/bin/zkay run --blockchain-backend w3-eth-tester .+

top - 22:02:16 up 1 day,  1:56,  0 users,  load average: 2.09, 1.79, 0.98
Tasks:   6 total,   2 running,   4 sleeping,   0 stopped,   0 zombie
%Cpu(s):  8.3 us,  0.0 sy,  0.0 ni, 91.7 id,  0.0 wa,  0.0 hi,  0.0 si,  0.0 st
MiB Mem :   7877.2 total,   3228.6 free,   1980.4 used,   2668.2 buff/cache
MiB Swap:   2048.0 total,   2048.0 free,      0.0 used.   5585.7 avail Mem 

  PID USER      PR  NI    VIRT    RES    SHR S  %CPU  %MEM     TIME+ COMMAND
 1643 root      20   0  804036 798652   5144 R 100.0   9.9   0:04.99 /zkay/zkay/jsnark_interface/run_snark proofgen /tmp/tmp32y0rxsi /tmp/tmp32y0rxsi/proo+
    1 root      20   0    3984   3232   2736 S   0.0   0.0   0:00.06 bash
    7 root      20   0    3992   3108   2608 S   0.0   0.0   0:00.08 bash
   13 root      20   0    3988   3228   2716 S   0.0   0.0   0:00.10 bash
  844 root      20   0    7864   2984   2628 R   0.0   0.0   0:00.28 top -bc -d 1 -n 6000
  845 root      20   0   96380  90004  12488 S   0.0   1.1   4:28.29 /usr/local/bin/python3.8 /usr/local/bin/zkay run --blockchain-backend w3-eth-tester .+

top - 22:02:17 up 1 day,  1:56,  0 users,  load average: 2.09, 1.79, 0.98
Tasks:   6 total,   2 running,   4 sleeping,   0 stopped,   0 zombie
%Cpu(s):  8.0 us,  0.3 sy,  0.0 ni, 91.5 id,  0.1 wa,  0.0 hi,  0.1 si,  0.0 st
MiB Mem :   7877.2 total,   2970.6 free,   2238.4 used,   2668.2 buff/cache
MiB Swap:   2048.0 total,   2048.0 free,      0.0 used.   5327.6 avail Mem 

  PID USER      PR  NI    VIRT    RES    SHR S  %CPU  %MEM     TIME+ COMMAND
 1643 root      20   0  960476 883744   5144 R 100.0  11.0   0:05.99 /zkay/zkay/jsnark_interface/run_snark proofgen /tmp/tmp32y0rxsi /tmp/tmp32y0rxsi/proo+
    1 root      20   0    3984   3232   2736 S   0.0   0.0   0:00.06 bash
    7 root      20   0    3992   3108   2608 S   0.0   0.0   0:00.08 bash
   13 root      20   0    3988   3228   2716 S   0.0   0.0   0:00.10 bash
  844 root      20   0    7864   2984   2628 R   0.0   0.0   0:00.28 top -bc -d 1 -n 6000
  845 root      20   0   96380  90004  12488 S   0.0   1.1   4:28.29 /usr/local/bin/python3.8 /usr/local/bin/zkay run --blockchain-backend w3-eth-tester .+

top - 22:02:18 up 1 day,  1:56,  0 users,  load average: 2.09, 1.79, 0.98
Tasks:   6 total,   2 running,   4 sleeping,   0 stopped,   0 zombie
%Cpu(s):  7.9 us,  0.7 sy,  0.0 ni, 91.4 id,  0.0 wa,  0.0 hi,  0.0 si,  0.0 st
MiB Mem :   7877.2 total,   2970.6 free,   2238.4 used,   2668.2 buff/cache
MiB Swap:   2048.0 total,   2048.0 free,      0.0 used.   5327.6 avail Mem 

  PID USER      PR  NI    VIRT    RES    SHR S  %CPU  %MEM     TIME+ COMMAND
 1643 root      20   0 1092124   1.0g   5144 R 100.0  13.4   0:07.00 /zkay/zkay/jsnark_interface/run_snark proofgen /tmp/tmp32y0rxsi /tmp/tmp32y0rxsi/proo+
    1 root      20   0    3984   3232   2736 S   0.0   0.0   0:00.06 bash
    7 root      20   0    3992   3108   2608 S   0.0   0.0   0:00.08 bash
   13 root      20   0    3988   3228   2716 S   0.0   0.0   0:00.10 bash
  844 root      20   0    7864   2984   2628 R   0.0   0.0   0:00.28 top -bc -d 1 -n 6000
  845 root      20   0   96380  90004  12488 S   0.0   1.1   4:28.29 /usr/local/bin/python3.8 /usr/local/bin/zkay run --blockchain-backend w3-eth-tester .+

top - 22:02:19 up 1 day,  1:56,  0 users,  load average: 2.09, 1.79, 0.98
Tasks:   6 total,   2 running,   4 sleeping,   0 stopped,   0 zombie
%Cpu(s): 39.5 us,  8.7 sy,  0.0 ni, 50.4 id,  0.0 wa,  0.0 hi,  1.3 si,  0.0 st
MiB Mem :   7877.2 total,   2970.6 free,   2238.4 used,   2668.2 buff/cache
MiB Swap:   2048.0 total,   2048.0 free,      0.0 used.   5327.6 avail Mem 

  PID USER      PR  NI    VIRT    RES    SHR S  %CPU  %MEM     TIME+ COMMAND
 1643 root      20   0 1948964   1.3g   5144 R 556.4  16.7   0:12.62 /zkay/zkay/jsnark_interface/run_snark proofgen /tmp/tmp32y0rxsi /tmp/tmp32y0rxsi/proo+
    1 root      20   0    3984   3232   2736 S   0.0   0.0   0:00.06 bash
    7 root      20   0    3992   3108   2608 S   0.0   0.0   0:00.08 bash
   13 root      20   0    3988   3228   2716 S   0.0   0.0   0:00.10 bash
  844 root      20   0    7864   2984   2628 R   0.0   0.0   0:00.28 top -bc -d 1 -n 6000
  845 root      20   0   96380  90004  12488 S   0.0   1.1   4:28.29 /usr/local/bin/python3.8 /usr/local/bin/zkay run --blockchain-backend w3-eth-tester .+

top - 22:02:20 up 1 day,  1:56,  0 users,  load average: 2.09, 1.79, 0.98
Tasks:   6 total,   2 running,   4 sleeping,   0 stopped,   0 zombie
%Cpu(s):  8.2 us,  0.1 sy,  0.0 ni, 91.4 id,  0.0 wa,  0.0 hi,  0.3 si,  0.0 st
MiB Mem :   7877.2 total,   2586.5 free,   2622.5 used,   2668.2 buff/cache
MiB Swap:   2048.0 total,   2048.0 free,      0.0 used.   4943.6 avail Mem 

  PID USER      PR  NI    VIRT    RES    SHR S  %CPU  %MEM     TIME+ COMMAND
 1643 root      20   0 1891028   1.2g   5144 R 100.0  16.0   0:13.62 /zkay/zkay/jsnark_interface/run_snark proofgen /tmp/tmp32y0rxsi /tmp/tmp32y0rxsi/proo+
    1 root      20   0    3984   3232   2736 S   0.0   0.0   0:00.06 bash
    7 root      20   0    3992   3108   2608 S   0.0   0.0   0:00.08 bash
   13 root      20   0    3988   3228   2716 S   0.0   0.0   0:00.10 bash
  844 root      20   0    7864   2984   2628 R   0.0   0.0   0:00.28 top -bc -d 1 -n 6000
  845 root      20   0   96380  90004  12488 S   0.0   1.1   4:28.29 /usr/local/bin/python3.8 /usr/local/bin/zkay run --blockchain-backend w3-eth-tester .+

top - 22:02:21 up 1 day,  1:56,  0 users,  load average: 2.00, 1.78, 0.98
Tasks:   6 total,   2 running,   4 sleeping,   0 stopped,   0 zombie
%Cpu(s):  7.4 us,  0.9 sy,  0.0 ni, 91.7 id,  0.0 wa,  0.0 hi,  0.0 si,  0.0 st
MiB Mem :   7877.2 total,   2586.5 free,   2622.5 used,   2668.2 buff/cache
MiB Swap:   2048.0 total,   2048.0 free,      0.0 used.   4943.6 avail Mem 

  PID USER      PR  NI    VIRT    RES    SHR S  %CPU  %MEM     TIME+ COMMAND
 1643 root      20   0 1902220   1.2g   5144 R 100.0  16.1   0:14.62 /zkay/zkay/jsnark_interface/run_snark proofgen /tmp/tmp32y0rxsi /tmp/tmp32y0rxsi/proo+
    1 root      20   0    3984   3232   2736 S   0.0   0.0   0:00.06 bash
    7 root      20   0    3992   3108   2608 S   0.0   0.0   0:00.08 bash
   13 root      20   0    3988   3228   2716 S   0.0   0.0   0:00.10 bash
  844 root      20   0    7864   2984   2628 R   0.0   0.0   0:00.28 top -bc -d 1 -n 6000
  845 root      20   0   96380  90004  12488 S   0.0   1.1   4:28.29 /usr/local/bin/python3.8 /usr/local/bin/zkay run --blockchain-backend w3-eth-tester .+

top - 22:02:22 up 1 day,  1:56,  0 users,  load average: 2.00, 1.78, 0.98
Tasks:   6 total,   2 running,   4 sleeping,   0 stopped,   0 zombie
%Cpu(s): 28.4 us,  0.2 sy,  0.0 ni, 71.1 id,  0.1 wa,  0.0 hi,  0.2 si,  0.0 st
MiB Mem :   7877.2 total,   2586.5 free,   2622.5 used,   2668.2 buff/cache
MiB Swap:   2048.0 total,   2048.0 free,      0.0 used.   4943.6 avail Mem 

  PID USER      PR  NI    VIRT    RES    SHR S  %CPU  %MEM     TIME+ COMMAND
 1643 root      20   0 1902220   1.2g   5144 R 334.0  16.1   0:17.96 /zkay/zkay/jsnark_interface/run_snark proofgen /tmp/tmp32y0rxsi /tmp/tmp32y0rxsi/proo+
    1 root      20   0    3984   3232   2736 S   0.0   0.0   0:00.06 bash
    7 root      20   0    3992   3108   2608 S   0.0   0.0   0:00.08 bash
   13 root      20   0    3988   3228   2716 S   0.0   0.0   0:00.10 bash
  844 root      20   0    7864   2984   2628 R   0.0   0.0   0:00.28 top -bc -d 1 -n 6000
  845 root      20   0   96380  90004  12488 S   0.0   1.1   4:28.29 /usr/local/bin/python3.8 /usr/local/bin/zkay run --blockchain-backend w3-eth-tester .+

top - 22:02:23 up 1 day,  1:56,  0 users,  load average: 2.00, 1.78, 0.98
Tasks:   6 total,   1 running,   5 sleeping,   0 stopped,   0 zombie
%Cpu(s): 32.7 us,  0.1 sy,  0.0 ni, 67.1 id,  0.1 wa,  0.0 hi,  0.1 si,  0.0 st
MiB Mem :   7877.2 total,   2575.4 free,   2633.5 used,   2668.2 buff/cache
MiB Swap:   2048.0 total,   2048.0 free,      0.0 used.   4932.5 avail Mem 

  PID USER      PR  NI    VIRT    RES    SHR S  %CPU  %MEM     TIME+ COMMAND
 1643 root      20   0 1902220   1.2g   5144 S 387.0  16.1   0:21.83 /zkay/zkay/jsnark_interface/run_snark proofgen /tmp/tmp32y0rxsi /tmp/tmp32y0rxsi/proo+
    1 root      20   0    3984   3232   2736 S   0.0   0.0   0:00.06 bash
    7 root      20   0    3992   3108   2608 S   0.0   0.0   0:00.08 bash
   13 root      20   0    3988   3228   2716 S   0.0   0.0   0:00.10 bash
  844 root      20   0    7864   2984   2628 R   0.0   0.0   0:00.28 top -bc -d 1 -n 6000
  845 root      20   0   96380  90004  12488 S   0.0   1.1   4:28.29 /usr/local/bin/python3.8 /usr/local/bin/zkay run --blockchain-backend w3-eth-tester .+

top - 22:02:24 up 1 day,  1:56,  0 users,  load average: 2.00, 1.78, 0.98
Tasks:   6 total,   2 running,   4 sleeping,   0 stopped,   0 zombie
%Cpu(s): 78.4 us,  0.0 sy,  0.0 ni, 21.6 id,  0.0 wa,  0.0 hi,  0.0 si,  0.0 st
MiB Mem :   7877.2 total,   2575.4 free,   2633.5 used,   2668.2 buff/cache
MiB Swap:   2048.0 total,   2048.0 free,      0.0 used.   4932.5 avail Mem 

  PID USER      PR  NI    VIRT    RES    SHR S  %CPU  %MEM     TIME+ COMMAND
 1643 root      20   0 1902220   1.2g   5144 R 940.0  16.1   0:31.23 /zkay/zkay/jsnark_interface/run_snark proofgen /tmp/tmp32y0rxsi /tmp/tmp32y0rxsi/proo+
    1 root      20   0    3984   3232   2736 S   0.0   0.0   0:00.06 bash
    7 root      20   0    3992   3108   2608 S   0.0   0.0   0:00.08 bash
   13 root      20   0    3988   3228   2716 S   0.0   0.0   0:00.10 bash
  844 root      20   0    7864   2984   2628 R   0.0   0.0   0:00.28 top -bc -d 1 -n 6000
  845 root      20   0   96380  90004  12488 S   0.0   1.1   4:28.29 /usr/local/bin/python3.8 /usr/local/bin/zkay run --blockchain-backend w3-eth-tester .+

top - 22:02:25 up 1 day,  1:56,  0 users,  load average: 2.00, 1.78, 0.98
Tasks:   6 total,   1 running,   5 sleeping,   0 stopped,   0 zombie
%Cpu(s): 99.7 us,  0.1 sy,  0.0 ni,  0.2 id,  0.0 wa,  0.0 hi,  0.0 si,  0.0 st
MiB Mem :   7877.2 total,   2575.4 free,   2633.5 used,   2668.2 buff/cache
MiB Swap:   2048.0 total,   2048.0 free,      0.0 used.   4932.5 avail Mem 

  PID USER      PR  NI    VIRT    RES    SHR S  %CPU  %MEM     TIME+ COMMAND
 1643 root      20   0 1902220   1.2g   5144 S  1200  16.1   0:43.31 /zkay/zkay/jsnark_interface/run_snark proofgen /tmp/tmp32y0rxsi /tmp/tmp32y0rxsi/proo+
    1 root      20   0    3984   3232   2736 S   0.0   0.0   0:00.06 bash
    7 root      20   0    3992   3108   2608 S   0.0   0.0   0:00.08 bash
   13 root      20   0    3988   3228   2716 S   0.0   0.0   0:00.10 bash
  844 root      20   0    7864   2984   2628 R   0.0   0.0   0:00.28 top -bc -d 1 -n 6000
  845 root      20   0   96380  90004  12488 S   0.0   1.1   4:28.29 /usr/local/bin/python3.8 /usr/local/bin/zkay run --blockchain-backend w3-eth-tester .+

top - 22:02:26 up 1 day,  1:56,  0 users,  load average: 1.92, 1.77, 0.98
Tasks:   5 total,   2 running,   3 sleeping,   0 stopped,   0 zombie
%Cpu(s): 20.5 us,  0.4 sy,  0.0 ni, 79.0 id,  0.0 wa,  0.0 hi,  0.1 si,  0.0 st
MiB Mem :   7877.2 total,   3866.1 free,   1371.2 used,   2639.9 buff/cache
MiB Swap:   2048.0 total,   2048.0 free,      0.0 used.   6194.9 avail Mem 

  PID USER      PR  NI    VIRT    RES    SHR S  %CPU  %MEM     TIME+ COMMAND
  845 root      20   0   96380  90004  12488 R  62.4   1.1   4:28.92 /usr/local/bin/python3.8 /usr/local/bin/zkay run --blockchain-backend w3-eth-tester .+
    1 root      20   0    3984   3232   2736 S   0.0   0.0   0:00.06 bash
    7 root      20   0    3992   3108   2608 S   0.0   0.0   0:00.08 bash
   13 root      20   0    3988   3228   2716 S   0.0   0.0   0:00.10 bash
  844 root      20   0    7864   2984   2628 R   0.0   0.0   0:00.28 top -bc -d 1 -n 6000

top - 22:02:27 up 1 day,  1:56,  0 users,  load average: 1.92, 1.77, 0.98
Tasks:   5 total,   2 running,   3 sleeping,   0 stopped,   0 zombie
%Cpu(s):  8.3 us,  0.0 sy,  0.0 ni, 91.7 id,  0.0 wa,  0.0 hi,  0.0 si,  0.0 st
MiB Mem :   7877.2 total,   3866.1 free,   1371.2 used,   2639.9 buff/cache
MiB Swap:   2048.0 total,   2048.0 free,      0.0 used.   6194.9 avail Mem 

  PID USER      PR  NI    VIRT    RES    SHR S  %CPU  %MEM     TIME+ COMMAND
  845 root      20   0   96380  90004  12488 R 100.0   1.1   4:29.92 /usr/local/bin/python3.8 /usr/local/bin/zkay run --blockchain-backend w3-eth-tester .+
    1 root      20   0    3984   3232   2736 S   0.0   0.0   0:00.06 bash
    7 root      20   0    3992   3108   2608 S   0.0   0.0   0:00.08 bash
   13 root      20   0    3988   3228   2716 S   0.0   0.0   0:00.10 bash
  844 root      20   0    7864   2984   2628 R   0.0   0.0   0:00.28 top -bc -d 1 -n 6000

top - 22:02:28 up 1 day,  1:56,  0 users,  load average: 1.92, 1.77, 0.98
Tasks:   5 total,   2 running,   3 sleeping,   0 stopped,   0 zombie
%Cpu(s):  8.3 us,  0.5 sy,  0.0 ni, 91.2 id,  0.0 wa,  0.0 hi,  0.0 si,  0.0 st
MiB Mem :   7877.2 total,   3866.1 free,   1371.2 used,   2639.9 buff/cache
MiB Swap:   2048.0 total,   2048.0 free,      0.0 used.   6194.9 avail Mem 

  PID USER      PR  NI    VIRT    RES    SHR S  %CPU  %MEM     TIME+ COMMAND
  845 root      20   0   96380  90004  12488 R 100.0   1.1   4:30.92 /usr/local/bin/python3.8 /usr/local/bin/zkay run --blockchain-backend w3-eth-tester .+
    1 root      20   0    3984   3232   2736 S   0.0   0.0   0:00.06 bash
    7 root      20   0    3992   3108   2608 S   0.0   0.0   0:00.08 bash
   13 root      20   0    3988   3228   2716 S   0.0   0.0   0:00.10 bash
  844 root      20   0    7864   2984   2628 R   0.0   0.0   0:00.28 top -bc -d 1 -n 6000

top - 22:02:29 up 1 day,  1:56,  0 users,  load average: 1.92, 1.77, 0.98
Tasks:   5 total,   2 running,   3 sleeping,   0 stopped,   0 zombie
%Cpu(s):  8.4 us,  0.7 sy,  0.0 ni, 89.5 id,  0.0 wa,  0.0 hi,  1.4 si,  0.0 st
MiB Mem :   7877.2 total,   3866.7 free,   1370.6 used,   2639.9 buff/cache
MiB Swap:   2048.0 total,   2048.0 free,      0.0 used.   6195.4 avail Mem 

  PID USER      PR  NI    VIRT    RES    SHR S  %CPU  %MEM     TIME+ COMMAND
  845 root      20   0   96380  90004  12488 R 100.0   1.1   4:31.92 /usr/local/bin/python3.8 /usr/local/bin/zkay run --blockchain-backend w3-eth-tester .+
    1 root      20   0    3984   3232   2736 S   0.0   0.0   0:00.06 bash
    7 root      20   0    3992   3108   2608 S   0.0   0.0   0:00.08 bash
   13 root      20   0    3988   3228   2716 S   0.0   0.0   0:00.10 bash
  844 root      20   0    7864   2984   2628 R   0.0   0.0   0:00.28 top -bc -d 1 -n 6000

top - 22:02:30 up 1 day,  1:56,  0 users,  load average: 1.92, 1.77, 0.98
Tasks:   5 total,   2 running,   3 sleeping,   0 stopped,   0 zombie
%Cpu(s):  8.3 us,  0.4 sy,  0.0 ni, 90.9 id,  0.0 wa,  0.0 hi,  0.4 si,  0.0 st
MiB Mem :   7877.2 total,   3866.7 free,   1370.6 used,   2639.9 buff/cache
MiB Swap:   2048.0 total,   2048.0 free,      0.0 used.   6195.4 avail Mem 

  PID USER      PR  NI    VIRT    RES    SHR S  %CPU  %MEM     TIME+ COMMAND
  845 root      20   0   96380  90004  12488 R 100.0   1.1   4:32.92 /usr/local/bin/python3.8 /usr/local/bin/zkay run --blockchain-backend w3-eth-tester .+
    1 root      20   0    3984   3232   2736 S   0.0   0.0   0:00.06 bash
    7 root      20   0    3992   3108   2608 S   0.0   0.0   0:00.08 bash
   13 root      20   0    3988   3228   2716 S   0.0   0.0   0:00.10 bash
  844 root      20   0    7864   2984   2628 R   0.0   0.0   0:00.28 top -bc -d 1 -n 6000

top - 22:02:31 up 1 day,  1:56,  0 users,  load average: 1.84, 1.75, 0.98
Tasks:   5 total,   2 running,   3 sleeping,   0 stopped,   0 zombie
%Cpu(s):  8.3 us,  0.0 sy,  0.0 ni, 91.7 id,  0.0 wa,  0.0 hi,  0.0 si,  0.0 st
MiB Mem :   7877.2 total,   3866.7 free,   1370.6 used,   2639.9 buff/cache
MiB Swap:   2048.0 total,   2048.0 free,      0.0 used.   6195.4 avail Mem 

  PID USER      PR  NI    VIRT    RES    SHR S  %CPU  %MEM     TIME+ COMMAND
  845 root      20   0   96380  90004  12488 R 100.0   1.1   4:33.92 /usr/local/bin/python3.8 /usr/local/bin/zkay run --blockchain-backend w3-eth-tester .+
  844 root      20   0    7864   2984   2628 R   1.0   0.0   0:00.29 top -bc -d 1 -n 6000
    1 root      20   0    3984   3232   2736 S   0.0   0.0   0:00.06 bash
    7 root      20   0    3992   3108   2608 S   0.0   0.0   0:00.08 bash
   13 root      20   0    3988   3228   2716 S   0.0   0.0   0:00.10 bash

top - 22:02:32 up 1 day,  1:56,  0 users,  load average: 1.84, 1.75, 0.98
Tasks:   5 total,   2 running,   3 sleeping,   0 stopped,   0 zombie
%Cpu(s):  8.3 us,  0.0 sy,  0.0 ni, 91.7 id,  0.0 wa,  0.0 hi,  0.0 si,  0.0 st
MiB Mem :   7877.2 total,   3866.7 free,   1370.6 used,   2639.9 buff/cache
MiB Swap:   2048.0 total,   2048.0 free,      0.0 used.   6195.4 avail Mem 

  PID USER      PR  NI    VIRT    RES    SHR S  %CPU  %MEM     TIME+ COMMAND
  845 root      20   0   96380  90004  12488 R 100.0   1.1   4:34.92 /usr/local/bin/python3.8 /usr/local/bin/zkay run --blockchain-backend w3-eth-tester .+
    1 root      20   0    3984   3232   2736 S   0.0   0.0   0:00.06 bash
    7 root      20   0    3992   3108   2608 S   0.0   0.0   0:00.08 bash
   13 root      20   0    3988   3228   2716 S   0.0   0.0   0:00.10 bash
  844 root      20   0    7864   2984   2628 R   0.0   0.0   0:00.29 top -bc -d 1 -n 6000

top - 22:02:33 up 1 day,  1:56,  0 users,  load average: 1.84, 1.75, 0.98
Tasks:   5 total,   2 running,   3 sleeping,   0 stopped,   0 zombie
%Cpu(s):  8.4 us,  0.0 sy,  0.0 ni, 91.6 id,  0.0 wa,  0.0 hi,  0.0 si,  0.0 st
MiB Mem :   7877.2 total,   3866.7 free,   1370.6 used,   2639.9 buff/cache
MiB Swap:   2048.0 total,   2048.0 free,      0.0 used.   6195.4 avail Mem 

  PID USER      PR  NI    VIRT    RES    SHR S  %CPU  %MEM     TIME+ COMMAND
  845 root      20   0   96380  90004  12488 R 100.0   1.1   4:35.93 /usr/local/bin/python3.8 /usr/local/bin/zkay run --blockchain-backend w3-eth-tester .+
    1 root      20   0    3984   3232   2736 S   0.0   0.0   0:00.06 bash
    7 root      20   0    3992   3108   2608 S   0.0   0.0   0:00.08 bash
   13 root      20   0    3988   3228   2716 S   0.0   0.0   0:00.10 bash
  844 root      20   0    7864   2984   2628 R   0.0   0.0   0:00.29 top -bc -d 1 -n 6000

top - 22:02:34 up 1 day,  1:56,  0 users,  load average: 1.84, 1.75, 0.98
Tasks:   5 total,   2 running,   3 sleeping,   0 stopped,   0 zombie
%Cpu(s):  8.3 us,  0.0 sy,  0.0 ni, 91.7 id,  0.0 wa,  0.0 hi,  0.0 si,  0.0 st
MiB Mem :   7877.2 total,   3866.7 free,   1370.6 used,   2639.9 buff/cache
MiB Swap:   2048.0 total,   2048.0 free,      0.0 used.   6195.4 avail Mem 

  PID USER      PR  NI    VIRT    RES    SHR S  %CPU  %MEM     TIME+ COMMAND
  845 root      20   0   96380  90004  12488 R 100.0   1.1   4:36.93 /usr/local/bin/python3.8 /usr/local/bin/zkay run --blockchain-backend w3-eth-tester .+
    1 root      20   0    3984   3232   2736 S   0.0   0.0   0:00.06 bash
    7 root      20   0    3992   3108   2608 S   0.0   0.0   0:00.08 bash
   13 root      20   0    3988   3228   2716 S   0.0   0.0   0:00.10 bash
  844 root      20   0    7864   2984   2628 R   0.0   0.0   0:00.29 top -bc -d 1 -n 6000

top - 22:02:35 up 1 day,  1:56,  0 users,  load average: 1.84, 1.75, 0.98
Tasks:   5 total,   2 running,   3 sleeping,   0 stopped,   0 zombie
%Cpu(s):  8.3 us,  0.1 sy,  0.0 ni, 91.5 id,  0.1 wa,  0.0 hi,  0.0 si,  0.0 st
MiB Mem :   7877.2 total,   3866.7 free,   1370.6 used,   2639.9 buff/cache
MiB Swap:   2048.0 total,   2048.0 free,      0.0 used.   6195.4 avail Mem 

  PID USER      PR  NI    VIRT    RES    SHR S  %CPU  %MEM     TIME+ COMMAND
  845 root      20   0   96380  90004  12488 R 100.0   1.1   4:37.93 /usr/local/bin/python3.8 /usr/local/bin/zkay run --blockchain-backend w3-eth-tester .+
    1 root      20   0    3984   3232   2736 S   0.0   0.0   0:00.06 bash
    7 root      20   0    3992   3108   2608 S   0.0   0.0   0:00.08 bash
   13 root      20   0    3988   3228   2716 S   0.0   0.0   0:00.10 bash
  844 root      20   0    7864   2984   2628 R   0.0   0.0   0:00.29 top -bc -d 1 -n 6000

top - 22:02:36 up 1 day,  1:56,  0 users,  load average: 1.78, 1.74, 0.98
Tasks:   5 total,   2 running,   3 sleeping,   0 stopped,   0 zombie
%Cpu(s):  8.3 us,  0.1 sy,  0.0 ni, 91.6 id,  0.0 wa,  0.0 hi,  0.0 si,  0.0 st
MiB Mem :   7877.2 total,   3866.7 free,   1370.6 used,   2639.9 buff/cache
MiB Swap:   2048.0 total,   2048.0 free,      0.0 used.   6195.4 avail Mem 

  PID USER      PR  NI    VIRT    RES    SHR S  %CPU  %MEM     TIME+ COMMAND
  845 root      20   0   96380  90004  12488 R 100.0   1.1   4:38.93 /usr/local/bin/python3.8 /usr/local/bin/zkay run --blockchain-backend w3-eth-tester .+
    1 root      20   0    3984   3232   2736 S   0.0   0.0   0:00.06 bash
    7 root      20   0    3992   3108   2608 S   0.0   0.0   0:00.08 bash
   13 root      20   0    3988   3228   2716 S   0.0   0.0   0:00.10 bash
  844 root      20   0    7864   2984   2628 R   0.0   0.0   0:00.29 top -bc -d 1 -n 6000

top - 22:02:37 up 1 day,  1:56,  0 users,  load average: 1.78, 1.74, 0.98
Tasks:   5 total,   2 running,   3 sleeping,   0 stopped,   0 zombie
%Cpu(s):  8.3 us,  0.1 sy,  0.0 ni, 91.6 id,  0.0 wa,  0.0 hi,  0.0 si,  0.0 st
MiB Mem :   7877.2 total,   3866.7 free,   1370.6 used,   2639.9 buff/cache
MiB Swap:   2048.0 total,   2048.0 free,      0.0 used.   6195.4 avail Mem 

  PID USER      PR  NI    VIRT    RES    SHR S  %CPU  %MEM     TIME+ COMMAND
  845 root      20   0   96380  90004  12488 R 100.0   1.1   4:39.93 /usr/local/bin/python3.8 /usr/local/bin/zkay run --blockchain-backend w3-eth-tester .+
    1 root      20   0    3984   3232   2736 S   0.0   0.0   0:00.06 bash
    7 root      20   0    3992   3108   2608 S   0.0   0.0   0:00.08 bash
   13 root      20   0    3988   3228   2716 S   0.0   0.0   0:00.10 bash
  844 root      20   0    7864   2984   2628 R   0.0   0.0   0:00.29 top -bc -d 1 -n 6000

top - 22:02:38 up 1 day,  1:56,  0 users,  load average: 1.78, 1.74, 0.98
Tasks:   5 total,   2 running,   3 sleeping,   0 stopped,   0 zombie
%Cpu(s):  8.3 us,  0.0 sy,  0.0 ni, 91.5 id,  0.0 wa,  0.0 hi,  0.2 si,  0.0 st
MiB Mem :   7877.2 total,   3866.7 free,   1370.6 used,   2639.9 buff/cache
MiB Swap:   2048.0 total,   2048.0 free,      0.0 used.   6195.5 avail Mem 

  PID USER      PR  NI    VIRT    RES    SHR S  %CPU  %MEM     TIME+ COMMAND
  845 root      20   0   96380  90004  12488 R 100.0   1.1   4:40.93 /usr/local/bin/python3.8 /usr/local/bin/zkay run --blockchain-backend w3-eth-tester .+
    1 root      20   0    3984   3232   2736 S   0.0   0.0   0:00.06 bash
    7 root      20   0    3992   3108   2608 S   0.0   0.0   0:00.08 bash
   13 root      20   0    3988   3228   2716 S   0.0   0.0   0:00.10 bash
  844 root      20   0    7864   2984   2628 R   0.0   0.0   0:00.29 top -bc -d 1 -n 6000

top - 22:02:39 up 1 day,  1:56,  0 users,  load average: 1.78, 1.74, 0.98
Tasks:   5 total,   2 running,   3 sleeping,   0 stopped,   0 zombie
%Cpu(s):  8.3 us,  0.5 sy,  0.0 ni, 89.9 id,  0.0 wa,  0.0 hi,  1.2 si,  0.0 st
MiB Mem :   7877.2 total,   3866.7 free,   1370.6 used,   2639.9 buff/cache
MiB Swap:   2048.0 total,   2048.0 free,      0.0 used.   6195.5 avail Mem 

  PID USER      PR  NI    VIRT    RES    SHR S  %CPU  %MEM     TIME+ COMMAND
  845 root      20   0   96380  90004  12488 R 100.0   1.1   4:41.93 /usr/local/bin/python3.8 /usr/local/bin/zkay run --blockchain-backend w3-eth-tester .+
    1 root      20   0    3984   3232   2736 S   0.0   0.0   0:00.06 bash
    7 root      20   0    3992   3108   2608 S   0.0   0.0   0:00.08 bash
   13 root      20   0    3988   3228   2716 S   0.0   0.0   0:00.10 bash
  844 root      20   0    7864   2984   2628 R   0.0   0.0   0:00.29 top -bc -d 1 -n 6000

top - 22:02:40 up 1 day,  1:56,  0 users,  load average: 1.78, 1.74, 0.98
Tasks:   5 total,   2 running,   3 sleeping,   0 stopped,   0 zombie
%Cpu(s):  8.5 us,  0.0 sy,  0.0 ni, 91.4 id,  0.0 wa,  0.0 hi,  0.1 si,  0.0 st
MiB Mem :   7877.2 total,   3866.7 free,   1370.6 used,   2639.9 buff/cache
MiB Swap:   2048.0 total,   2048.0 free,      0.0 used.   6195.5 avail Mem 

  PID USER      PR  NI    VIRT    RES    SHR S  %CPU  %MEM     TIME+ COMMAND
  845 root      20   0   96380  90004  12488 R 100.0   1.1   4:42.94 /usr/local/bin/python3.8 /usr/local/bin/zkay run --blockchain-backend w3-eth-tester .+
    1 root      20   0    3984   3232   2736 S   0.0   0.0   0:00.06 bash
    7 root      20   0    3992   3108   2608 S   0.0   0.0   0:00.08 bash
   13 root      20   0    3988   3228   2716 S   0.0   0.0   0:00.10 bash
  844 root      20   0    7864   2984   2628 R   0.0   0.0   0:00.29 top -bc -d 1 -n 6000

top - 22:02:41 up 1 day,  1:56,  0 users,  load average: 1.71, 1.73, 0.98
Tasks:   5 total,   2 running,   3 sleeping,   0 stopped,   0 zombie
%Cpu(s):  8.3 us,  0.0 sy,  0.0 ni, 91.6 id,  0.1 wa,  0.0 hi,  0.0 si,  0.0 st
MiB Mem :   7877.2 total,   3866.0 free,   1371.3 used,   2639.9 buff/cache
MiB Swap:   2048.0 total,   2048.0 free,      0.0 used.   6194.8 avail Mem 

  PID USER      PR  NI    VIRT    RES    SHR S  %CPU  %MEM     TIME+ COMMAND
  845 root      20   0   96380  90004  12488 R 100.0   1.1   4:43.94 /usr/local/bin/python3.8 /usr/local/bin/zkay run --blockchain-backend w3-eth-tester .+
    1 root      20   0    3984   3232   2736 S   0.0   0.0   0:00.06 bash
    7 root      20   0    3992   3108   2608 S   0.0   0.0   0:00.08 bash
   13 root      20   0    3988   3228   2716 S   0.0   0.0   0:00.10 bash
  844 root      20   0    7864   2984   2628 R   0.0   0.0   0:00.29 top -bc -d 1 -n 6000

top - 22:02:42 up 1 day,  1:56,  0 users,  load average: 1.71, 1.73, 0.98
Tasks:   5 total,   2 running,   3 sleeping,   0 stopped,   0 zombie
%Cpu(s):  8.3 us,  0.0 sy,  0.0 ni, 91.7 id,  0.0 wa,  0.0 hi,  0.0 si,  0.0 st
MiB Mem :   7877.2 total,   3866.0 free,   1371.3 used,   2639.9 buff/cache
MiB Swap:   2048.0 total,   2048.0 free,      0.0 used.   6194.8 avail Mem 

  PID USER      PR  NI    VIRT    RES    SHR S  %CPU  %MEM     TIME+ COMMAND
  845 root      20   0   96380  90004  12488 R 100.0   1.1   4:44.94 /usr/local/bin/python3.8 /usr/local/bin/zkay run --blockchain-backend w3-eth-tester .+
    1 root      20   0    3984   3232   2736 S   0.0   0.0   0:00.06 bash
    7 root      20   0    3992   3108   2608 S   0.0   0.0   0:00.08 bash
   13 root      20   0    3988   3228   2716 S   0.0   0.0   0:00.10 bash
  844 root      20   0    7864   2984   2628 R   0.0   0.0   0:00.29 top -bc -d 1 -n 6000

top - 22:02:43 up 1 day,  1:56,  0 users,  load average: 1.71, 1.73, 0.98
Tasks:   5 total,   2 running,   3 sleeping,   0 stopped,   0 zombie
%Cpu(s):  8.2 us,  0.1 sy,  0.0 ni, 91.5 id,  0.1 wa,  0.0 hi,  0.1 si,  0.0 st
MiB Mem :   7877.2 total,   3866.0 free,   1371.3 used,   2639.9 buff/cache
MiB Swap:   2048.0 total,   2048.0 free,      0.0 used.   6194.8 avail Mem 

  PID USER      PR  NI    VIRT    RES    SHR S  %CPU  %MEM     TIME+ COMMAND
  845 root      20   0   96380  90004  12488 R  99.0   1.1   4:45.93 /usr/local/bin/python3.8 /usr/local/bin/zkay run --blockchain-backend w3-eth-tester .+
    1 root      20   0    3984   3232   2736 S   0.0   0.0   0:00.06 bash
    7 root      20   0    3992   3108   2608 S   0.0   0.0   0:00.08 bash
   13 root      20   0    3988   3228   2716 S   0.0   0.0   0:00.10 bash
  844 root      20   0    7864   2984   2628 R   0.0   0.0   0:00.29 top -bc -d 1 -n 6000

top - 22:02:44 up 1 day,  1:56,  0 users,  load average: 1.71, 1.73, 0.98
Tasks:   5 total,   2 running,   3 sleeping,   0 stopped,   0 zombie
%Cpu(s):  8.3 us,  0.0 sy,  0.0 ni, 91.7 id,  0.0 wa,  0.0 hi,  0.0 si,  0.0 st
MiB Mem :   7877.2 total,   3866.0 free,   1371.3 used,   2639.9 buff/cache
MiB Swap:   2048.0 total,   2048.0 free,      0.0 used.   6194.8 avail Mem 

  PID USER      PR  NI    VIRT    RES    SHR S  %CPU  %MEM     TIME+ COMMAND
  845 root      20   0   96380  90004  12488 R 100.0   1.1   4:46.93 /usr/local/bin/python3.8 /usr/local/bin/zkay run --blockchain-backend w3-eth-tester .+
    1 root      20   0    3984   3232   2736 S   0.0   0.0   0:00.06 bash
    7 root      20   0    3992   3108   2608 S   0.0   0.0   0:00.08 bash
   13 root      20   0    3988   3228   2716 S   0.0   0.0   0:00.10 bash
  844 root      20   0    7864   2984   2628 R   0.0   0.0   0:00.29 top -bc -d 1 -n 6000

top - 22:02:45 up 1 day,  1:56,  0 users,  load average: 1.71, 1.73, 0.98
Tasks:   5 total,   2 running,   3 sleeping,   0 stopped,   0 zombie
%Cpu(s):  8.4 us,  0.0 sy,  0.0 ni, 91.6 id,  0.0 wa,  0.0 hi,  0.0 si,  0.0 st
MiB Mem :   7877.2 total,   3866.0 free,   1371.3 used,   2639.9 buff/cache
MiB Swap:   2048.0 total,   2048.0 free,      0.0 used.   6194.8 avail Mem 

  PID USER      PR  NI    VIRT    RES    SHR S  %CPU  %MEM     TIME+ COMMAND
  845 root      20   0   96380  90004  12488 R 100.0   1.1   4:47.93 /usr/local/bin/python3.8 /usr/local/bin/zkay run --blockchain-backend w3-eth-tester .+
    1 root      20   0    3984   3232   2736 S   0.0   0.0   0:00.06 bash
    7 root      20   0    3992   3108   2608 S   0.0   0.0   0:00.08 bash
   13 root      20   0    3988   3228   2716 S   0.0   0.0   0:00.10 bash
  844 root      20   0    7864   2984   2628 R   0.0   0.0   0:00.29 top -bc -d 1 -n 6000

top - 22:02:46 up 1 day,  1:56,  0 users,  load average: 1.66, 1.71, 0.98
Tasks:   5 total,   2 running,   3 sleeping,   0 stopped,   0 zombie
%Cpu(s):  8.3 us,  0.0 sy,  0.0 ni, 91.7 id,  0.0 wa,  0.0 hi,  0.0 si,  0.0 st
MiB Mem :   7877.2 total,   3866.0 free,   1371.3 used,   2639.9 buff/cache
MiB Swap:   2048.0 total,   2048.0 free,      0.0 used.   6194.8 avail Mem 

  PID USER      PR  NI    VIRT    RES    SHR S  %CPU  %MEM     TIME+ COMMAND
  845 root      20   0   96380  90004  12488 R 100.0   1.1   4:48.93 /usr/local/bin/python3.8 /usr/local/bin/zkay run --blockchain-backend w3-eth-tester .+
    1 root      20   0    3984   3232   2736 S   0.0   0.0   0:00.06 bash
    7 root      20   0    3992   3108   2608 S   0.0   0.0   0:00.08 bash
   13 root      20   0    3988   3228   2716 S   0.0   0.0   0:00.10 bash
  844 root      20   0    7864   2984   2628 R   0.0   0.0   0:00.29 top -bc -d 1 -n 6000

top - 22:02:47 up 1 day,  1:56,  0 users,  load average: 1.66, 1.71, 0.98
Tasks:   5 total,   2 running,   3 sleeping,   0 stopped,   0 zombie
%Cpu(s):  8.4 us,  0.0 sy,  0.0 ni, 91.5 id,  0.1 wa,  0.0 hi,  0.0 si,  0.0 st
MiB Mem :   7877.2 total,   3864.0 free,   1373.2 used,   2639.9 buff/cache
MiB Swap:   2048.0 total,   2048.0 free,      0.0 used.   6192.8 avail Mem 

  PID USER      PR  NI    VIRT    RES    SHR S  %CPU  %MEM     TIME+ COMMAND
  845 root      20   0   96380  90004  12488 R 100.0   1.1   4:49.94 /usr/local/bin/python3.8 /usr/local/bin/zkay run --blockchain-backend w3-eth-tester .+
    1 root      20   0    3984   3232   2736 S   0.0   0.0   0:00.06 bash
    7 root      20   0    3992   3108   2608 S   0.0   0.0   0:00.08 bash
   13 root      20   0    3988   3228   2716 S   0.0   0.0   0:00.10 bash
  844 root      20   0    7864   2984   2628 R   0.0   0.0   0:00.29 top -bc -d 1 -n 6000

top - 22:02:48 up 1 day,  1:56,  0 users,  load average: 1.66, 1.71, 0.98
Tasks:   5 total,   2 running,   3 sleeping,   0 stopped,   0 zombie
%Cpu(s):  8.3 us,  0.0 sy,  0.0 ni, 91.7 id,  0.0 wa,  0.0 hi,  0.0 si,  0.0 st
MiB Mem :   7877.2 total,   3864.0 free,   1373.2 used,   2639.9 buff/cache
MiB Swap:   2048.0 total,   2048.0 free,      0.0 used.   6192.8 avail Mem 

  PID USER      PR  NI    VIRT    RES    SHR S  %CPU  %MEM     TIME+ COMMAND
  845 root      20   0   96380  90004  12488 R 100.0   1.1   4:50.94 /usr/local/bin/python3.8 /usr/local/bin/zkay run --blockchain-backend w3-eth-tester .+
    1 root      20   0    3984   3232   2736 S   0.0   0.0   0:00.06 bash
    7 root      20   0    3992   3108   2608 S   0.0   0.0   0:00.08 bash
   13 root      20   0    3988   3228   2716 S   0.0   0.0   0:00.10 bash
  844 root      20   0    7864   2984   2628 R   0.0   0.0   0:00.29 top -bc -d 1 -n 6000

top - 22:02:49 up 1 day,  1:56,  0 users,  load average: 1.66, 1.71, 0.98
Tasks:   5 total,   2 running,   3 sleeping,   0 stopped,   0 zombie
%Cpu(s):  8.5 us,  0.5 sy,  0.0 ni, 89.7 id,  0.0 wa,  0.0 hi,  1.3 si,  0.0 st
MiB Mem :   7877.2 total,   3864.0 free,   1373.2 used,   2639.9 buff/cache
MiB Swap:   2048.0 total,   2048.0 free,      0.0 used.   6192.8 avail Mem 

  PID USER      PR  NI    VIRT    RES    SHR S  %CPU  %MEM     TIME+ COMMAND
  845 root      20   0   96380  90004  12488 R 100.0   1.1   4:51.94 /usr/local/bin/python3.8 /usr/local/bin/zkay run --blockchain-backend w3-eth-tester .+
    1 root      20   0    3984   3232   2736 S   0.0   0.0   0:00.06 bash
    7 root      20   0    3992   3108   2608 S   0.0   0.0   0:00.08 bash
   13 root      20   0    3988   3228   2716 S   0.0   0.0   0:00.10 bash
  844 root      20   0    7864   2984   2628 R   0.0   0.0   0:00.29 top -bc -d 1 -n 6000

top - 22:02:50 up 1 day,  1:56,  0 users,  load average: 1.66, 1.71, 0.98
Tasks:   5 total,   2 running,   3 sleeping,   0 stopped,   0 zombie
%Cpu(s):  8.3 us,  0.0 sy,  0.0 ni, 91.4 id,  0.0 wa,  0.0 hi,  0.2 si,  0.0 st
MiB Mem :   7877.2 total,   3865.5 free,   1371.8 used,   2639.9 buff/cache
MiB Swap:   2048.0 total,   2048.0 free,      0.0 used.   6194.3 avail Mem 

  PID USER      PR  NI    VIRT    RES    SHR S  %CPU  %MEM     TIME+ COMMAND
  845 root      20   0   96380  90004  12488 R 100.0   1.1   4:52.94 /usr/local/bin/python3.8 /usr/local/bin/zkay run --blockchain-backend w3-eth-tester .+
    1 root      20   0    3984   3232   2736 S   0.0   0.0   0:00.06 bash
    7 root      20   0    3992   3108   2608 S   0.0   0.0   0:00.08 bash
   13 root      20   0    3988   3228   2716 S   0.0   0.0   0:00.10 bash
  844 root      20   0    7864   2984   2628 R   0.0   0.0   0:00.29 top -bc -d 1 -n 6000

top - 22:02:51 up 1 day,  1:56,  0 users,  load average: 1.60, 1.70, 0.98
Tasks:   5 total,   2 running,   3 sleeping,   0 stopped,   0 zombie
%Cpu(s):  8.7 us,  0.0 sy,  0.0 ni, 91.3 id,  0.0 wa,  0.0 hi,  0.1 si,  0.0 st
MiB Mem :   7877.2 total,   3865.5 free,   1371.8 used,   2639.9 buff/cache
MiB Swap:   2048.0 total,   2048.0 free,      0.0 used.   6194.3 avail Mem 

  PID USER      PR  NI    VIRT    RES    SHR S  %CPU  %MEM     TIME+ COMMAND
  845 root      20   0   96380  90004  12488 R 100.0   1.1   4:53.94 /usr/local/bin/python3.8 /usr/local/bin/zkay run --blockchain-backend w3-eth-tester .+
    1 root      20   0    3984   3232   2736 S   0.0   0.0   0:00.06 bash
    7 root      20   0    3992   3108   2608 S   0.0   0.0   0:00.08 bash
   13 root      20   0    3988   3228   2716 S   0.0   0.0   0:00.10 bash
  844 root      20   0    7864   2984   2628 R   0.0   0.0   0:00.29 top -bc -d 1 -n 6000

top - 22:02:52 up 1 day,  1:56,  0 users,  load average: 1.60, 1.70, 0.98
Tasks:   6 total,   1 running,   5 sleeping,   0 stopped,   0 zombie
%Cpu(s): 11.3 us,  0.8 sy,  0.0 ni, 87.8 id,  0.2 wa,  0.0 hi,  0.0 si,  0.0 st
MiB Mem :   7877.2 total,   3865.5 free,   1371.8 used,   2639.9 buff/cache
MiB Swap:   2048.0 total,   2048.0 free,      0.0 used.   6194.3 avail Mem 

  PID USER      PR  NI    VIRT    RES    SHR S  %CPU  %MEM     TIME+ COMMAND
  845 root      20   0   96380  90004  12488 S  77.0   1.1   4:54.71 /usr/local/bin/python3.8 /usr/local/bin/zkay run --blockchain-backend w3-eth-tester .+
 1655 root      20   0   19.2g 165024  25736 S  67.0   2.0   0:00.67 java -Xms4096m -Xmx16384m -cp /zkay/zkay/jsnark_interface/JsnarkCircuitBuilder.jar:/z+
    1 root      20   0    3984   3232   2736 S   0.0   0.0   0:00.06 bash
    7 root      20   0    3992   3108   2608 S   0.0   0.0   0:00.08 bash
   13 root      20   0    3988   3228   2716 S   0.0   0.0   0:00.10 bash
  844 root      20   0    7864   2984   2628 R   0.0   0.0   0:00.29 top -bc -d 1 -n 6000

top - 22:02:53 up 1 day,  1:56,  0 users,  load average: 1.60, 1.70, 0.98
Tasks:   6 total,   1 running,   5 sleeping,   0 stopped,   0 zombie
%Cpu(s): 37.9 us,  5.8 sy,  0.0 ni, 55.4 id,  0.0 wa,  0.0 hi,  1.0 si,  0.0 st
MiB Mem :   7877.2 total,   3291.8 free,   1945.4 used,   2639.9 buff/cache
MiB Swap:   2048.0 total,   2048.0 free,      0.0 used.   5620.6 avail Mem 

  PID USER      PR  NI    VIRT    RES    SHR S  %CPU  %MEM     TIME+ COMMAND
 1655 root      20   0   20.3g 613548  25856 S 529.0   7.6   0:05.96 java -Xms4096m -Xmx16384m -cp /zkay/zkay/jsnark_interface/JsnarkCircuitBuilder.jar:/z+
  844 root      20   0    7864   2984   2628 R   1.0   0.0   0:00.30 top -bc -d 1 -n 6000
    1 root      20   0    3984   3232   2736 S   0.0   0.0   0:00.06 bash
    7 root      20   0    3992   3108   2608 S   0.0   0.0   0:00.08 bash
   13 root      20   0    3988   3228   2716 S   0.0   0.0   0:00.10 bash
  845 root      20   0   96380  90004  12488 S   0.0   1.1   4:54.71 /usr/local/bin/python3.8 /usr/local/bin/zkay run --blockchain-backend w3-eth-tester .+

top - 22:02:54 up 1 day,  1:57,  0 users,  load average: 1.60, 1.70, 0.98
Tasks:   6 total,   1 running,   5 sleeping,   0 stopped,   0 zombie
%Cpu(s): 17.1 us,  1.7 sy,  0.0 ni, 81.1 id,  0.0 wa,  0.0 hi,  0.2 si,  0.0 st
MiB Mem :   7877.2 total,   3291.8 free,   1945.4 used,   2639.9 buff/cache
MiB Swap:   2048.0 total,   2048.0 free,      0.0 used.   5620.6 avail Mem 

  PID USER      PR  NI    VIRT    RES    SHR S  %CPU  %MEM     TIME+ COMMAND
 1655 root      20   0   20.3g   1.0g  25980 S 230.0  13.6   0:08.26 java -Xms4096m -Xmx16384m -cp /zkay/zkay/jsnark_interface/JsnarkCircuitBuilder.jar:/z+
    1 root      20   0    3984   3232   2736 S   0.0   0.0   0:00.06 bash
    7 root      20   0    3992   3108   2608 S   0.0   0.0   0:00.08 bash
   13 root      20   0    3988   3228   2716 S   0.0   0.0   0:00.10 bash
  844 root      20   0    7864   2984   2628 R   0.0   0.0   0:00.30 top -bc -d 1 -n 6000
  845 root      20   0   96380  90004  12488 S   0.0   1.1   4:54.71 /usr/local/bin/python3.8 /usr/local/bin/zkay run --blockchain-backend w3-eth-tester .+

top - 22:02:55 up 1 day,  1:57,  0 users,  load average: 1.60, 1.70, 0.98
Tasks:   6 total,   2 running,   4 sleeping,   0 stopped,   0 zombie
%Cpu(s):  8.4 us,  0.2 sy,  0.0 ni, 90.9 id,  0.1 wa,  0.0 hi,  0.3 si,  0.0 st
MiB Mem :   7877.2 total,   3291.8 free,   1945.4 used,   2639.9 buff/cache
MiB Swap:   2048.0 total,   2048.0 free,      0.0 used.   5620.6 avail Mem 

  PID USER      PR  NI    VIRT    RES    SHR S  %CPU  %MEM     TIME+ COMMAND
 1694 root      20   0  100880  96296   4984 R  82.2   1.2   0:00.83 /zkay/zkay/jsnark_interface/run_snark proofgen /tmp/tmphdz04fs0 /tmp/tmphdz04fs0/proo+
    1 root      20   0    3984   3232   2736 S   0.0   0.0   0:00.06 bash
    7 root      20   0    3992   3108   2608 S   0.0   0.0   0:00.08 bash
   13 root      20   0    3988   3228   2716 S   0.0   0.0   0:00.10 bash
  844 root      20   0    7864   2984   2628 R   0.0   0.0   0:00.30 top -bc -d 1 -n 6000
  845 root      20   0   96380  90004  12488 S   0.0   1.1   4:54.71 /usr/local/bin/python3.8 /usr/local/bin/zkay run --blockchain-backend w3-eth-tester .+

top - 22:02:56 up 1 day,  1:57,  0 users,  load average: 1.56, 1.69, 0.98
Tasks:   6 total,   2 running,   4 sleeping,   0 stopped,   0 zombie
%Cpu(s):  8.2 us,  0.1 sy,  0.0 ni, 91.7 id,  0.0 wa,  0.0 hi,  0.0 si,  0.0 st
MiB Mem :   7877.2 total,   3711.5 free,   1455.6 used,   2710.1 buff/cache
MiB Swap:   2048.0 total,   2048.0 free,      0.0 used.   6110.4 avail Mem 

  PID USER      PR  NI    VIRT    RES    SHR S  %CPU  %MEM     TIME+ COMMAND
 1694 root      20   0  100880  96296   4984 R  99.0   1.2   0:01.83 /zkay/zkay/jsnark_interface/run_snark proofgen /tmp/tmphdz04fs0 /tmp/tmphdz04fs0/proo+
  844 root      20   0    7864   2984   2628 R   1.0   0.0   0:00.31 top -bc -d 1 -n 6000
    1 root      20   0    3984   3232   2736 S   0.0   0.0   0:00.06 bash
    7 root      20   0    3992   3108   2608 S   0.0   0.0   0:00.08 bash
   13 root      20   0    3988   3228   2716 S   0.0   0.0   0:00.10 bash
  845 root      20   0   96380  90004  12488 S   0.0   1.1   4:54.71 /usr/local/bin/python3.8 /usr/local/bin/zkay run --blockchain-backend w3-eth-tester .+

top - 22:02:57 up 1 day,  1:57,  0 users,  load average: 1.56, 1.69, 0.98
Tasks:   6 total,   2 running,   4 sleeping,   0 stopped,   0 zombie
%Cpu(s):  7.5 us,  1.2 sy,  0.0 ni, 91.3 id,  0.0 wa,  0.0 hi,  0.0 si,  0.0 st
MiB Mem :   7877.2 total,   3711.5 free,   1455.6 used,   2710.1 buff/cache
MiB Swap:   2048.0 total,   2048.0 free,      0.0 used.   6110.4 avail Mem 

  PID USER      PR  NI    VIRT    RES    SHR S  %CPU  %MEM     TIME+ COMMAND
 1694 root      20   0  395004 388764   4984 R 100.0   4.8   0:02.83 /zkay/zkay/jsnark_interface/run_snark proofgen /tmp/tmphdz04fs0 /tmp/tmphdz04fs0/proo+
    1 root      20   0    3984   3232   2736 S   0.0   0.0   0:00.06 bash
    7 root      20   0    3992   3108   2608 S   0.0   0.0   0:00.08 bash
   13 root      20   0    3988   3228   2716 S   0.0   0.0   0:00.10 bash
  844 root      20   0    7864   2984   2628 R   0.0   0.0   0:00.31 top -bc -d 1 -n 6000
  845 root      20   0   96380  90004  12488 S   0.0   1.1   4:54.71 /usr/local/bin/python3.8 /usr/local/bin/zkay run --blockchain-backend w3-eth-tester .+

top - 22:02:58 up 1 day,  1:57,  0 users,  load average: 1.56, 1.69, 0.98
Tasks:   6 total,   2 running,   4 sleeping,   0 stopped,   0 zombie
%Cpu(s):  7.6 us,  0.7 sy,  0.0 ni, 91.7 id,  0.0 wa,  0.0 hi,  0.0 si,  0.0 st
MiB Mem :   7877.2 total,   3711.5 free,   1455.6 used,   2710.1 buff/cache
MiB Swap:   2048.0 total,   2048.0 free,      0.0 used.   6110.4 avail Mem 

  PID USER      PR  NI    VIRT    RES    SHR S  %CPU  %MEM     TIME+ COMMAND
 1694 root      20   0  688424 681488   4984 R 100.0   8.4   0:03.83 /zkay/zkay/jsnark_interface/run_snark proofgen /tmp/tmphdz04fs0 /tmp/tmphdz04fs0/proo+
    1 root      20   0    3984   3232   2736 S   0.0   0.0   0:00.06 bash
    7 root      20   0    3992   3108   2608 S   0.0   0.0   0:00.08 bash
   13 root      20   0    3988   3228   2716 S   0.0   0.0   0:00.10 bash
  844 root      20   0    7864   2984   2628 R   0.0   0.0   0:00.31 top -bc -d 1 -n 6000
  845 root      20   0   96380  90004  12488 S   0.0   1.1   4:54.71 /usr/local/bin/python3.8 /usr/local/bin/zkay run --blockchain-backend w3-eth-tester .+

top - 22:02:59 up 1 day,  1:57,  0 users,  load average: 1.56, 1.69, 0.98
Tasks:   6 total,   2 running,   4 sleeping,   0 stopped,   0 zombie
%Cpu(s):  7.9 us,  1.3 sy,  0.0 ni, 89.8 id,  0.1 wa,  0.0 hi,  1.0 si,  0.0 st
MiB Mem :   7877.2 total,   2910.2 free,   2256.8 used,   2710.1 buff/cache
MiB Swap:   2048.0 total,   2048.0 free,      0.0 used.   5309.2 avail Mem 

  PID USER      PR  NI    VIRT    RES    SHR S  %CPU  %MEM     TIME+ COMMAND
 1694 root      20   0  921896 915852   4984 R 100.0  11.4   0:04.83 /zkay/zkay/jsnark_interface/run_snark proofgen /tmp/tmphdz04fs0 /tmp/tmphdz04fs0/proo+
    1 root      20   0    3984   3232   2736 S   0.0   0.0   0:00.06 bash
    7 root      20   0    3992   3108   2608 S   0.0   0.0   0:00.08 bash
   13 root      20   0    3988   3228   2716 S   0.0   0.0   0:00.10 bash
  844 root      20   0    7864   2984   2628 R   0.0   0.0   0:00.31 top -bc -d 1 -n 6000
  845 root      20   0   96380  90004  12488 S   0.0   1.1   4:54.71 /usr/local/bin/python3.8 /usr/local/bin/zkay run --blockchain-backend w3-eth-tester .+

top - 22:03:00 up 1 day,  1:57,  0 users,  load average: 1.56, 1.69, 0.98
Tasks:   6 total,   2 running,   4 sleeping,   0 stopped,   0 zombie
%Cpu(s):  8.2 us,  0.2 sy,  0.0 ni, 91.4 id,  0.0 wa,  0.0 hi,  0.1 si,  0.0 st
MiB Mem :   7877.2 total,   2910.2 free,   2256.8 used,   2710.1 buff/cache
MiB Swap:   2048.0 total,   2048.0 free,      0.0 used.   5309.2 avail Mem 

  PID USER      PR  NI    VIRT    RES    SHR S  %CPU  %MEM     TIME+ COMMAND
 1694 root      20   0 1142148   1.1g   4984 R 100.0  13.9   0:05.83 /zkay/zkay/jsnark_interface/run_snark proofgen /tmp/tmphdz04fs0 /tmp/tmphdz04fs0/proo+
    1 root      20   0    3984   3232   2736 S   0.0   0.0   0:00.06 bash
    7 root      20   0    3992   3108   2608 S   0.0   0.0   0:00.08 bash
   13 root      20   0    3988   3228   2716 S   0.0   0.0   0:00.10 bash
  844 root      20   0    7864   2984   2628 R   0.0   0.0   0:00.31 top -bc -d 1 -n 6000
  845 root      20   0   96380  90004  12488 S   0.0   1.1   4:54.71 /usr/local/bin/python3.8 /usr/local/bin/zkay run --blockchain-backend w3-eth-tester .+

top - 22:03:01 up 1 day,  1:57,  0 users,  load average: 1.51, 1.68, 0.98
Tasks:   6 total,   2 running,   4 sleeping,   0 stopped,   0 zombie
%Cpu(s):  7.8 us,  0.6 sy,  0.0 ni, 91.6 id,  0.0 wa,  0.0 hi,  0.0 si,  0.0 st
MiB Mem :   7877.2 total,   2910.2 free,   2256.8 used,   2710.1 buff/cache
MiB Swap:   2048.0 total,   2048.0 free,      0.0 used.   5309.2 avail Mem 

  PID USER      PR  NI    VIRT    RES    SHR S  %CPU  %MEM     TIME+ COMMAND
 1694 root      20   0 1353636   1.3g   4984 R 100.0  16.6   0:06.84 /zkay/zkay/jsnark_interface/run_snark proofgen /tmp/tmphdz04fs0 /tmp/tmphdz04fs0/proo+
    1 root      20   0    3984   3232   2736 S   0.0   0.0   0:00.06 bash
    7 root      20   0    3992   3108   2608 S   0.0   0.0   0:00.08 bash
   13 root      20   0    3988   3228   2716 S   0.0   0.0   0:00.10 bash
  844 root      20   0    7864   2984   2628 R   0.0   0.0   0:00.31 top -bc -d 1 -n 6000
  845 root      20   0   96380  90004  12488 S   0.0   1.1   4:54.71 /usr/local/bin/python3.8 /usr/local/bin/zkay run --blockchain-backend w3-eth-tester .+

top - 22:03:02 up 1 day,  1:57,  0 users,  load average: 1.51, 1.68, 0.98
Tasks:   6 total,   2 running,   4 sleeping,   0 stopped,   0 zombie
%Cpu(s):  8.2 us,  0.2 sy,  0.0 ni, 91.7 id,  0.0 wa,  0.0 hi,  0.0 si,  0.0 st
MiB Mem :   7877.2 total,   2283.7 free,   2883.4 used,   2710.1 buff/cache
MiB Swap:   2048.0 total,   2048.0 free,      0.0 used.   4682.6 avail Mem 

  PID USER      PR  NI    VIRT    RES    SHR S  %CPU  %MEM     TIME+ COMMAND
 1694 root      20   0 1561572   1.5g   4984 R 100.0  19.3   0:07.84 /zkay/zkay/jsnark_interface/run_snark proofgen /tmp/tmphdz04fs0 /tmp/tmphdz04fs0/proo+
    1 root      20   0    3984   3232   2736 S   0.0   0.0   0:00.06 bash
    7 root      20   0    3992   3108   2608 S   0.0   0.0   0:00.08 bash
   13 root      20   0    3988   3228   2716 S   0.0   0.0   0:00.10 bash
  844 root      20   0    7864   2984   2628 R   0.0   0.0   0:00.31 top -bc -d 1 -n 6000
  845 root      20   0   96380  90004  12488 S   0.0   1.1   4:54.71 /usr/local/bin/python3.8 /usr/local/bin/zkay run --blockchain-backend w3-eth-tester .+

top - 22:03:03 up 1 day,  1:57,  0 users,  load average: 1.51, 1.68, 0.98
Tasks:   6 total,   2 running,   4 sleeping,   0 stopped,   0 zombie
%Cpu(s):  7.6 us,  0.8 sy,  0.0 ni, 91.5 id,  0.0 wa,  0.0 hi,  0.0 si,  0.0 st
MiB Mem :   7877.2 total,   2283.7 free,   2883.4 used,   2710.1 buff/cache
MiB Swap:   2048.0 total,   2048.0 free,      0.0 used.   4682.6 avail Mem 

  PID USER      PR  NI    VIRT    RES    SHR S  %CPU  %MEM     TIME+ COMMAND
 1694 root      20   0 1814092   1.7g   4984 R 100.0  22.1   0:08.84 /zkay/zkay/jsnark_interface/run_snark proofgen /tmp/tmphdz04fs0 /tmp/tmphdz04fs0/proo+
    1 root      20   0    3984   3232   2736 S   0.0   0.0   0:00.06 bash
    7 root      20   0    3992   3108   2608 S   0.0   0.0   0:00.08 bash
   13 root      20   0    3988   3228   2716 S   0.0   0.0   0:00.10 bash
  844 root      20   0    7864   2984   2628 R   0.0   0.0   0:00.31 top -bc -d 1 -n 6000
  845 root      20   0   96380  90004  12488 S   0.0   1.1   4:54.71 /usr/local/bin/python3.8 /usr/local/bin/zkay run --blockchain-backend w3-eth-tester .+

top - 22:03:04 up 1 day,  1:57,  0 users,  load average: 1.51, 1.68, 0.98
Tasks:   6 total,   2 running,   4 sleeping,   0 stopped,   0 zombie
%Cpu(s):  8.3 us,  0.0 sy,  0.0 ni, 91.7 id,  0.0 wa,  0.0 hi,  0.0 si,  0.0 st
MiB Mem :   7877.2 total,   2283.7 free,   2883.4 used,   2710.1 buff/cache
MiB Swap:   2048.0 total,   2048.0 free,      0.0 used.   4682.6 avail Mem 

  PID USER      PR  NI    VIRT    RES    SHR S  %CPU  %MEM     TIME+ COMMAND
 1694 root      20   0 1832044   1.7g   4984 R 100.0  22.3   0:09.84 /zkay/zkay/jsnark_interface/run_snark proofgen /tmp/tmphdz04fs0 /tmp/tmphdz04fs0/proo+
    1 root      20   0    3984   3232   2736 S   0.0   0.0   0:00.06 bash
    7 root      20   0    3992   3108   2608 S   0.0   0.0   0:00.08 bash
   13 root      20   0    3988   3228   2716 S   0.0   0.0   0:00.10 bash
  844 root      20   0    7864   2984   2628 R   0.0   0.0   0:00.31 top -bc -d 1 -n 6000
  845 root      20   0   96380  90004  12488 S   0.0   1.1   4:54.71 /usr/local/bin/python3.8 /usr/local/bin/zkay run --blockchain-backend w3-eth-tester .+

top - 22:03:05 up 1 day,  1:57,  0 users,  load average: 1.51, 1.68, 0.98
Tasks:   6 total,   2 running,   4 sleeping,   0 stopped,   0 zombie
%Cpu(s):  8.3 us,  0.0 sy,  0.0 ni, 91.6 id,  0.1 wa,  0.0 hi,  0.0 si,  0.0 st
MiB Mem :   7877.2 total,   2043.9 free,   3123.1 used,   2710.1 buff/cache
MiB Swap:   2048.0 total,   2048.0 free,      0.0 used.   4442.9 avail Mem 

  PID USER      PR  NI    VIRT    RES    SHR S  %CPU  %MEM     TIME+ COMMAND
 1694 root      20   0 1832044   1.7g   4984 R 100.0  22.3   0:10.84 /zkay/zkay/jsnark_interface/run_snark proofgen /tmp/tmphdz04fs0 /tmp/tmphdz04fs0/proo+
    1 root      20   0    3984   3232   2736 S   0.0   0.0   0:00.06 bash
    7 root      20   0    3992   3108   2608 S   0.0   0.0   0:00.08 bash
   13 root      20   0    3988   3228   2716 S   0.0   0.0   0:00.10 bash
  844 root      20   0    7864   2984   2628 R   0.0   0.0   0:00.31 top -bc -d 1 -n 6000
  845 root      20   0   96380  90004  12488 S   0.0   1.1   4:54.71 /usr/local/bin/python3.8 /usr/local/bin/zkay run --blockchain-backend w3-eth-tester .+

top - 22:03:06 up 1 day,  1:57,  0 users,  load average: 1.47, 1.67, 0.98
Tasks:   6 total,   2 running,   4 sleeping,   0 stopped,   0 zombie
%Cpu(s):  8.3 us,  0.1 sy,  0.0 ni, 91.6 id,  0.0 wa,  0.0 hi,  0.0 si,  0.0 st
MiB Mem :   7877.2 total,   2043.9 free,   3123.1 used,   2710.1 buff/cache
MiB Swap:   2048.0 total,   2048.0 free,      0.0 used.   4442.9 avail Mem 

  PID USER      PR  NI    VIRT    RES    SHR S  %CPU  %MEM     TIME+ COMMAND
 1694 root      20   0 1832044   1.7g   4984 R 100.0  22.3   0:11.84 /zkay/zkay/jsnark_interface/run_snark proofgen /tmp/tmphdz04fs0 /tmp/tmphdz04fs0/proo+
    1 root      20   0    3984   3232   2736 S   0.0   0.0   0:00.06 bash
    7 root      20   0    3992   3108   2608 S   0.0   0.0   0:00.08 bash
   13 root      20   0    3988   3228   2716 S   0.0   0.0   0:00.10 bash
  844 root      20   0    7864   2984   2628 R   0.0   0.0   0:00.31 top -bc -d 1 -n 6000
  845 root      20   0   96380  90004  12488 S   0.0   1.1   4:54.71 /usr/local/bin/python3.8 /usr/local/bin/zkay run --blockchain-backend w3-eth-tester .+

top - 22:03:07 up 1 day,  1:57,  0 users,  load average: 1.47, 1.67, 0.98
Tasks:   6 total,   2 running,   4 sleeping,   0 stopped,   0 zombie
%Cpu(s):  8.2 us,  0.2 sy,  0.0 ni, 91.7 id,  0.0 wa,  0.0 hi,  0.0 si,  0.0 st
MiB Mem :   7877.2 total,   2043.9 free,   3123.1 used,   2710.1 buff/cache
MiB Swap:   2048.0 total,   2048.0 free,      0.0 used.   4442.9 avail Mem 

  PID USER      PR  NI    VIRT    RES    SHR S  %CPU  %MEM     TIME+ COMMAND
 1694 root      20   0 1824668   1.7g   4984 R 100.0  22.4   0:12.84 /zkay/zkay/jsnark_interface/run_snark proofgen /tmp/tmphdz04fs0 /tmp/tmphdz04fs0/proo+
    1 root      20   0    3984   3232   2736 S   0.0   0.0   0:00.06 bash
    7 root      20   0    3992   3108   2608 S   0.0   0.0   0:00.08 bash
   13 root      20   0    3988   3228   2716 S   0.0   0.0   0:00.10 bash
  844 root      20   0    7864   2984   2628 R   0.0   0.0   0:00.31 top -bc -d 1 -n 6000
  845 root      20   0   96380  90004  12488 S   0.0   1.1   4:54.71 /usr/local/bin/python3.8 /usr/local/bin/zkay run --blockchain-backend w3-eth-tester .+

top - 22:03:08 up 1 day,  1:57,  0 users,  load average: 1.47, 1.67, 0.98
Tasks:   6 total,   2 running,   4 sleeping,   0 stopped,   0 zombie
%Cpu(s):  8.2 us,  0.2 sy,  0.0 ni, 91.5 id,  0.0 wa,  0.0 hi,  0.0 si,  0.0 st
MiB Mem :   7877.2 total,   1903.5 free,   3263.5 used,   2710.1 buff/cache
MiB Swap:   2048.0 total,   2048.0 free,      0.0 used.   4302.5 avail Mem 

  PID USER      PR  NI    VIRT    RES    SHR S  %CPU  %MEM     TIME+ COMMAND
 1694 root      20   0 2139600   1.9g   4984 R 100.0  24.1   0:13.85 /zkay/zkay/jsnark_interface/run_snark proofgen /tmp/tmphdz04fs0 /tmp/tmphdz04fs0/proo+
    1 root      20   0    3984   3232   2736 S   0.0   0.0   0:00.06 bash
    7 root      20   0    3992   3108   2608 S   0.0   0.0   0:00.08 bash
   13 root      20   0    3988   3228   2716 S   0.0   0.0   0:00.10 bash
  844 root      20   0    7864   2984   2628 R   0.0   0.0   0:00.31 top -bc -d 1 -n 6000
  845 root      20   0   96380  90004  12488 S   0.0   1.1   4:54.71 /usr/local/bin/python3.8 /usr/local/bin/zkay run --blockchain-backend w3-eth-tester .+

top - 22:03:09 up 1 day,  1:57,  0 users,  load average: 1.47, 1.67, 0.98
Tasks:   6 total,   2 running,   4 sleeping,   0 stopped,   0 zombie
%Cpu(s):  8.5 us,  0.9 sy,  0.0 ni, 89.2 id,  0.0 wa,  0.0 hi,  1.4 si,  0.0 st
MiB Mem :   7877.2 total,   1903.5 free,   3263.5 used,   2710.1 buff/cache
MiB Swap:   2048.0 total,   2048.0 free,      0.0 used.   4302.5 avail Mem 

  PID USER      PR  NI    VIRT    RES    SHR S  %CPU  %MEM     TIME+ COMMAND
 1694 root      20   0 2241684   2.0g   4984 R 100.0  25.5   0:14.85 /zkay/zkay/jsnark_interface/run_snark proofgen /tmp/tmphdz04fs0 /tmp/tmphdz04fs0/proo+
    1 root      20   0    3984   3232   2736 S   0.0   0.0   0:00.06 bash
    7 root      20   0    3992   3108   2608 S   0.0   0.0   0:00.08 bash
   13 root      20   0    3988   3228   2716 S   0.0   0.0   0:00.10 bash
  844 root      20   0    7864   2984   2628 R   0.0   0.0   0:00.31 top -bc -d 1 -n 6000
  845 root      20   0   96380  90004  12488 S   0.0   1.1   4:54.71 /usr/local/bin/python3.8 /usr/local/bin/zkay run --blockchain-backend w3-eth-tester .+

top - 22:03:10 up 1 day,  1:57,  0 users,  load average: 1.47, 1.67, 0.98
Tasks:   6 total,   2 running,   4 sleeping,   0 stopped,   0 zombie
%Cpu(s):  8.0 us,  0.5 sy,  0.0 ni, 91.5 id,  0.0 wa,  0.0 hi,  0.0 si,  0.0 st
MiB Mem :   7877.2 total,   1903.5 free,   3263.5 used,   2710.1 buff/cache
MiB Swap:   2048.0 total,   2048.0 free,      0.0 used.   4302.5 avail Mem 

  PID USER      PR  NI    VIRT    RES    SHR S  %CPU  %MEM     TIME+ COMMAND
 1694 root      20   0 2386080   2.2g   4984 R 100.0  28.5   0:15.85 /zkay/zkay/jsnark_interface/run_snark proofgen /tmp/tmphdz04fs0 /tmp/tmphdz04fs0/proo+
    1 root      20   0    3984   3232   2736 S   0.0   0.0   0:00.06 bash
    7 root      20   0    3992   3108   2608 S   0.0   0.0   0:00.08 bash
   13 root      20   0    3988   3228   2716 S   0.0   0.0   0:00.10 bash
  844 root      20   0    7864   2984   2628 R   0.0   0.0   0:00.31 top -bc -d 1 -n 6000
  845 root      20   0   96380  90004  12488 S   0.0   1.1   4:54.71 /usr/local/bin/python3.8 /usr/local/bin/zkay run --blockchain-backend w3-eth-tester .+

top - 22:03:11 up 1 day,  1:57,  0 users,  load average: 1.43, 1.66, 0.98
Tasks:   6 total,   2 running,   4 sleeping,   0 stopped,   0 zombie
%Cpu(s):  8.7 us,  0.8 sy,  0.0 ni, 90.3 id,  0.1 wa,  0.0 hi,  0.0 si,  0.0 st
MiB Mem :   7877.2 total,   1298.4 free,   3868.7 used,   2710.1 buff/cache
MiB Swap:   2048.0 total,   2048.0 free,      0.0 used.   3697.3 avail Mem 

  PID USER      PR  NI    VIRT    RES    SHR S  %CPU  %MEM     TIME+ COMMAND
 1694 root      20   0 3386428   2.4g   4984 R 113.0  31.8   0:16.98 /zkay/zkay/jsnark_interface/run_snark proofgen /tmp/tmphdz04fs0 /tmp/tmphdz04fs0/proo+
    1 root      20   0    3984   3232   2736 S   0.0   0.0   0:00.06 bash
    7 root      20   0    3992   3108   2608 S   0.0   0.0   0:00.08 bash
   13 root      20   0    3988   3228   2716 S   0.0   0.0   0:00.10 bash
  844 root      20   0    7864   2984   2628 R   0.0   0.0   0:00.31 top -bc -d 1 -n 6000
  845 root      20   0   96380  90004  12488 S   0.0   1.1   4:54.71 /usr/local/bin/python3.8 /usr/local/bin/zkay run --blockchain-backend w3-eth-tester .+

top - 22:03:12 up 1 day,  1:57,  0 users,  load average: 1.43, 1.66, 0.98
Tasks:   6 total,   2 running,   4 sleeping,   0 stopped,   0 zombie
%Cpu(s): 66.6 us,  8.6 sy,  0.0 ni, 24.8 id,  0.0 wa,  0.0 hi,  0.0 si,  0.0 st
MiB Mem :   7877.2 total,   1298.4 free,   3868.7 used,   2710.1 buff/cache
MiB Swap:   2048.0 total,   2048.0 free,      0.0 used.   3697.3 avail Mem 

  PID USER      PR  NI    VIRT    RES    SHR S  %CPU  %MEM     TIME+ COMMAND
 1694 root      20   0 3386428   2.8g   4984 R 903.0  36.3   0:26.01 /zkay/zkay/jsnark_interface/run_snark proofgen /tmp/tmphdz04fs0 /tmp/tmphdz04fs0/proo+
    1 root      20   0    3984   3232   2736 S   0.0   0.0   0:00.06 bash
    7 root      20   0    3992   3108   2608 S   0.0   0.0   0:00.08 bash
   13 root      20   0    3988   3228   2716 S   0.0   0.0   0:00.10 bash
  844 root      20   0    7864   2984   2628 R   0.0   0.0   0:00.31 top -bc -d 1 -n 6000
  845 root      20   0   96380  90004  12488 S   0.0   1.1   4:54.71 /usr/local/bin/python3.8 /usr/local/bin/zkay run --blockchain-backend w3-eth-tester .+

top - 22:03:13 up 1 day,  1:57,  0 users,  load average: 1.43, 1.66, 0.98
Tasks:   6 total,   2 running,   4 sleeping,   0 stopped,   0 zombie
%Cpu(s): 52.7 us,  2.3 sy,  0.0 ni, 44.8 id,  0.0 wa,  0.0 hi,  0.2 si,  0.0 st
MiB Mem :   7877.2 total,   1298.4 free,   3868.7 used,   2710.1 buff/cache
MiB Swap:   2048.0 total,   2048.0 free,      0.0 used.   3697.3 avail Mem 

  PID USER      PR  NI    VIRT    RES    SHR S  %CPU  %MEM     TIME+ COMMAND
 1694 root      20   0 3195840   2.8g   4984 R 659.0  36.3   0:32.60 /zkay/zkay/jsnark_interface/run_snark proofgen /tmp/tmphdz04fs0 /tmp/tmphdz04fs0/proo+
    1 root      20   0    3984   3232   2736 S   0.0   0.0   0:00.06 bash
    7 root      20   0    3992   3108   2608 S   0.0   0.0   0:00.08 bash
   13 root      20   0    3988   3228   2716 S   0.0   0.0   0:00.10 bash
  844 root      20   0    7864   2984   2628 R   0.0   0.0   0:00.31 top -bc -d 1 -n 6000
  845 root      20   0   96380  90004  12488 S   0.0   1.1   4:54.71 /usr/local/bin/python3.8 /usr/local/bin/zkay run --blockchain-backend w3-eth-tester .+

top - 22:03:14 up 1 day,  1:57,  0 users,  load average: 1.43, 1.66, 0.98
Tasks:   6 total,   2 running,   4 sleeping,   0 stopped,   0 zombie
%Cpu(s):  8.3 us,  0.0 sy,  0.0 ni, 91.6 id,  0.0 wa,  0.0 hi,  0.1 si,  0.0 st
MiB Mem :   7877.2 total,    969.9 free,   4197.2 used,   2710.2 buff/cache
MiB Swap:   2048.0 total,   2048.0 free,      0.0 used.   3368.8 avail Mem 

  PID USER      PR  NI    VIRT    RES    SHR S  %CPU  %MEM     TIME+ COMMAND
 1694 root      20   0 3163068   2.8g   4984 R 100.0  36.0   0:33.60 /zkay/zkay/jsnark_interface/run_snark proofgen /tmp/tmphdz04fs0 /tmp/tmphdz04fs0/proo+
    1 root      20   0    3984   3232   2736 S   0.0   0.0   0:00.06 bash
    7 root      20   0    3992   3108   2608 S   0.0   0.0   0:00.08 bash
   13 root      20   0    3988   3228   2716 S   0.0   0.0   0:00.10 bash
  844 root      20   0    7864   2984   2628 R   0.0   0.0   0:00.31 top -bc -d 1 -n 6000
  845 root      20   0   96380  90004  12488 S   0.0   1.1   4:54.71 /usr/local/bin/python3.8 /usr/local/bin/zkay run --blockchain-backend w3-eth-tester .+

top - 22:03:15 up 1 day,  1:57,  0 users,  load average: 1.43, 1.66, 0.98
Tasks:   6 total,   2 running,   4 sleeping,   0 stopped,   0 zombie
%Cpu(s):  8.3 us,  0.1 sy,  0.0 ni, 91.5 id,  0.0 wa,  0.0 hi,  0.1 si,  0.0 st
MiB Mem :   7877.2 total,    969.9 free,   4197.2 used,   2710.2 buff/cache
MiB Swap:   2048.0 total,   2048.0 free,      0.0 used.   3368.8 avail Mem 

  PID USER      PR  NI    VIRT    RES    SHR S  %CPU  %MEM     TIME+ COMMAND
 1694 root      20   0 3235236   2.8g   4984 R  99.0  36.9   0:34.60 /zkay/zkay/jsnark_interface/run_snark proofgen /tmp/tmphdz04fs0 /tmp/tmphdz04fs0/proo+
    1 root      20   0    3984   3232   2736 S   0.0   0.0   0:00.06 bash
    7 root      20   0    3992   3108   2608 S   0.0   0.0   0:00.08 bash
   13 root      20   0    3988   3228   2716 S   0.0   0.0   0:00.10 bash
  844 root      20   0    7864   2984   2628 R   0.0   0.0   0:00.31 top -bc -d 1 -n 6000
  845 root      20   0   96380  90004  12488 S   0.0   1.1   4:54.71 /usr/local/bin/python3.8 /usr/local/bin/zkay run --blockchain-backend w3-eth-tester .+

top - 22:03:16 up 1 day,  1:57,  0 users,  load average: 1.40, 1.64, 0.98
Tasks:   6 total,   2 running,   4 sleeping,   0 stopped,   0 zombie
%Cpu(s):  7.4 us,  0.9 sy,  0.0 ni, 91.6 id,  0.0 wa,  0.0 hi,  0.1 si,  0.0 st
MiB Mem :   7877.2 total,    969.9 free,   4197.2 used,   2710.2 buff/cache
MiB Swap:   2048.0 total,   2048.0 free,      0.0 used.   3368.8 avail Mem 

  PID USER      PR  NI    VIRT    RES    SHR S  %CPU  %MEM     TIME+ COMMAND
 1694 root      20   0 3199152   2.7g   4984 R 100.0  35.6   0:35.60 /zkay/zkay/jsnark_interface/run_snark proofgen /tmp/tmphdz04fs0 /tmp/tmphdz04fs0/proo+
    1 root      20   0    3984   3232   2736 S   0.0   0.0   0:00.06 bash
    7 root      20   0    3992   3108   2608 S   0.0   0.0   0:00.08 bash
   13 root      20   0    3988   3228   2716 S   0.0   0.0   0:00.10 bash
  844 root      20   0    7864   2984   2628 R   0.0   0.0   0:00.31 top -bc -d 1 -n 6000
  845 root      20   0   96380  90004  12488 S   0.0   1.1   4:54.71 /usr/local/bin/python3.8 /usr/local/bin/zkay run --blockchain-backend w3-eth-tester .+

top - 22:03:17 up 1 day,  1:57,  0 users,  load average: 1.40, 1.64, 0.98
Tasks:   6 total,   2 running,   4 sleeping,   0 stopped,   0 zombie
%Cpu(s):  7.7 us,  0.6 sy,  0.0 ni, 91.3 id,  0.2 wa,  0.0 hi,  0.2 si,  0.0 st
MiB Mem :   7877.2 total,    932.4 free,   4234.5 used,   2710.3 buff/cache
MiB Swap:   2048.0 total,   2048.0 free,      0.0 used.   3331.5 avail Mem 

  PID USER      PR  NI    VIRT    RES    SHR S  %CPU  %MEM     TIME+ COMMAND
 1694 root      20   0 3199152   2.8g   4984 R 100.0  36.5   0:36.60 /zkay/zkay/jsnark_interface/run_snark proofgen /tmp/tmphdz04fs0 /tmp/tmphdz04fs0/proo+
    1 root      20   0    3984   3232   2736 S   0.0   0.0   0:00.06 bash
    7 root      20   0    3992   3108   2608 S   0.0   0.0   0:00.08 bash
   13 root      20   0    3988   3228   2716 S   0.0   0.0   0:00.10 bash
  844 root      20   0    7864   2984   2628 R   0.0   0.0   0:00.31 top -bc -d 1 -n 6000
  845 root      20   0   96380  90004  12488 S   0.0   1.1   4:54.71 /usr/local/bin/python3.8 /usr/local/bin/zkay run --blockchain-backend w3-eth-tester .+

top - 22:03:18 up 1 day,  1:57,  0 users,  load average: 1.40, 1.64, 0.98
Tasks:   6 total,   2 running,   4 sleeping,   0 stopped,   0 zombie
%Cpu(s): 20.2 us,  0.1 sy,  0.0 ni, 79.5 id,  0.0 wa,  0.0 hi,  0.2 si,  0.0 st
MiB Mem :   7877.2 total,    932.4 free,   4234.5 used,   2710.3 buff/cache
MiB Swap:   2048.0 total,   2048.0 free,      0.0 used.   3331.5 avail Mem 

  PID USER      PR  NI    VIRT    RES    SHR S  %CPU  %MEM     TIME+ COMMAND
 1694 root      20   0 3199152   2.8g   4984 R 232.0  36.5   0:38.92 /zkay/zkay/jsnark_interface/run_snark proofgen /tmp/tmphdz04fs0 /tmp/tmphdz04fs0/proo+
  844 root      20   0    7864   2984   2628 R   1.0   0.0   0:00.32 top -bc -d 1 -n 6000
    1 root      20   0    3984   3232   2736 S   0.0   0.0   0:00.06 bash
    7 root      20   0    3992   3108   2608 S   0.0   0.0   0:00.08 bash
   13 root      20   0    3988   3228   2716 S   0.0   0.0   0:00.10 bash
  845 root      20   0   96380  90004  12488 S   0.0   1.1   4:54.71 /usr/local/bin/python3.8 /usr/local/bin/zkay run --blockchain-backend w3-eth-tester .+

top - 22:03:19 up 1 day,  1:57,  0 users,  load average: 1.40, 1.64, 0.98
Tasks:   6 total,   2 running,   4 sleeping,   0 stopped,   0 zombie
%Cpu(s): 24.7 us,  0.4 sy,  0.0 ni, 73.8 id,  0.0 wa,  0.0 hi,  1.1 si,  0.0 st
MiB Mem :   7877.2 total,    932.4 free,   4234.5 used,   2710.3 buff/cache
MiB Swap:   2048.0 total,   2048.0 free,      0.0 used.   3331.5 avail Mem 

  PID USER      PR  NI    VIRT    RES    SHR S  %CPU  %MEM     TIME+ COMMAND
 1694 root      20   0 3199152   2.8g   4984 R 287.0  36.5   0:41.79 /zkay/zkay/jsnark_interface/run_snark proofgen /tmp/tmphdz04fs0 /tmp/tmphdz04fs0/proo+
    1 root      20   0    3984   3232   2736 S   0.0   0.0   0:00.06 bash
    7 root      20   0    3992   3108   2608 S   0.0   0.0   0:00.08 bash
   13 root      20   0    3988   3228   2716 S   0.0   0.0   0:00.10 bash
  844 root      20   0    7864   2984   2628 R   0.0   0.0   0:00.32 top -bc -d 1 -n 6000
  845 root      20   0   96380  90004  12488 S   0.0   1.1   4:54.71 /usr/local/bin/python3.8 /usr/local/bin/zkay run --blockchain-backend w3-eth-tester .+

top - 22:03:20 up 1 day,  1:57,  0 users,  load average: 1.40, 1.64, 0.98
Tasks:   6 total,   2 running,   4 sleeping,   0 stopped,   0 zombie
%Cpu(s): 26.5 us,  0.0 sy,  0.0 ni, 73.1 id,  0.0 wa,  0.0 hi,  0.4 si,  0.0 st
MiB Mem :   7877.2 total,    932.7 free,   4234.2 used,   2710.3 buff/cache
MiB Swap:   2048.0 total,   2048.0 free,      0.0 used.   3331.8 avail Mem 

  PID USER      PR  NI    VIRT    RES    SHR S  %CPU  %MEM     TIME+ COMMAND
 1694 root      20   0 3199152   2.8g   4984 R 324.0  36.5   0:45.03 /zkay/zkay/jsnark_interface/run_snark proofgen /tmp/tmphdz04fs0 /tmp/tmphdz04fs0/proo+
    1 root      20   0    3984   3232   2736 S   0.0   0.0   0:00.06 bash
    7 root      20   0    3992   3108   2608 S   0.0   0.0   0:00.08 bash
   13 root      20   0    3988   3228   2716 S   0.0   0.0   0:00.10 bash
  844 root      20   0    7864   2984   2628 R   0.0   0.0   0:00.32 top -bc -d 1 -n 6000
  845 root      20   0   96380  90004  12488 S   0.0   1.1   4:54.71 /usr/local/bin/python3.8 /usr/local/bin/zkay run --blockchain-backend w3-eth-tester .+

top - 22:03:21 up 1 day,  1:57,  0 users,  load average: 1.61, 1.68, 1.00
Tasks:   6 total,   2 running,   4 sleeping,   0 stopped,   0 zombie
%Cpu(s): 26.1 us,  0.0 sy,  0.0 ni, 73.9 id,  0.0 wa,  0.0 hi,  0.1 si,  0.0 st
MiB Mem :   7877.2 total,    932.7 free,   4234.2 used,   2710.3 buff/cache
MiB Swap:   2048.0 total,   2048.0 free,      0.0 used.   3331.8 avail Mem 

  PID USER      PR  NI    VIRT    RES    SHR S  %CPU  %MEM     TIME+ COMMAND
 1694 root      20   0 3199152   2.8g   4984 R 302.0  36.5   0:48.05 /zkay/zkay/jsnark_interface/run_snark proofgen /tmp/tmphdz04fs0 /tmp/tmphdz04fs0/proo+
    1 root      20   0    3984   3232   2736 S   0.0   0.0   0:00.06 bash
    7 root      20   0    3992   3108   2608 S   0.0   0.0   0:00.08 bash
   13 root      20   0    3988   3228   2716 S   0.0   0.0   0:00.10 bash
  844 root      20   0    7864   2984   2628 R   0.0   0.0   0:00.32 top -bc -d 1 -n 6000
  845 root      20   0   96380  90004  12488 S   0.0   1.1   4:54.71 /usr/local/bin/python3.8 /usr/local/bin/zkay run --blockchain-backend w3-eth-tester .+

top - 22:03:22 up 1 day,  1:57,  0 users,  load average: 1.61, 1.68, 1.00
Tasks:   6 total,   2 running,   4 sleeping,   0 stopped,   0 zombie
%Cpu(s): 13.8 us,  0.0 sy,  0.0 ni, 86.2 id,  0.1 wa,  0.0 hi,  0.0 si,  0.0 st
MiB Mem :   7877.2 total,    932.7 free,   4234.2 used,   2710.3 buff/cache
MiB Swap:   2048.0 total,   2048.0 free,      0.0 used.   3331.8 avail Mem 

  PID USER      PR  NI    VIRT    RES    SHR S  %CPU  %MEM     TIME+ COMMAND
 1694 root      20   0 3199152   2.8g   4984 R 166.3  36.5   0:49.73 /zkay/zkay/jsnark_interface/run_snark proofgen /tmp/tmphdz04fs0 /tmp/tmphdz04fs0/proo+
    1 root      20   0    3984   3232   2736 S   0.0   0.0   0:00.06 bash
    7 root      20   0    3992   3108   2608 S   0.0   0.0   0:00.08 bash
   13 root      20   0    3988   3228   2716 S   0.0   0.0   0:00.10 bash
  844 root      20   0    7864   2984   2628 R   0.0   0.0   0:00.32 top -bc -d 1 -n 6000
  845 root      20   0   96380  90004  12488 S   0.0   1.1   4:54.71 /usr/local/bin/python3.8 /usr/local/bin/zkay run --blockchain-backend w3-eth-tester .+

top - 22:03:23 up 1 day,  1:57,  0 users,  load average: 1.61, 1.68, 1.00
Tasks:   6 total,   1 running,   5 sleeping,   0 stopped,   0 zombie
%Cpu(s): 32.2 us,  0.1 sy,  0.0 ni, 67.8 id,  0.0 wa,  0.0 hi,  0.0 si,  0.0 st
MiB Mem :   7877.2 total,    932.7 free,   4234.2 used,   2710.3 buff/cache
MiB Swap:   2048.0 total,   2048.0 free,      0.0 used.   3331.8 avail Mem 

  PID USER      PR  NI    VIRT    RES    SHR S  %CPU  %MEM     TIME+ COMMAND
 1694 root      20   0 3199152   2.8g   4984 S 388.0  36.5   0:53.61 /zkay/zkay/jsnark_interface/run_snark proofgen /tmp/tmphdz04fs0 /tmp/tmphdz04fs0/proo+
    1 root      20   0    3984   3232   2736 S   0.0   0.0   0:00.06 bash
    7 root      20   0    3992   3108   2608 S   0.0   0.0   0:00.08 bash
   13 root      20   0    3988   3228   2716 S   0.0   0.0   0:00.10 bash
  844 root      20   0    7864   2984   2628 R   0.0   0.0   0:00.32 top -bc -d 1 -n 6000
  845 root      20   0   96380  90004  12488 S   0.0   1.1   4:54.71 /usr/local/bin/python3.8 /usr/local/bin/zkay run --blockchain-backend w3-eth-tester .+

top - 22:03:24 up 1 day,  1:57,  0 users,  load average: 1.61, 1.68, 1.00
Tasks:   6 total,   2 running,   4 sleeping,   0 stopped,   0 zombie
%Cpu(s): 54.9 us,  0.0 sy,  0.0 ni, 45.1 id,  0.0 wa,  0.0 hi,  0.0 si,  0.0 st
MiB Mem :   7877.2 total,    932.7 free,   4234.2 used,   2710.3 buff/cache
MiB Swap:   2048.0 total,   2048.0 free,      0.0 used.   3331.8 avail Mem 

  PID USER      PR  NI    VIRT    RES    SHR S  %CPU  %MEM     TIME+ COMMAND
 1694 root      20   0 3199152   2.8g   4984 R 656.0  36.5   1:00.17 /zkay/zkay/jsnark_interface/run_snark proofgen /tmp/tmphdz04fs0 /tmp/tmphdz04fs0/proo+
    1 root      20   0    3984   3232   2736 S   0.0   0.0   0:00.06 bash
    7 root      20   0    3992   3108   2608 S   0.0   0.0   0:00.08 bash
   13 root      20   0    3988   3228   2716 S   0.0   0.0   0:00.10 bash
  844 root      20   0    7864   2984   2628 R   0.0   0.0   0:00.32 top -bc -d 1 -n 6000
  845 root      20   0   96380  90004  12488 S   0.0   1.1   4:54.71 /usr/local/bin/python3.8 /usr/local/bin/zkay run --blockchain-backend w3-eth-tester .+

top - 22:03:25 up 1 day,  1:57,  0 users,  load average: 1.61, 1.68, 1.00
Tasks:   6 total,   2 running,   4 sleeping,   0 stopped,   0 zombie
%Cpu(s): 98.6 us,  0.0 sy,  0.0 ni,  1.4 id,  0.0 wa,  0.0 hi,  0.0 si,  0.0 st
MiB Mem :   7877.2 total,    932.7 free,   4234.2 used,   2710.3 buff/cache
MiB Swap:   2048.0 total,   2048.0 free,      0.0 used.   3331.8 avail Mem 

  PID USER      PR  NI    VIRT    RES    SHR S  %CPU  %MEM     TIME+ COMMAND
 1694 root      20   0 3199152   2.8g   4984 R  1183  36.5   1:12.00 /zkay/zkay/jsnark_interface/run_snark proofgen /tmp/tmphdz04fs0 /tmp/tmphdz04fs0/proo+
    1 root      20   0    3984   3232   2736 S   0.0   0.0   0:00.06 bash
    7 root      20   0    3992   3108   2608 S   0.0   0.0   0:00.08 bash
   13 root      20   0    3988   3228   2716 S   0.0   0.0   0:00.10 bash
  844 root      20   0    7864   2984   2628 R   0.0   0.0   0:00.32 top -bc -d 1 -n 6000
  845 root      20   0   96380  90004  12488 S   0.0   1.1   4:54.71 /usr/local/bin/python3.8 /usr/local/bin/zkay run --blockchain-backend w3-eth-tester .+

top - 22:03:26 up 1 day,  1:57,  0 users,  load average: 2.44, 1.86, 1.06
Tasks:   6 total,   2 running,   4 sleeping,   0 stopped,   0 zombie
%Cpu(s): 99.8 us,  0.2 sy,  0.0 ni,  0.0 id,  0.0 wa,  0.0 hi,  0.0 si,  0.0 st
MiB Mem :   7877.2 total,    932.7 free,   4234.2 used,   2710.3 buff/cache
MiB Swap:   2048.0 total,   2048.0 free,      0.0 used.   3331.8 avail Mem 

  PID USER      PR  NI    VIRT    RES    SHR S  %CPU  %MEM     TIME+ COMMAND
 1694 root      20   0 3199152   2.8g   4984 R  1199  36.5   1:23.99 /zkay/zkay/jsnark_interface/run_snark proofgen /tmp/tmphdz04fs0 /tmp/tmphdz04fs0/proo+
    1 root      20   0    3984   3232   2736 S   0.0   0.0   0:00.06 bash
    7 root      20   0    3992   3108   2608 S   0.0   0.0   0:00.08 bash
   13 root      20   0    3988   3228   2716 S   0.0   0.0   0:00.10 bash
  844 root      20   0    7864   2984   2628 R   0.0   0.0   0:00.32 top -bc -d 1 -n 6000
  845 root      20   0   96380  90004  12488 S   0.0   1.1   4:54.71 /usr/local/bin/python3.8 /usr/local/bin/zkay run --blockchain-backend w3-eth-tester .+

top - 22:03:27 up 1 day,  1:57,  0 users,  load average: 2.44, 1.86, 1.06
Tasks:   6 total,   2 running,   4 sleeping,   0 stopped,   0 zombie
%Cpu(s): 99.9 us,  0.1 sy,  0.0 ni,  0.0 id,  0.0 wa,  0.0 hi,  0.0 si,  0.0 st
MiB Mem :   7877.2 total,    932.7 free,   4234.2 used,   2710.3 buff/cache
MiB Swap:   2048.0 total,   2048.0 free,      0.0 used.   3331.8 avail Mem 

  PID USER      PR  NI    VIRT    RES    SHR S  %CPU  %MEM     TIME+ COMMAND
 1694 root      20   0 3199152   2.8g   4984 R  1200  36.5   1:35.99 /zkay/zkay/jsnark_interface/run_snark proofgen /tmp/tmphdz04fs0 /tmp/tmphdz04fs0/proo+
    1 root      20   0    3984   3232   2736 S   0.0   0.0   0:00.06 bash
    7 root      20   0    3992   3108   2608 S   0.0   0.0   0:00.08 bash
   13 root      20   0    3988   3228   2716 S   0.0   0.0   0:00.10 bash
  844 root      20   0    7864   2984   2628 R   0.0   0.0   0:00.32 top -bc -d 1 -n 6000
  845 root      20   0   96380  90004  12488 S   0.0   1.1   4:54.71 /usr/local/bin/python3.8 /usr/local/bin/zkay run --blockchain-backend w3-eth-tester .+

top - 22:03:28 up 1 day,  1:57,  0 users,  load average: 2.44, 1.86, 1.06
Tasks:   5 total,   2 running,   3 sleeping,   0 stopped,   0 zombie
%Cpu(s): 37.0 us,  1.1 sy,  0.0 ni, 61.2 id,  0.0 wa,  0.0 hi,  0.7 si,  0.0 st
MiB Mem :   7877.2 total,    932.7 free,   4234.2 used,   2710.3 buff/cache
MiB Swap:   2048.0 total,   2048.0 free,      0.0 used.   3331.8 avail Mem 

  PID USER      PR  NI    VIRT    RES    SHR S  %CPU  %MEM     TIME+ COMMAND
  845 root      20   0   96380  90004  12488 R  14.0   1.1   4:54.85 /usr/local/bin/python3.8 /usr/local/bin/zkay run --blockchain-backend w3-eth-tester .+
    1 root      20   0    3984   3232   2736 S   0.0   0.0   0:00.06 bash
    7 root      20   0    3992   3108   2608 S   0.0   0.0   0:00.08 bash
   13 root      20   0    3988   3228   2716 S   0.0   0.0   0:00.10 bash
  844 root      20   0    7864   2984   2628 R   0.0   0.0   0:00.32 top -bc -d 1 -n 6000

top - 22:03:29 up 1 day,  1:57,  0 users,  load average: 2.44, 1.86, 1.06
Tasks:   5 total,   2 running,   3 sleeping,   0 stopped,   0 zombie
%Cpu(s):  8.6 us,  0.6 sy,  0.0 ni, 89.6 id,  0.1 wa,  0.0 hi,  1.2 si,  0.0 st
MiB Mem :   7877.2 total,   3868.4 free,   1368.5 used,   2640.3 buff/cache
MiB Swap:   2048.0 total,   2048.0 free,      0.0 used.   6197.7 avail Mem 

  PID USER      PR  NI    VIRT    RES    SHR S  %CPU  %MEM     TIME+ COMMAND
  845 root      20   0   96380  90004  12488 R 100.0   1.1   4:55.86 /usr/local/bin/python3.8 /usr/local/bin/zkay run --blockchain-backend w3-eth-tester .+
    1 root      20   0    3984   3232   2736 S   0.0   0.0   0:00.06 bash
    7 root      20   0    3992   3108   2608 S   0.0   0.0   0:00.08 bash
   13 root      20   0    3988   3228   2716 S   0.0   0.0   0:00.10 bash
  844 root      20   0    7864   2984   2628 R   0.0   0.0   0:00.32 top -bc -d 1 -n 6000

top - 22:03:30 up 1 day,  1:57,  0 users,  load average: 2.44, 1.86, 1.06
Tasks:   5 total,   2 running,   3 sleeping,   0 stopped,   0 zombie
%Cpu(s):  8.4 us,  0.6 sy,  0.0 ni, 90.6 id,  0.0 wa,  0.0 hi,  0.4 si,  0.0 st
MiB Mem :   7877.2 total,   3868.4 free,   1368.5 used,   2640.3 buff/cache
MiB Swap:   2048.0 total,   2048.0 free,      0.0 used.   6197.7 avail Mem 

  PID USER      PR  NI    VIRT    RES    SHR S  %CPU  %MEM     TIME+ COMMAND
  845 root      20   0   96380  90004  12488 R 100.0   1.1   4:56.86 /usr/local/bin/python3.8 /usr/local/bin/zkay run --blockchain-backend w3-eth-tester .+
    1 root      20   0    3984   3232   2736 S   0.0   0.0   0:00.06 bash
    7 root      20   0    3992   3108   2608 S   0.0   0.0   0:00.08 bash
   13 root      20   0    3988   3228   2716 S   0.0   0.0   0:00.10 bash
  844 root      20   0    7864   2984   2628 R   0.0   0.0   0:00.32 top -bc -d 1 -n 6000

top - 22:03:31 up 1 day,  1:57,  0 users,  load average: 2.32, 1.84, 1.06
Tasks:   5 total,   2 running,   3 sleeping,   0 stopped,   0 zombie
%Cpu(s):  8.3 us,  0.0 sy,  0.0 ni, 91.7 id,  0.0 wa,  0.0 hi,  0.0 si,  0.0 st
MiB Mem :   7877.2 total,   3868.4 free,   1368.5 used,   2640.3 buff/cache
MiB Swap:   2048.0 total,   2048.0 free,      0.0 used.   6197.7 avail Mem 

  PID USER      PR  NI    VIRT    RES    SHR S  %CPU  %MEM     TIME+ COMMAND
  845 root      20   0   96380  90004  12488 R 100.0   1.1   4:57.86 /usr/local/bin/python3.8 /usr/local/bin/zkay run --blockchain-backend w3-eth-tester .+
    1 root      20   0    3984   3232   2736 S   0.0   0.0   0:00.06 bash
    7 root      20   0    3992   3108   2608 S   0.0   0.0   0:00.08 bash
   13 root      20   0    3988   3228   2716 S   0.0   0.0   0:00.10 bash
  844 root      20   0    7864   2984   2628 R   0.0   0.0   0:00.32 top -bc -d 1 -n 6000

top - 22:03:32 up 1 day,  1:57,  0 users,  load average: 2.32, 1.84, 1.06
Tasks:   5 total,   2 running,   3 sleeping,   0 stopped,   0 zombie
%Cpu(s):  8.3 us,  0.3 sy,  0.0 ni, 91.4 id,  0.0 wa,  0.0 hi,  0.0 si,  0.0 st
MiB Mem :   7877.2 total,   3868.4 free,   1368.5 used,   2640.3 buff/cache
MiB Swap:   2048.0 total,   2048.0 free,      0.0 used.   6197.7 avail Mem 

  PID USER      PR  NI    VIRT    RES    SHR S  %CPU  %MEM     TIME+ COMMAND
  845 root      20   0   96380  90004  12488 R 100.0   1.1   4:58.86 /usr/local/bin/python3.8 /usr/local/bin/zkay run --blockchain-backend w3-eth-tester .+
    1 root      20   0    3984   3232   2736 S   0.0   0.0   0:00.06 bash
    7 root      20   0    3992   3108   2608 S   0.0   0.0   0:00.08 bash
   13 root      20   0    3988   3228   2716 S   0.0   0.0   0:00.10 bash
  844 root      20   0    7864   2984   2628 R   0.0   0.0   0:00.32 top -bc -d 1 -n 6000

top - 22:03:33 up 1 day,  1:57,  0 users,  load average: 2.32, 1.84, 1.06
Tasks:   5 total,   2 running,   3 sleeping,   0 stopped,   0 zombie
%Cpu(s):  8.3 us,  0.0 sy,  0.0 ni, 91.7 id,  0.0 wa,  0.0 hi,  0.0 si,  0.0 st
MiB Mem :   7877.2 total,   3868.4 free,   1368.5 used,   2640.3 buff/cache
MiB Swap:   2048.0 total,   2048.0 free,      0.0 used.   6197.7 avail Mem 

  PID USER      PR  NI    VIRT    RES    SHR S  %CPU  %MEM     TIME+ COMMAND
  845 root      20   0   96380  90004  12488 R 100.0   1.1   4:59.86 /usr/local/bin/python3.8 /usr/local/bin/zkay run --blockchain-backend w3-eth-tester .+
    1 root      20   0    3984   3232   2736 S   0.0   0.0   0:00.06 bash
    7 root      20   0    3992   3108   2608 S   0.0   0.0   0:00.08 bash
   13 root      20   0    3988   3228   2716 S   0.0   0.0   0:00.10 bash
  844 root      20   0    7864   2984   2628 R   0.0   0.0   0:00.32 top -bc -d 1 -n 6000

top - 22:03:34 up 1 day,  1:57,  0 users,  load average: 2.32, 1.84, 1.06
Tasks:   5 total,   2 running,   3 sleeping,   0 stopped,   0 zombie
%Cpu(s):  8.3 us,  0.3 sy,  0.0 ni, 91.3 id,  0.1 wa,  0.0 hi,  0.0 si,  0.0 st
MiB Mem :   7877.2 total,   3868.4 free,   1368.5 used,   2640.3 buff/cache
MiB Swap:   2048.0 total,   2048.0 free,      0.0 used.   6197.7 avail Mem 

  PID USER      PR  NI    VIRT    RES    SHR S  %CPU  %MEM     TIME+ COMMAND
  845 root      20   0   96380  90004  12488 R 100.0   1.1   5:00.86 /usr/local/bin/python3.8 /usr/local/bin/zkay run --blockchain-backend w3-eth-tester .+
    1 root      20   0    3984   3232   2736 S   0.0   0.0   0:00.06 bash
    7 root      20   0    3992   3108   2608 S   0.0   0.0   0:00.08 bash
   13 root      20   0    3988   3228   2716 S   0.0   0.0   0:00.10 bash
  844 root      20   0    7864   2984   2628 R   0.0   0.0   0:00.32 top -bc -d 1 -n 6000

top - 22:03:35 up 1 day,  1:57,  0 users,  load average: 2.32, 1.84, 1.06
Tasks:   5 total,   2 running,   3 sleeping,   0 stopped,   0 zombie
%Cpu(s):  8.3 us,  0.0 sy,  0.0 ni, 91.7 id,  0.0 wa,  0.0 hi,  0.0 si,  0.0 st
MiB Mem :   7877.2 total,   3868.4 free,   1368.5 used,   2640.3 buff/cache
MiB Swap:   2048.0 total,   2048.0 free,      0.0 used.   6197.7 avail Mem 

  PID USER      PR  NI    VIRT    RES    SHR S  %CPU  %MEM     TIME+ COMMAND
  845 root      20   0   96380  90004  12488 R 100.0   1.1   5:01.86 /usr/local/bin/python3.8 /usr/local/bin/zkay run --blockchain-backend w3-eth-tester .+
    1 root      20   0    3984   3232   2736 S   0.0   0.0   0:00.06 bash
    7 root      20   0    3992   3108   2608 S   0.0   0.0   0:00.08 bash
   13 root      20   0    3988   3228   2716 S   0.0   0.0   0:00.10 bash
  844 root      20   0    7864   2984   2628 R   0.0   0.0   0:00.32 top -bc -d 1 -n 6000

top - 22:03:36 up 1 day,  1:57,  0 users,  load average: 2.22, 1.83, 1.06
Tasks:   5 total,   2 running,   3 sleeping,   0 stopped,   0 zombie
%Cpu(s):  8.5 us,  0.3 sy,  0.0 ni, 91.1 id,  0.0 wa,  0.0 hi,  0.1 si,  0.0 st
MiB Mem :   7877.2 total,   3868.4 free,   1368.5 used,   2640.3 buff/cache
MiB Swap:   2048.0 total,   2048.0 free,      0.0 used.   6197.7 avail Mem 

  PID USER      PR  NI    VIRT    RES    SHR S  %CPU  %MEM     TIME+ COMMAND
  845 root      20   0   96380  90004  12488 R 100.0   1.1   5:02.87 /usr/local/bin/python3.8 /usr/local/bin/zkay run --blockchain-backend w3-eth-tester .+
    1 root      20   0    3984   3232   2736 S   0.0   0.0   0:00.06 bash
    7 root      20   0    3992   3108   2608 S   0.0   0.0   0:00.08 bash
   13 root      20   0    3988   3228   2716 S   0.0   0.0   0:00.10 bash
  844 root      20   0    7864   2984   2628 R   0.0   0.0   0:00.32 top -bc -d 1 -n 6000

top - 22:03:37 up 1 day,  1:57,  0 users,  load average: 2.22, 1.83, 1.06
Tasks:   5 total,   2 running,   3 sleeping,   0 stopped,   0 zombie
%Cpu(s):  8.3 us,  0.0 sy,  0.0 ni, 91.7 id,  0.0 wa,  0.0 hi,  0.0 si,  0.0 st
MiB Mem :   7877.2 total,   3868.4 free,   1368.5 used,   2640.3 buff/cache
MiB Swap:   2048.0 total,   2048.0 free,      0.0 used.   6197.7 avail Mem 

  PID USER      PR  NI    VIRT    RES    SHR S  %CPU  %MEM     TIME+ COMMAND
  845 root      20   0   96380  90004  12488 R 100.0   1.1   5:03.87 /usr/local/bin/python3.8 /usr/local/bin/zkay run --blockchain-backend w3-eth-tester .+
    1 root      20   0    3984   3232   2736 S   0.0   0.0   0:00.06 bash
    7 root      20   0    3992   3108   2608 S   0.0   0.0   0:00.08 bash
   13 root      20   0    3988   3228   2716 S   0.0   0.0   0:00.10 bash
  844 root      20   0    7864   2984   2628 R   0.0   0.0   0:00.32 top -bc -d 1 -n 6000

top - 22:03:38 up 1 day,  1:57,  0 users,  load average: 2.22, 1.83, 1.06
Tasks:   5 total,   2 running,   3 sleeping,   0 stopped,   0 zombie
%Cpu(s):  8.3 us,  0.3 sy,  0.0 ni, 91.4 id,  0.0 wa,  0.0 hi,  0.0 si,  0.0 st
MiB Mem :   7877.2 total,   3866.4 free,   1370.5 used,   2640.3 buff/cache
MiB Swap:   2048.0 total,   2048.0 free,      0.0 used.   6195.7 avail Mem 

  PID USER      PR  NI    VIRT    RES    SHR S  %CPU  %MEM     TIME+ COMMAND
  845 root      20   0   96380  90004  12488 R 100.0   1.1   5:04.87 /usr/local/bin/python3.8 /usr/local/bin/zkay run --blockchain-backend w3-eth-tester .+
    1 root      20   0    3984   3232   2736 S   0.0   0.0   0:00.06 bash
    7 root      20   0    3992   3108   2608 S   0.0   0.0   0:00.08 bash
   13 root      20   0    3988   3228   2716 S   0.0   0.0   0:00.10 bash
  844 root      20   0    7864   2984   2628 R   0.0   0.0   0:00.32 top -bc -d 1 -n 6000

top - 22:03:39 up 1 day,  1:57,  0 users,  load average: 2.22, 1.83, 1.06
Tasks:   5 total,   2 running,   3 sleeping,   0 stopped,   0 zombie
%Cpu(s):  8.5 us,  0.1 sy,  0.0 ni, 89.9 id,  0.0 wa,  0.0 hi,  1.5 si,  0.0 st
MiB Mem :   7877.2 total,   3866.4 free,   1370.5 used,   2640.3 buff/cache
MiB Swap:   2048.0 total,   2048.0 free,      0.0 used.   6195.7 avail Mem 

  PID USER      PR  NI    VIRT    RES    SHR S  %CPU  %MEM     TIME+ COMMAND
  845 root      20   0   96380  90004  12488 R 100.0   1.1   5:05.87 /usr/local/bin/python3.8 /usr/local/bin/zkay run --blockchain-backend w3-eth-tester .+
    1 root      20   0    3984   3232   2736 S   0.0   0.0   0:00.06 bash
    7 root      20   0    3992   3108   2608 S   0.0   0.0   0:00.08 bash
   13 root      20   0    3988   3228   2716 S   0.0   0.0   0:00.10 bash
  844 root      20   0    7864   2984   2628 R   0.0   0.0   0:00.32 top -bc -d 1 -n 6000

top - 22:03:40 up 1 day,  1:57,  0 users,  load average: 2.22, 1.83, 1.06
Tasks:   5 total,   2 running,   3 sleeping,   0 stopped,   0 zombie
%Cpu(s):  8.4 us,  0.4 sy,  0.0 ni, 90.9 id,  0.1 wa,  0.0 hi,  0.2 si,  0.0 st
MiB Mem :   7877.2 total,   3866.4 free,   1370.5 used,   2640.3 buff/cache
MiB Swap:   2048.0 total,   2048.0 free,      0.0 used.   6195.7 avail Mem 

  PID USER      PR  NI    VIRT    RES    SHR S  %CPU  %MEM     TIME+ COMMAND
  845 root      20   0   96380  90004  12488 R 100.0   1.1   5:06.87 /usr/local/bin/python3.8 /usr/local/bin/zkay run --blockchain-backend w3-eth-tester .+
    1 root      20   0    3984   3232   2736 S   0.0   0.0   0:00.06 bash
    7 root      20   0    3992   3108   2608 S   0.0   0.0   0:00.08 bash
   13 root      20   0    3988   3228   2716 S   0.0   0.0   0:00.10 bash
  844 root      20   0    7864   2984   2628 R   0.0   0.0   0:00.32 top -bc -d 1 -n 6000

top - 22:03:41 up 1 day,  1:57,  0 users,  load average: 2.12, 1.81, 1.06
Tasks:   5 total,   2 running,   3 sleeping,   0 stopped,   0 zombie
%Cpu(s):  8.3 us,  0.1 sy,  0.0 ni, 91.6 id,  0.0 wa,  0.0 hi,  0.0 si,  0.0 st
MiB Mem :   7877.2 total,   3864.7 free,   1372.1 used,   2640.3 buff/cache
MiB Swap:   2048.0 total,   2048.0 free,      0.0 used.   6194.0 avail Mem 

  PID USER      PR  NI    VIRT    RES    SHR S  %CPU  %MEM     TIME+ COMMAND
  845 root      20   0   96380  90004  12488 R 100.0   1.1   5:07.87 /usr/local/bin/python3.8 /usr/local/bin/zkay run --blockchain-backend w3-eth-tester .+
    1 root      20   0    3984   3232   2736 S   0.0   0.0   0:00.06 bash
    7 root      20   0    3992   3108   2608 S   0.0   0.0   0:00.08 bash
   13 root      20   0    3988   3228   2716 S   0.0   0.0   0:00.10 bash
  844 root      20   0    7864   2984   2628 R   0.0   0.0   0:00.32 top -bc -d 1 -n 6000

top - 22:03:42 up 1 day,  1:57,  0 users,  load average: 2.12, 1.81, 1.06
Tasks:   5 total,   2 running,   3 sleeping,   0 stopped,   0 zombie
%Cpu(s):  8.3 us,  0.1 sy,  0.0 ni, 91.6 id,  0.0 wa,  0.0 hi,  0.0 si,  0.0 st
MiB Mem :   7877.2 total,   3864.7 free,   1372.1 used,   2640.3 buff/cache
MiB Swap:   2048.0 total,   2048.0 free,      0.0 used.   6194.0 avail Mem 

  PID USER      PR  NI    VIRT    RES    SHR S  %CPU  %MEM     TIME+ COMMAND
  845 root      20   0   96380  90004  12488 R 100.0   1.1   5:08.87 /usr/local/bin/python3.8 /usr/local/bin/zkay run --blockchain-backend w3-eth-tester .+
    1 root      20   0    3984   3232   2736 S   0.0   0.0   0:00.06 bash
    7 root      20   0    3992   3108   2608 S   0.0   0.0   0:00.08 bash
   13 root      20   0    3988   3228   2716 S   0.0   0.0   0:00.10 bash
  844 root      20   0    7864   2984   2628 R   0.0   0.0   0:00.32 top -bc -d 1 -n 6000

top - 22:03:43 up 1 day,  1:57,  0 users,  load average: 2.12, 1.81, 1.06
Tasks:   5 total,   2 running,   3 sleeping,   0 stopped,   0 zombie
%Cpu(s):  8.3 us,  0.0 sy,  0.0 ni, 91.7 id,  0.0 wa,  0.0 hi,  0.0 si,  0.0 st
MiB Mem :   7877.2 total,   3864.7 free,   1372.1 used,   2640.3 buff/cache
MiB Swap:   2048.0 total,   2048.0 free,      0.0 used.   6194.0 avail Mem 

  PID USER      PR  NI    VIRT    RES    SHR S  %CPU  %MEM     TIME+ COMMAND
  845 root      20   0   96380  90004  12488 R 100.0   1.1   5:09.87 /usr/local/bin/python3.8 /usr/local/bin/zkay run --blockchain-backend w3-eth-tester .+
    1 root      20   0    3984   3232   2736 S   0.0   0.0   0:00.06 bash
    7 root      20   0    3992   3108   2608 S   0.0   0.0   0:00.08 bash
   13 root      20   0    3988   3228   2716 S   0.0   0.0   0:00.10 bash
  844 root      20   0    7864   2984   2628 R   0.0   0.0   0:00.32 top -bc -d 1 -n 6000

top - 22:03:44 up 1 day,  1:57,  0 users,  load average: 2.12, 1.81, 1.06
Tasks:   5 total,   2 running,   3 sleeping,   0 stopped,   0 zombie
%Cpu(s):  8.4 us,  0.0 sy,  0.0 ni, 91.6 id,  0.0 wa,  0.0 hi,  0.0 si,  0.0 st
MiB Mem :   7877.2 total,   3864.7 free,   1372.1 used,   2640.3 buff/cache
MiB Swap:   2048.0 total,   2048.0 free,      0.0 used.   6194.0 avail Mem 

  PID USER      PR  NI    VIRT    RES    SHR S  %CPU  %MEM     TIME+ COMMAND
  845 root      20   0   96380  90004  12488 R 100.0   1.1   5:10.88 /usr/local/bin/python3.8 /usr/local/bin/zkay run --blockchain-backend w3-eth-tester .+
    1 root      20   0    3984   3232   2736 S   0.0   0.0   0:00.06 bash
    7 root      20   0    3992   3108   2608 S   0.0   0.0   0:00.08 bash
   13 root      20   0    3988   3228   2716 S   0.0   0.0   0:00.10 bash
  844 root      20   0    7864   2984   2628 R   0.0   0.0   0:00.32 top -bc -d 1 -n 6000

top - 22:03:45 up 1 day,  1:57,  0 users,  load average: 2.12, 1.81, 1.06
Tasks:   6 total,   1 running,   5 sleeping,   0 stopped,   0 zombie
%Cpu(s): 22.0 us,  2.2 sy,  0.0 ni, 75.5 id,  0.1 wa,  0.0 hi,  0.3 si,  0.0 st
MiB Mem :   7877.2 total,   3864.7 free,   1372.1 used,   2640.3 buff/cache
MiB Swap:   2048.0 total,   2048.0 free,      0.0 used.   6194.0 avail Mem 

  PID USER      PR  NI    VIRT    RES    SHR S  %CPU  %MEM     TIME+ COMMAND
 1706 root      20   0   20.2g 377536  25632 S 253.0   4.7   0:02.53 java -Xms4096m -Xmx16384m -cp /zkay/zkay/jsnark_interface/JsnarkCircuitBuilder.jar:/z+
  845 root      20   0   96380  90004  12488 S  34.0   1.1   5:11.22 /usr/local/bin/python3.8 /usr/local/bin/zkay run --blockchain-backend w3-eth-tester .+
  844 root      20   0    7864   2984   2628 R   1.0   0.0   0:00.33 top -bc -d 1 -n 6000
    1 root      20   0    3984   3232   2736 S   0.0   0.0   0:00.06 bash
    7 root      20   0    3992   3108   2608 S   0.0   0.0   0:00.08 bash
   13 root      20   0    3988   3228   2716 S   0.0   0.0   0:00.10 bash

top - 22:03:46 up 1 day,  1:57,  0 users,  load average: 2.27, 1.85, 1.07
Tasks:   6 total,   2 running,   4 sleeping,   0 stopped,   0 zombie
%Cpu(s): 23.4 us,  1.7 sy,  0.0 ni, 73.6 id,  0.1 wa,  0.0 hi,  1.2 si,  0.0 st
MiB Mem :   7877.2 total,   3864.7 free,   1372.1 used,   2640.3 buff/cache
MiB Swap:   2048.0 total,   2048.0 free,      0.0 used.   6194.0 avail Mem 

  PID USER      PR  NI    VIRT    RES    SHR S  %CPU  %MEM     TIME+ COMMAND
 1743 root      20   0   48640  43944   5000 R  32.0   0.5   0:00.32 /zkay/zkay/jsnark_interface/run_snark proofgen /tmp/tmpu3b1jxfm /tmp/tmpu3b1jxfm/proo+
    1 root      20   0    3984   3232   2736 S   0.0   0.0   0:00.06 bash
    7 root      20   0    3992   3108   2608 S   0.0   0.0   0:00.08 bash
   13 root      20   0    3988   3228   2716 S   0.0   0.0   0:00.10 bash
  844 root      20   0    7864   2984   2628 R   0.0   0.0   0:00.33 top -bc -d 1 -n 6000
  845 root      20   0   96380  90004  12488 S   0.0   1.1   5:11.22 /usr/local/bin/python3.8 /usr/local/bin/zkay run --blockchain-backend w3-eth-tester .+

top - 22:03:47 up 1 day,  1:57,  0 users,  load average: 2.27, 1.85, 1.07
Tasks:   6 total,   2 running,   4 sleeping,   0 stopped,   0 zombie
%Cpu(s):  8.1 us,  0.3 sy,  0.0 ni, 91.6 id,  0.0 wa,  0.0 hi,  0.0 si,  0.0 st
MiB Mem :   7877.2 total,   3633.1 free,   1575.4 used,   2668.6 buff/cache
MiB Swap:   2048.0 total,   2048.0 free,      0.0 used.   5990.7 avail Mem 

  PID USER      PR  NI    VIRT    RES    SHR S  %CPU  %MEM     TIME+ COMMAND
 1743 root      20   0  222196 216996   5084 R 100.0   2.7   0:01.32 /zkay/zkay/jsnark_interface/run_snark proofgen /tmp/tmpu3b1jxfm /tmp/tmpu3b1jxfm/proo+
    1 root      20   0    3984   3232   2736 S   0.0   0.0   0:00.06 bash
    7 root      20   0    3992   3108   2608 S   0.0   0.0   0:00.08 bash
   13 root      20   0    3988   3228   2716 S   0.0   0.0   0:00.10 bash
  844 root      20   0    7864   2984   2628 R   0.0   0.0   0:00.33 top -bc -d 1 -n 6000
  845 root      20   0   96380  90004  12488 S   0.0   1.1   5:11.22 /usr/local/bin/python3.8 /usr/local/bin/zkay run --blockchain-backend w3-eth-tester .+

top - 22:03:48 up 1 day,  1:57,  0 users,  load average: 2.27, 1.85, 1.07
Tasks:   6 total,   2 running,   4 sleeping,   0 stopped,   0 zombie
%Cpu(s):  7.6 us,  0.9 sy,  0.0 ni, 91.5 id,  0.0 wa,  0.0 hi,  0.0 si,  0.0 st
MiB Mem :   7877.2 total,   3633.1 free,   1575.4 used,   2668.6 buff/cache
MiB Swap:   2048.0 total,   2048.0 free,      0.0 used.   5990.7 avail Mem 

  PID USER      PR  NI    VIRT    RES    SHR S  %CPU  %MEM     TIME+ COMMAND
 1743 root      20   0  482664 476096   5084 R 100.0   5.9   0:02.32 /zkay/zkay/jsnark_interface/run_snark proofgen /tmp/tmpu3b1jxfm /tmp/tmpu3b1jxfm/proo+
    1 root      20   0    3984   3232   2736 S   0.0   0.0   0:00.06 bash
    7 root      20   0    3992   3108   2608 S   0.0   0.0   0:00.08 bash
   13 root      20   0    3988   3228   2716 S   0.0   0.0   0:00.10 bash
  844 root      20   0    7864   2984   2628 R   0.0   0.0   0:00.33 top -bc -d 1 -n 6000
  845 root      20   0   96380  90004  12488 S   0.0   1.1   5:11.22 /usr/local/bin/python3.8 /usr/local/bin/zkay run --blockchain-backend w3-eth-tester .+

top - 22:03:49 up 1 day,  1:57,  0 users,  load average: 2.27, 1.85, 1.07
Tasks:   6 total,   2 running,   4 sleeping,   0 stopped,   0 zombie
%Cpu(s):  8.3 us,  0.8 sy,  0.0 ni, 89.7 id,  0.0 wa,  0.0 hi,  1.2 si,  0.0 st
MiB Mem :   7877.2 total,   3633.1 free,   1575.4 used,   2668.6 buff/cache
MiB Swap:   2048.0 total,   2048.0 free,      0.0 used.   5990.7 avail Mem 

  PID USER      PR  NI    VIRT    RES    SHR S  %CPU  %MEM     TIME+ COMMAND
 1743 root      20   0  686376 680240   5084 R 100.0   8.4   0:03.32 /zkay/zkay/jsnark_interface/run_snark proofgen /tmp/tmpu3b1jxfm /tmp/tmpu3b1jxfm/proo+
    1 root      20   0    3984   3232   2736 S   0.0   0.0   0:00.06 bash
    7 root      20   0    3992   3108   2608 S   0.0   0.0   0:00.08 bash
   13 root      20   0    3988   3228   2716 S   0.0   0.0   0:00.10 bash
  844 root      20   0    7864   2984   2628 R   0.0   0.0   0:00.33 top -bc -d 1 -n 6000
  845 root      20   0   96380  90004  12488 S   0.0   1.1   5:11.22 /usr/local/bin/python3.8 /usr/local/bin/zkay run --blockchain-backend w3-eth-tester .+

top - 22:03:50 up 1 day,  1:57,  0 users,  load average: 2.27, 1.85, 1.07
Tasks:   6 total,   2 running,   4 sleeping,   0 stopped,   0 zombie
%Cpu(s):  8.1 us,  0.2 sy,  0.0 ni, 91.4 id,  0.0 wa,  0.0 hi,  0.2 si,  0.0 st
MiB Mem :   7877.2 total,   3062.9 free,   2145.7 used,   2668.6 buff/cache
MiB Swap:   2048.0 total,   2048.0 free,      0.0 used.   5420.5 avail Mem 

  PID USER      PR  NI    VIRT    RES    SHR S  %CPU  %MEM     TIME+ COMMAND
 1743 root      20   0  804036 798248   5084 R 100.0   9.9   0:04.33 /zkay/zkay/jsnark_interface/run_snark proofgen /tmp/tmpu3b1jxfm /tmp/tmpu3b1jxfm/proo+
    1 root      20   0    3984   3232   2736 S   0.0   0.0   0:00.06 bash
    7 root      20   0    3992   3108   2608 S   0.0   0.0   0:00.08 bash
   13 root      20   0    3988   3228   2716 S   0.0   0.0   0:00.10 bash
  844 root      20   0    7864   2984   2628 R   0.0   0.0   0:00.33 top -bc -d 1 -n 6000
  845 root      20   0   96380  90004  12488 S   0.0   1.1   5:11.22 /usr/local/bin/python3.8 /usr/local/bin/zkay run --blockchain-backend w3-eth-tester .+

top - 22:03:51 up 1 day,  1:57,  0 users,  load average: 2.17, 1.84, 1.07
Tasks:   6 total,   2 running,   4 sleeping,   0 stopped,   0 zombie
%Cpu(s):  8.2 us,  0.1 sy,  0.0 ni, 91.7 id,  0.0 wa,  0.0 hi,  0.0 si,  0.0 st
MiB Mem :   7877.2 total,   3062.9 free,   2145.7 used,   2668.6 buff/cache
MiB Swap:   2048.0 total,   2048.0 free,      0.0 used.   5420.5 avail Mem 

  PID USER      PR  NI    VIRT    RES    SHR S  %CPU  %MEM     TIME+ COMMAND
 1743 root      20   0  762260 757056   5084 R 100.0   9.4   0:05.33 /zkay/zkay/jsnark_interface/run_snark proofgen /tmp/tmpu3b1jxfm /tmp/tmpu3b1jxfm/proo+
    1 root      20   0    3984   3232   2736 S   0.0   0.0   0:00.06 bash
    7 root      20   0    3992   3108   2608 S   0.0   0.0   0:00.08 bash
   13 root      20   0    3988   3228   2716 S   0.0   0.0   0:00.10 bash
  844 root      20   0    7864   2984   2628 R   0.0   0.0   0:00.33 top -bc -d 1 -n 6000
  845 root      20   0   96380  90004  12488 S   0.0   1.1   5:11.22 /usr/local/bin/python3.8 /usr/local/bin/zkay run --blockchain-backend w3-eth-tester .+

top - 22:03:52 up 1 day,  1:57,  0 users,  load average: 2.17, 1.84, 1.07
Tasks:   6 total,   2 running,   4 sleeping,   0 stopped,   0 zombie
%Cpu(s):  8.2 us,  0.2 sy,  0.0 ni, 91.3 id,  0.2 wa,  0.0 hi,  0.1 si,  0.0 st
MiB Mem :   7877.2 total,   3062.9 free,   2145.7 used,   2668.6 buff/cache
MiB Swap:   2048.0 total,   2048.0 free,      0.0 used.   5420.5 avail Mem 

  PID USER      PR  NI    VIRT    RES    SHR S  %CPU  %MEM     TIME+ COMMAND
 1743 root      20   0  984136 910424   5084 R 100.0  11.3   0:06.33 /zkay/zkay/jsnark_interface/run_snark proofgen /tmp/tmpu3b1jxfm /tmp/tmpu3b1jxfm/proo+
    1 root      20   0    3984   3232   2736 S   0.0   0.0   0:00.06 bash
    7 root      20   0    3992   3108   2608 S   0.0   0.0   0:00.08 bash
   13 root      20   0    3988   3228   2716 S   0.0   0.0   0:00.10 bash
  844 root      20   0    7864   2984   2628 R   0.0   0.0   0:00.33 top -bc -d 1 -n 6000
  845 root      20   0   96380  90004  12488 S   0.0   1.1   5:11.22 /usr/local/bin/python3.8 /usr/local/bin/zkay run --blockchain-backend w3-eth-tester .+

top - 22:03:53 up 1 day,  1:57,  0 users,  load average: 2.17, 1.84, 1.07
Tasks:   6 total,   2 running,   4 sleeping,   0 stopped,   0 zombie
%Cpu(s):  9.7 us,  1.1 sy,  0.0 ni, 89.2 id,  0.0 wa,  0.0 hi,  0.0 si,  0.0 st
MiB Mem :   7877.2 total,   2720.2 free,   2488.2 used,   2668.8 buff/cache
MiB Swap:   2048.0 total,   2048.0 free,      0.0 used.   5077.7 avail Mem 

  PID USER      PR  NI    VIRT    RES    SHR S  %CPU  %MEM     TIME+ COMMAND
 1743 root      20   0 1946984   1.1g   5084 R 138.0  14.3   0:07.71 /zkay/zkay/jsnark_interface/run_snark proofgen /tmp/tmpu3b1jxfm /tmp/tmpu3b1jxfm/proo+
    1 root      20   0    3984   3232   2736 S   0.0   0.0   0:00.06 bash
    7 root      20   0    3992   3108   2608 S   0.0   0.0   0:00.08 bash
   13 root      20   0    3988   3228   2716 S   0.0   0.0   0:00.10 bash
  844 root      20   0    7864   2984   2628 R   0.0   0.0   0:00.33 top -bc -d 1 -n 6000
  845 root      20   0   96380  90004  12488 S   0.0   1.1   5:11.22 /usr/local/bin/python3.8 /usr/local/bin/zkay run --blockchain-backend w3-eth-tester .+

top - 22:03:54 up 1 day,  1:58,  0 users,  load average: 2.17, 1.84, 1.07
Tasks:   6 total,   2 running,   4 sleeping,   0 stopped,   0 zombie
%Cpu(s): 55.0 us,  4.9 sy,  0.0 ni, 40.2 id,  0.0 wa,  0.0 hi,  0.0 si,  0.0 st
MiB Mem :   7877.2 total,   2720.2 free,   2488.2 used,   2668.8 buff/cache
MiB Swap:   2048.0 total,   2048.0 free,      0.0 used.   5077.7 avail Mem 

  PID USER      PR  NI    VIRT    RES    SHR S  %CPU  %MEM     TIME+ COMMAND
 1743 root      20   0 1866748   1.2g   5084 R 724.0  16.1   0:14.95 /zkay/zkay/jsnark_interface/run_snark proofgen /tmp/tmpu3b1jxfm /tmp/tmpu3b1jxfm/proo+
    1 root      20   0    3984   3232   2736 S   0.0   0.0   0:00.06 bash
    7 root      20   0    3992   3108   2608 S   0.0   0.0   0:00.08 bash
   13 root      20   0    3988   3228   2716 S   0.0   0.0   0:00.10 bash
  844 root      20   0    7864   2984   2628 R   0.0   0.0   0:00.33 top -bc -d 1 -n 6000
  845 root      20   0   96380  90004  12488 S   0.0   1.1   5:11.22 /usr/local/bin/python3.8 /usr/local/bin/zkay run --blockchain-backend w3-eth-tester .+

top - 22:03:55 up 1 day,  1:58,  0 users,  load average: 2.17, 1.84, 1.07
Tasks:   6 total,   2 running,   4 sleeping,   0 stopped,   0 zombie
%Cpu(s):  8.2 us,  0.1 sy,  0.0 ni, 91.7 id,  0.0 wa,  0.0 hi,  0.0 si,  0.0 st
MiB Mem :   7877.2 total,   2720.2 free,   2488.2 used,   2668.8 buff/cache
MiB Swap:   2048.0 total,   2048.0 free,      0.0 used.   5077.7 avail Mem 

  PID USER      PR  NI    VIRT    RES    SHR S  %CPU  %MEM     TIME+ COMMAND
 1743 root      20   0 1854616   1.2g   5084 R 100.0  16.0   0:15.95 /zkay/zkay/jsnark_interface/run_snark proofgen /tmp/tmpu3b1jxfm /tmp/tmpu3b1jxfm/proo+
    1 root      20   0    3984   3232   2736 S   0.0   0.0   0:00.06 bash
    7 root      20   0    3992   3108   2608 S   0.0   0.0   0:00.08 bash
   13 root      20   0    3988   3228   2716 S   0.0   0.0   0:00.10 bash
  844 root      20   0    7864   2984   2628 R   0.0   0.0   0:00.33 top -bc -d 1 -n 6000
  845 root      20   0   96380  90004  12488 S   0.0   1.1   5:11.22 /usr/local/bin/python3.8 /usr/local/bin/zkay run --blockchain-backend w3-eth-tester .+

top - 22:03:56 up 1 day,  1:58,  0 users,  load average: 2.07, 1.82, 1.07
Tasks:   6 total,   2 running,   4 sleeping,   0 stopped,   0 zombie
%Cpu(s): 13.0 us,  0.2 sy,  0.0 ni, 86.9 id,  0.0 wa,  0.0 hi,  0.0 si,  0.0 st
MiB Mem :   7877.2 total,   2588.1 free,   2620.4 used,   2668.8 buff/cache
MiB Swap:   2048.0 total,   2048.0 free,      0.0 used.   4945.6 avail Mem 

  PID USER      PR  NI    VIRT    RES    SHR S  %CPU  %MEM     TIME+ COMMAND
 1743 root      20   0 1854616   1.2g   5084 R 156.0  16.0   0:17.51 /zkay/zkay/jsnark_interface/run_snark proofgen /tmp/tmpu3b1jxfm /tmp/tmpu3b1jxfm/proo+
    1 root      20   0    3984   3232   2736 S   0.0   0.0   0:00.06 bash
    7 root      20   0    3992   3108   2608 S   0.0   0.0   0:00.08 bash
   13 root      20   0    3988   3228   2716 S   0.0   0.0   0:00.10 bash
  844 root      20   0    7864   2984   2628 R   0.0   0.0   0:00.33 top -bc -d 1 -n 6000
  845 root      20   0   96380  90004  12488 S   0.0   1.1   5:11.22 /usr/local/bin/python3.8 /usr/local/bin/zkay run --blockchain-backend w3-eth-tester .+

top - 22:03:57 up 1 day,  1:58,  0 users,  load average: 2.07, 1.82, 1.07
Tasks:   6 total,   2 running,   4 sleeping,   0 stopped,   0 zombie
%Cpu(s): 29.5 us,  0.0 sy,  0.0 ni, 70.2 id,  0.0 wa,  0.0 hi,  0.2 si,  0.0 st
MiB Mem :   7877.2 total,   2588.1 free,   2620.4 used,   2668.8 buff/cache
MiB Swap:   2048.0 total,   2048.0 free,      0.0 used.   4945.6 avail Mem 

  PID USER      PR  NI    VIRT    RES    SHR S  %CPU  %MEM     TIME+ COMMAND
 1743 root      20   0 1854616   1.2g   5084 R 348.5  16.0   0:21.03 /zkay/zkay/jsnark_interface/run_snark proofgen /tmp/tmpu3b1jxfm /tmp/tmpu3b1jxfm/proo+
    1 root      20   0    3984   3232   2736 S   0.0   0.0   0:00.06 bash
    7 root      20   0    3992   3108   2608 S   0.0   0.0   0:00.08 bash
   13 root      20   0    3988   3228   2716 S   0.0   0.0   0:00.10 bash
  844 root      20   0    7864   2984   2628 R   0.0   0.0   0:00.33 top -bc -d 1 -n 6000
  845 root      20   0   96380  90004  12488 S   0.0   1.1   5:11.22 /usr/local/bin/python3.8 /usr/local/bin/zkay run --blockchain-backend w3-eth-tester .+

top - 22:03:58 up 1 day,  1:58,  0 users,  load average: 2.07, 1.82, 1.07
Tasks:   6 total,   2 running,   4 sleeping,   0 stopped,   0 zombie
%Cpu(s): 44.9 us,  0.1 sy,  0.0 ni, 54.8 id,  0.2 wa,  0.0 hi,  0.1 si,  0.0 st
MiB Mem :   7877.2 total,   2588.1 free,   2620.4 used,   2668.8 buff/cache
MiB Swap:   2048.0 total,   2048.0 free,      0.0 used.   4945.6 avail Mem 

  PID USER      PR  NI    VIRT    RES    SHR S  %CPU  %MEM     TIME+ COMMAND
 1743 root      20   0 1854616   1.2g   5084 R 543.0  16.0   0:26.46 /zkay/zkay/jsnark_interface/run_snark proofgen /tmp/tmpu3b1jxfm /tmp/tmpu3b1jxfm/proo+
    1 root      20   0    3984   3232   2736 S   0.0   0.0   0:00.06 bash
    7 root      20   0    3992   3108   2608 S   0.0   0.0   0:00.08 bash
   13 root      20   0    3988   3228   2716 S   0.0   0.0   0:00.10 bash
  844 root      20   0    7864   2984   2628 R   0.0   0.0   0:00.33 top -bc -d 1 -n 6000
  845 root      20   0   96380  90004  12488 S   0.0   1.1   5:11.22 /usr/local/bin/python3.8 /usr/local/bin/zkay run --blockchain-backend w3-eth-tester .+

top - 22:03:59 up 1 day,  1:58,  0 users,  load average: 2.07, 1.82, 1.07
Tasks:   6 total,   2 running,   4 sleeping,   0 stopped,   0 zombie
%Cpu(s): 97.7 us,  0.1 sy,  0.0 ni,  2.2 id,  0.0 wa,  0.0 hi,  0.1 si,  0.0 st
MiB Mem :   7877.2 total,   2587.1 free,   2621.3 used,   2668.8 buff/cache
MiB Swap:   2048.0 total,   2048.0 free,      0.0 used.   4944.7 avail Mem 

  PID USER      PR  NI    VIRT    RES    SHR S  %CPU  %MEM     TIME+ COMMAND
 1743 root      20   0 1854616   1.2g   5084 R  1163  16.0   0:38.09 /zkay/zkay/jsnark_interface/run_snark proofgen /tmp/tmpu3b1jxfm /tmp/tmpu3b1jxfm/proo+
    1 root      20   0    3984   3232   2736 S   0.0   0.0   0:00.06 bash
    7 root      20   0    3992   3108   2608 S   0.0   0.0   0:00.08 bash
   13 root      20   0    3988   3228   2716 S   0.0   0.0   0:00.10 bash
  844 root      20   0    7864   2984   2628 R   0.0   0.0   0:00.33 top -bc -d 1 -n 6000
  845 root      20   0   96380  90004  12488 S   0.0   1.1   5:11.22 /usr/local/bin/python3.8 /usr/local/bin/zkay run --blockchain-backend w3-eth-tester .+

top - 22:04:00 up 1 day,  1:58,  0 users,  load average: 2.07, 1.82, 1.07
Tasks:   6 total,   1 running,   4 sleeping,   0 stopped,   1 zombie
%Cpu(s): 78.8 us,  0.2 sy,  0.0 ni, 20.9 id,  0.1 wa,  0.0 hi,  0.0 si,  0.0 st
MiB Mem :   7877.2 total,   2587.1 free,   2621.3 used,   2668.8 buff/cache
MiB Swap:   2048.0 total,   2048.0 free,      0.0 used.   4944.7 avail Mem 

  PID USER      PR  NI    VIRT    RES    SHR S  %CPU  %MEM     TIME+ COMMAND
 1743 root      20   0       0      0      0 Z 200.0   0.0   0:47.57 [run_snark] <defunct>
    1 root      20   0    3984   3232   2736 S   0.0   0.0   0:00.06 bash
    7 root      20   0    3992   3108   2608 S   0.0   0.0   0:00.08 bash
   13 root      20   0    3988   3228   2716 S   0.0   0.0   0:00.10 bash
  844 root      20   0    7864   2984   2628 R   0.0   0.0   0:00.33 top -bc -d 1 -n 6000
  845 root      20   0   96380  90004  12488 S   0.0   1.1   5:11.22 /usr/local/bin/python3.8 /usr/local/bin/zkay run --blockchain-backend w3-eth-tester .+

top - 22:04:01 up 1 day,  1:58,  0 users,  load average: 1.99, 1.81, 1.07
Tasks:   5 total,   2 running,   3 sleeping,   0 stopped,   0 zombie
%Cpu(s):  8.0 us,  0.7 sy,  0.0 ni, 91.0 id,  0.0 wa,  0.0 hi,  0.2 si,  0.0 st
MiB Mem :   7877.2 total,   2587.1 free,   2621.3 used,   2668.8 buff/cache
MiB Swap:   2048.0 total,   2048.0 free,      0.0 used.   4944.7 avail Mem 

  PID USER      PR  NI    VIRT    RES    SHR S  %CPU  %MEM     TIME+ COMMAND
  845 root      20   0   96380  90004  12488 R  96.0   1.1   5:12.18 /usr/local/bin/python3.8 /usr/local/bin/zkay run --blockchain-backend w3-eth-tester .+
    1 root      20   0    3984   3232   2736 S   0.0   0.0   0:00.06 bash
    7 root      20   0    3992   3108   2608 S   0.0   0.0   0:00.08 bash
   13 root      20   0    3988   3228   2716 S   0.0   0.0   0:00.10 bash
  844 root      20   0    7864   2984   2628 R   0.0   0.0   0:00.33 top -bc -d 1 -n 6000

top - 22:04:02 up 1 day,  1:58,  0 users,  load average: 1.99, 1.81, 1.07
Tasks:   5 total,   2 running,   3 sleeping,   0 stopped,   0 zombie
%Cpu(s):  8.3 us,  0.0 sy,  0.0 ni, 91.6 id,  0.0 wa,  0.0 hi,  0.1 si,  0.0 st
MiB Mem :   7877.2 total,   3866.6 free,   1370.1 used,   2640.5 buff/cache
MiB Swap:   2048.0 total,   2048.0 free,      0.0 used.   6195.8 avail Mem 

  PID USER      PR  NI    VIRT    RES    SHR S  %CPU  %MEM     TIME+ COMMAND
  845 root      20   0   96380  90004  12488 R 100.0   1.1   5:13.18 /usr/local/bin/python3.8 /usr/local/bin/zkay run --blockchain-backend w3-eth-tester .+
    1 root      20   0    3984   3232   2736 S   0.0   0.0   0:00.06 bash
    7 root      20   0    3992   3108   2608 S   0.0   0.0   0:00.08 bash
   13 root      20   0    3988   3228   2716 S   0.0   0.0   0:00.10 bash
  844 root      20   0    7864   2984   2628 R   0.0   0.0   0:00.33 top -bc -d 1 -n 6000

top - 22:04:03 up 1 day,  1:58,  0 users,  load average: 1.99, 1.81, 1.07
Tasks:   5 total,   1 running,   4 sleeping,   0 stopped,   0 zombie
%Cpu(s):  8.3 us,  0.3 sy,  0.0 ni, 91.3 id,  0.0 wa,  0.0 hi,  0.0 si,  0.0 st
MiB Mem :   7877.2 total,   3866.6 free,   1370.1 used,   2640.5 buff/cache
MiB Swap:   2048.0 total,   2048.0 free,      0.0 used.   6195.8 avail Mem 

  PID USER      PR  NI    VIRT    RES    SHR S  %CPU  %MEM     TIME+ COMMAND
  845 root      20   0   96380  90004  12488 D 100.0   1.1   5:14.19 /usr/local/bin/python3.8 /usr/local/bin/zkay run --blockchain-backend w3-eth-tester .+
    1 root      20   0    3984   3232   2736 S   0.0   0.0   0:00.06 bash
    7 root      20   0    3992   3108   2608 S   0.0   0.0   0:00.08 bash
   13 root      20   0    3988   3228   2716 S   0.0   0.0   0:00.10 bash
  844 root      20   0    7864   2984   2628 R   0.0   0.0   0:00.33 top -bc -d 1 -n 6000

top - 22:04:04 up 1 day,  1:58,  0 users,  load average: 1.99, 1.81, 1.07
Tasks:   5 total,   2 running,   3 sleeping,   0 stopped,   0 zombie
%Cpu(s):  8.3 us,  0.0 sy,  0.0 ni, 91.5 id,  0.2 wa,  0.0 hi,  0.0 si,  0.0 st
MiB Mem :   7877.2 total,   3866.6 free,   1370.1 used,   2640.5 buff/cache
MiB Swap:   2048.0 total,   2048.0 free,      0.0 used.   6195.8 avail Mem 

  PID USER      PR  NI    VIRT    RES    SHR S  %CPU  %MEM     TIME+ COMMAND
  845 root      20   0   96380  90004  12488 R  98.0   1.1   5:15.18 /usr/local/bin/python3.8 /usr/local/bin/zkay run --blockchain-backend w3-eth-tester .+
    1 root      20   0    3984   3232   2736 S   0.0   0.0   0:00.06 bash
    7 root      20   0    3992   3108   2608 S   0.0   0.0   0:00.08 bash
   13 root      20   0    3988   3228   2716 S   0.0   0.0   0:00.10 bash
  844 root      20   0    7864   2984   2628 R   0.0   0.0   0:00.33 top -bc -d 1 -n 6000

top - 22:04:05 up 1 day,  1:58,  0 users,  load average: 1.99, 1.81, 1.07
Tasks:   5 total,   2 running,   3 sleeping,   0 stopped,   0 zombie
%Cpu(s):  8.3 us,  0.0 sy,  0.0 ni, 91.6 id,  0.0 wa,  0.0 hi,  0.1 si,  0.0 st
MiB Mem :   7877.2 total,   3866.3 free,   1370.5 used,   2640.4 buff/cache
MiB Swap:   2048.0 total,   2048.0 free,      0.0 used.   6195.5 avail Mem 

  PID USER      PR  NI    VIRT    RES    SHR S  %CPU  %MEM     TIME+ COMMAND
  845 root      20   0   96380  90004  12488 R 100.0   1.1   5:16.18 /usr/local/bin/python3.8 /usr/local/bin/zkay run --blockchain-backend w3-eth-tester .+
    1 root      20   0    3984   3232   2736 S   0.0   0.0   0:00.06 bash
    7 root      20   0    3992   3108   2608 S   0.0   0.0   0:00.08 bash
   13 root      20   0    3988   3228   2716 S   0.0   0.0   0:00.10 bash
  844 root      20   0    7864   2984   2628 R   0.0   0.0   0:00.33 top -bc -d 1 -n 6000

top - 22:04:06 up 1 day,  1:58,  0 users,  load average: 1.91, 1.79, 1.07
Tasks:   5 total,   2 running,   3 sleeping,   0 stopped,   0 zombie
%Cpu(s):  8.3 us,  0.0 sy,  0.0 ni, 91.7 id,  0.0 wa,  0.0 hi,  0.0 si,  0.0 st
MiB Mem :   7877.2 total,   3866.3 free,   1370.5 used,   2640.4 buff/cache
MiB Swap:   2048.0 total,   2048.0 free,      0.0 used.   6195.5 avail Mem 

  PID USER      PR  NI    VIRT    RES    SHR S  %CPU  %MEM     TIME+ COMMAND
  845 root      20   0   96380  90004  12488 R 100.0   1.1   5:17.18 /usr/local/bin/python3.8 /usr/local/bin/zkay run --blockchain-backend w3-eth-tester .+
    1 root      20   0    3984   3232   2736 S   0.0   0.0   0:00.06 bash
    7 root      20   0    3992   3108   2608 S   0.0   0.0   0:00.08 bash
   13 root      20   0    3988   3228   2716 S   0.0   0.0   0:00.10 bash
  844 root      20   0    7864   2984   2628 R   0.0   0.0   0:00.33 top -bc -d 1 -n 6000

top - 22:04:07 up 1 day,  1:58,  0 users,  load average: 1.91, 1.79, 1.07
Tasks:   5 total,   2 running,   3 sleeping,   0 stopped,   0 zombie
%Cpu(s):  8.3 us,  0.0 sy,  0.0 ni, 91.7 id,  0.0 wa,  0.0 hi,  0.0 si,  0.0 st
MiB Mem :   7877.2 total,   3866.3 free,   1370.5 used,   2640.4 buff/cache
MiB Swap:   2048.0 total,   2048.0 free,      0.0 used.   6195.5 avail Mem 

  PID USER      PR  NI    VIRT    RES    SHR S  %CPU  %MEM     TIME+ COMMAND
  845 root      20   0   96380  90004  12488 R 100.0   1.1   5:18.18 /usr/local/bin/python3.8 /usr/local/bin/zkay run --blockchain-backend w3-eth-tester .+
    1 root      20   0    3984   3232   2736 S   0.0   0.0   0:00.06 bash
    7 root      20   0    3992   3108   2608 S   0.0   0.0   0:00.08 bash
   13 root      20   0    3988   3228   2716 S   0.0   0.0   0:00.10 bash
  844 root      20   0    7864   2984   2628 R   0.0   0.0   0:00.33 top -bc -d 1 -n 6000

top - 22:04:08 up 1 day,  1:58,  0 users,  load average: 1.91, 1.79, 1.07
Tasks:   5 total,   2 running,   3 sleeping,   0 stopped,   0 zombie
%Cpu(s):  8.4 us,  0.1 sy,  0.0 ni, 91.5 id,  0.0 wa,  0.0 hi,  0.0 si,  0.0 st
MiB Mem :   7877.2 total,   3866.3 free,   1370.5 used,   2640.4 buff/cache
MiB Swap:   2048.0 total,   2048.0 free,      0.0 used.   6195.5 avail Mem 

  PID USER      PR  NI    VIRT    RES    SHR S  %CPU  %MEM     TIME+ COMMAND
  845 root      20   0   96380  90004  12488 R 100.0   1.1   5:19.19 /usr/local/bin/python3.8 /usr/local/bin/zkay run --blockchain-backend w3-eth-tester .+
    1 root      20   0    3984   3232   2736 S   0.0   0.0   0:00.06 bash
    7 root      20   0    3992   3108   2608 S   0.0   0.0   0:00.08 bash
   13 root      20   0    3988   3228   2716 S   0.0   0.0   0:00.10 bash
  844 root      20   0    7864   2984   2628 R   0.0   0.0   0:00.33 top -bc -d 1 -n 6000

top - 22:04:09 up 1 day,  1:58,  0 users,  load average: 1.91, 1.79, 1.07
Tasks:   5 total,   2 running,   3 sleeping,   0 stopped,   0 zombie
%Cpu(s):  8.3 us,  0.3 sy,  0.0 ni, 90.1 id,  0.0 wa,  0.0 hi,  1.2 si,  0.0 st
MiB Mem :   7877.2 total,   3866.3 free,   1370.5 used,   2640.4 buff/cache
MiB Swap:   2048.0 total,   2048.0 free,      0.0 used.   6195.5 avail Mem 

  PID USER      PR  NI    VIRT    RES    SHR S  %CPU  %MEM     TIME+ COMMAND
  845 root      20   0   96380  90004  12488 R 100.0   1.1   5:20.19 /usr/local/bin/python3.8 /usr/local/bin/zkay run --blockchain-backend w3-eth-tester .+
    1 root      20   0    3984   3232   2736 S   0.0   0.0   0:00.06 bash
    7 root      20   0    3992   3108   2608 S   0.0   0.0   0:00.08 bash
   13 root      20   0    3988   3228   2716 S   0.0   0.0   0:00.10 bash
  844 root      20   0    7864   2984   2628 R   0.0   0.0   0:00.33 top -bc -d 1 -n 6000

top - 22:04:10 up 1 day,  1:58,  0 users,  load average: 1.91, 1.79, 1.07
Tasks:   5 total,   2 running,   3 sleeping,   0 stopped,   0 zombie
%Cpu(s):  8.4 us,  0.1 sy,  0.0 ni, 91.0 id,  0.0 wa,  0.0 hi,  0.6 si,  0.0 st
MiB Mem :   7877.2 total,   3866.3 free,   1370.5 used,   2640.4 buff/cache
MiB Swap:   2048.0 total,   2048.0 free,      0.0 used.   6195.5 avail Mem 

  PID USER      PR  NI    VIRT    RES    SHR S  %CPU  %MEM     TIME+ COMMAND
  845 root      20   0   96380  90004  12488 R 100.0   1.1   5:21.19 /usr/local/bin/python3.8 /usr/local/bin/zkay run --blockchain-backend w3-eth-tester .+
    1 root      20   0    3984   3232   2736 S   0.0   0.0   0:00.06 bash
    7 root      20   0    3992   3108   2608 S   0.0   0.0   0:00.08 bash
   13 root      20   0    3988   3228   2716 S   0.0   0.0   0:00.10 bash
  844 root      20   0    7864   2984   2628 R   0.0   0.0   0:00.33 top -bc -d 1 -n 6000

top - 22:04:11 up 1 day,  1:58,  0 users,  load average: 1.84, 1.78, 1.07
Tasks:   5 total,   2 running,   3 sleeping,   0 stopped,   0 zombie
%Cpu(s):  8.3 us,  0.1 sy,  0.0 ni, 91.6 id,  0.0 wa,  0.0 hi,  0.0 si,  0.0 st
MiB Mem :   7877.2 total,   3863.7 free,   1373.1 used,   2640.4 buff/cache
MiB Swap:   2048.0 total,   2048.0 free,      0.0 used.   6192.9 avail Mem 

  PID USER      PR  NI    VIRT    RES    SHR S  %CPU  %MEM     TIME+ COMMAND
  845 root      20   0   96380  90004  12488 R 100.0   1.1   5:22.19 /usr/local/bin/python3.8 /usr/local/bin/zkay run --blockchain-backend w3-eth-tester .+
  844 root      20   0    7864   2984   2628 R   1.0   0.0   0:00.34 top -bc -d 1 -n 6000
    1 root      20   0    3984   3232   2736 S   0.0   0.0   0:00.06 bash
    7 root      20   0    3992   3108   2608 S   0.0   0.0   0:00.08 bash
   13 root      20   0    3988   3228   2716 S   0.0   0.0   0:00.10 bash

top - 22:04:12 up 1 day,  1:58,  0 users,  load average: 1.84, 1.78, 1.07
Tasks:   5 total,   2 running,   3 sleeping,   0 stopped,   0 zombie
%Cpu(s):  8.3 us,  0.0 sy,  0.0 ni, 91.7 id,  0.0 wa,  0.0 hi,  0.0 si,  0.0 st
MiB Mem :   7877.2 total,   3863.7 free,   1373.1 used,   2640.4 buff/cache
MiB Swap:   2048.0 total,   2048.0 free,      0.0 used.   6192.9 avail Mem 

  PID USER      PR  NI    VIRT    RES    SHR S  %CPU  %MEM     TIME+ COMMAND
  845 root      20   0   96380  90004  12488 R 100.0   1.1   5:23.19 /usr/local/bin/python3.8 /usr/local/bin/zkay run --blockchain-backend w3-eth-tester .+
    1 root      20   0    3984   3232   2736 S   0.0   0.0   0:00.06 bash
    7 root      20   0    3992   3108   2608 S   0.0   0.0   0:00.08 bash
   13 root      20   0    3988   3228   2716 S   0.0   0.0   0:00.10 bash
  844 root      20   0    7864   2984   2628 R   0.0   0.0   0:00.34 top -bc -d 1 -n 6000

top - 22:04:13 up 1 day,  1:58,  0 users,  load average: 1.84, 1.78, 1.07
Tasks:   5 total,   2 running,   3 sleeping,   0 stopped,   0 zombie
%Cpu(s):  8.3 us,  0.0 sy,  0.0 ni, 91.6 id,  0.0 wa,  0.0 hi,  0.1 si,  0.0 st
MiB Mem :   7877.2 total,   3863.7 free,   1373.1 used,   2640.4 buff/cache
MiB Swap:   2048.0 total,   2048.0 free,      0.0 used.   6192.9 avail Mem 

  PID USER      PR  NI    VIRT    RES    SHR S  %CPU  %MEM     TIME+ COMMAND
  845 root      20   0   96380  90004  12488 R 100.0   1.1   5:24.19 /usr/local/bin/python3.8 /usr/local/bin/zkay run --blockchain-backend w3-eth-tester .+
    1 root      20   0    3984   3232   2736 S   0.0   0.0   0:00.06 bash
    7 root      20   0    3992   3108   2608 S   0.0   0.0   0:00.08 bash
   13 root      20   0    3988   3228   2716 S   0.0   0.0   0:00.10 bash
  844 root      20   0    7864   2984   2628 R   0.0   0.0   0:00.34 top -bc -d 1 -n 6000

top - 22:04:14 up 1 day,  1:58,  0 users,  load average: 1.84, 1.78, 1.07
Tasks:   5 total,   2 running,   3 sleeping,   0 stopped,   0 zombie
%Cpu(s):  8.3 us,  0.0 sy,  0.0 ni, 91.7 id,  0.0 wa,  0.0 hi,  0.0 si,  0.0 st
MiB Mem :   7877.2 total,   3863.7 free,   1373.1 used,   2640.4 buff/cache
MiB Swap:   2048.0 total,   2048.0 free,      0.0 used.   6192.9 avail Mem 

  PID USER      PR  NI    VIRT    RES    SHR S  %CPU  %MEM     TIME+ COMMAND
  845 root      20   0   96380  90004  12488 R 100.0   1.1   5:25.19 /usr/local/bin/python3.8 /usr/local/bin/zkay run --blockchain-backend w3-eth-tester .+
    1 root      20   0    3984   3232   2736 S   0.0   0.0   0:00.06 bash
    7 root      20   0    3992   3108   2608 S   0.0   0.0   0:00.08 bash
   13 root      20   0    3988   3228   2716 S   0.0   0.0   0:00.10 bash
  844 root      20   0    7864   2984   2628 R   0.0   0.0   0:00.34 top -bc -d 1 -n 6000

top - 22:04:15 up 1 day,  1:58,  0 users,  load average: 1.84, 1.78, 1.07
Tasks:   5 total,   2 running,   3 sleeping,   0 stopped,   0 zombie
%Cpu(s):  8.4 us,  0.1 sy,  0.0 ni, 91.4 id,  0.1 wa,  0.0 hi,  0.0 si,  0.0 st
MiB Mem :   7877.2 total,   3863.7 free,   1373.1 used,   2640.4 buff/cache
MiB Swap:   2048.0 total,   2048.0 free,      0.0 used.   6192.9 avail Mem 

  PID USER      PR  NI    VIRT    RES    SHR S  %CPU  %MEM     TIME+ COMMAND
  845 root      20   0   96380  90004  12488 R 100.0   1.1   5:26.20 /usr/local/bin/python3.8 /usr/local/bin/zkay run --blockchain-backend w3-eth-tester .+
    1 root      20   0    3984   3232   2736 S   0.0   0.0   0:00.06 bash
    7 root      20   0    3992   3108   2608 S   0.0   0.0   0:00.08 bash
   13 root      20   0    3988   3228   2716 S   0.0   0.0   0:00.10 bash
  844 root      20   0    7864   2984   2628 R   0.0   0.0   0:00.34 top -bc -d 1 -n 6000

top - 22:04:16 up 1 day,  1:58,  0 users,  load average: 1.77, 1.77, 1.07
Tasks:   5 total,   2 running,   3 sleeping,   0 stopped,   0 zombie
%Cpu(s):  8.3 us,  0.0 sy,  0.0 ni, 91.6 id,  0.0 wa,  0.0 hi,  0.1 si,  0.0 st
MiB Mem :   7877.2 total,   3863.7 free,   1373.1 used,   2640.4 buff/cache
MiB Swap:   2048.0 total,   2048.0 free,      0.0 used.   6192.9 avail Mem 

  PID USER      PR  NI    VIRT    RES    SHR S  %CPU  %MEM     TIME+ COMMAND
  845 root      20   0   96380  90004  12488 R 100.0   1.1   5:27.20 /usr/local/bin/python3.8 /usr/local/bin/zkay run --blockchain-backend w3-eth-tester .+
    1 root      20   0    3984   3232   2736 S   0.0   0.0   0:00.06 bash
    7 root      20   0    3992   3108   2608 S   0.0   0.0   0:00.08 bash
   13 root      20   0    3988   3228   2716 S   0.0   0.0   0:00.10 bash
  844 root      20   0    7864   2984   2628 R   0.0   0.0   0:00.34 top -bc -d 1 -n 6000

top - 22:04:17 up 1 day,  1:58,  0 users,  load average: 1.77, 1.77, 1.07
Tasks:   5 total,   2 running,   3 sleeping,   0 stopped,   0 zombie
%Cpu(s):  8.3 us,  0.0 sy,  0.0 ni, 91.7 id,  0.0 wa,  0.0 hi,  0.0 si,  0.0 st
MiB Mem :   7877.2 total,   3863.7 free,   1373.1 used,   2640.4 buff/cache
MiB Swap:   2048.0 total,   2048.0 free,      0.0 used.   6192.9 avail Mem 

  PID USER      PR  NI    VIRT    RES    SHR S  %CPU  %MEM     TIME+ COMMAND
  845 root      20   0   96380  90004  12488 R 100.0   1.1   5:28.20 /usr/local/bin/python3.8 /usr/local/bin/zkay run --blockchain-backend w3-eth-tester .+
    1 root      20   0    3984   3232   2736 S   0.0   0.0   0:00.06 bash
    7 root      20   0    3992   3108   2608 S   0.0   0.0   0:00.08 bash
   13 root      20   0    3988   3228   2716 S   0.0   0.0   0:00.10 bash
  844 root      20   0    7864   2984   2628 R   0.0   0.0   0:00.34 top -bc -d 1 -n 6000

top - 22:04:18 up 1 day,  1:58,  0 users,  load average: 1.77, 1.77, 1.07
Tasks:   5 total,   2 running,   3 sleeping,   0 stopped,   0 zombie
%Cpu(s):  8.4 us,  0.1 sy,  0.0 ni, 91.3 id,  0.0 wa,  0.0 hi,  0.2 si,  0.0 st
MiB Mem :   7877.2 total,   3863.7 free,   1373.1 used,   2640.4 buff/cache
MiB Swap:   2048.0 total,   2048.0 free,      0.0 used.   6192.9 avail Mem 

  PID USER      PR  NI    VIRT    RES    SHR S  %CPU  %MEM     TIME+ COMMAND
  845 root      20   0   96380  90004  12488 R 100.0   1.1   5:29.20 /usr/local/bin/python3.8 /usr/local/bin/zkay run --blockchain-backend w3-eth-tester .+
    1 root      20   0    3984   3232   2736 S   0.0   0.0   0:00.06 bash
    7 root      20   0    3992   3108   2608 S   0.0   0.0   0:00.08 bash
   13 root      20   0    3988   3228   2716 S   0.0   0.0   0:00.10 bash
  844 root      20   0    7864   2984   2628 R   0.0   0.0   0:00.34 top -bc -d 1 -n 6000

top - 22:04:19 up 1 day,  1:58,  0 users,  load average: 1.77, 1.77, 1.07
Tasks:   5 total,   2 running,   3 sleeping,   0 stopped,   0 zombie
%Cpu(s):  8.4 us,  0.1 sy,  0.0 ni, 90.8 id,  0.0 wa,  0.0 hi,  0.7 si,  0.0 st
MiB Mem :   7877.2 total,   3863.7 free,   1373.1 used,   2640.4 buff/cache
MiB Swap:   2048.0 total,   2048.0 free,      0.0 used.   6192.9 avail Mem 

  PID USER      PR  NI    VIRT    RES    SHR S  %CPU  %MEM     TIME+ COMMAND
  845 root      20   0   96380  90004  12488 R 100.0   1.1   5:30.20 /usr/local/bin/python3.8 /usr/local/bin/zkay run --blockchain-backend w3-eth-tester .+
    1 root      20   0    3984   3232   2736 S   0.0   0.0   0:00.06 bash
    7 root      20   0    3992   3108   2608 S   0.0   0.0   0:00.08 bash
   13 root      20   0    3988   3228   2716 S   0.0   0.0   0:00.10 bash
  844 root      20   0    7864   2984   2628 R   0.0   0.0   0:00.34 top -bc -d 1 -n 6000

top - 22:04:20 up 1 day,  1:58,  0 users,  load average: 1.77, 1.77, 1.07
Tasks:   5 total,   2 running,   3 sleeping,   0 stopped,   0 zombie
%Cpu(s):  8.3 us,  0.0 sy,  0.0 ni, 91.7 id,  0.0 wa,  0.0 hi,  0.0 si,  0.0 st
MiB Mem :   7877.2 total,   3862.2 free,   1374.5 used,   2640.4 buff/cache
MiB Swap:   2048.0 total,   2048.0 free,      0.0 used.   6191.4 avail Mem 

  PID USER      PR  NI    VIRT    RES    SHR S  %CPU  %MEM     TIME+ COMMAND
  845 root      20   0   96380  90004  12488 R 100.0   1.1   5:31.20 /usr/local/bin/python3.8 /usr/local/bin/zkay run --blockchain-backend w3-eth-tester .+
    1 root      20   0    3984   3232   2736 S   0.0   0.0   0:00.06 bash
    7 root      20   0    3992   3108   2608 S   0.0   0.0   0:00.08 bash
   13 root      20   0    3988   3228   2716 S   0.0   0.0   0:00.10 bash
  844 root      20   0    7864   2984   2628 R   0.0   0.0   0:00.34 top -bc -d 1 -n 6000

top - 22:04:21 up 1 day,  1:58,  0 users,  load average: 1.71, 1.75, 1.07
Tasks:   5 total,   2 running,   3 sleeping,   0 stopped,   0 zombie
%Cpu(s):  8.3 us,  0.0 sy,  0.0 ni, 91.5 id,  0.2 wa,  0.0 hi,  0.0 si,  0.0 st
MiB Mem :   7877.2 total,   3862.2 free,   1374.5 used,   2640.4 buff/cache
MiB Swap:   2048.0 total,   2048.0 free,      0.0 used.   6191.4 avail Mem 

  PID USER      PR  NI    VIRT    RES    SHR S  %CPU  %MEM     TIME+ COMMAND
  845 root      20   0   96380  90004  12488 R 100.0   1.1   5:32.20 /usr/local/bin/python3.8 /usr/local/bin/zkay run --blockchain-backend w3-eth-tester .+
    1 root      20   0    3984   3232   2736 S   0.0   0.0   0:00.06 bash
    7 root      20   0    3992   3108   2608 S   0.0   0.0   0:00.08 bash
   13 root      20   0    3988   3228   2716 S   0.0   0.0   0:00.10 bash
  844 root      20   0    7864   2984   2628 R   0.0   0.0   0:00.34 top -bc -d 1 -n 6000

top - 22:04:22 up 1 day,  1:58,  0 users,  load average: 1.71, 1.75, 1.07
Tasks:   5 total,   2 running,   3 sleeping,   0 stopped,   0 zombie
%Cpu(s):  8.4 us,  0.0 sy,  0.0 ni, 91.5 id,  0.0 wa,  0.0 hi,  0.1 si,  0.0 st
MiB Mem :   7877.2 total,   3862.2 free,   1374.5 used,   2640.4 buff/cache
MiB Swap:   2048.0 total,   2048.0 free,      0.0 used.   6191.4 avail Mem 

  PID USER      PR  NI    VIRT    RES    SHR S  %CPU  %MEM     TIME+ COMMAND
  845 root      20   0   96380  90004  12488 R 100.0   1.1   5:33.21 /usr/local/bin/python3.8 /usr/local/bin/zkay run --blockchain-backend w3-eth-tester .+
    1 root      20   0    3984   3232   2736 S   0.0   0.0   0:00.06 bash
    7 root      20   0    3992   3108   2608 S   0.0   0.0   0:00.08 bash
   13 root      20   0    3988   3228   2716 S   0.0   0.0   0:00.10 bash
  844 root      20   0    7864   2984   2628 R   0.0   0.0   0:00.34 top -bc -d 1 -n 6000

top - 22:04:23 up 1 day,  1:58,  0 users,  load average: 1.71, 1.75, 1.07
Tasks:   5 total,   2 running,   3 sleeping,   0 stopped,   0 zombie
%Cpu(s):  8.3 us,  0.1 sy,  0.0 ni, 91.5 id,  0.1 wa,  0.0 hi,  0.0 si,  0.0 st
MiB Mem :   7877.2 total,   3862.2 free,   1374.5 used,   2640.4 buff/cache
MiB Swap:   2048.0 total,   2048.0 free,      0.0 used.   6191.4 avail Mem 

  PID USER      PR  NI    VIRT    RES    SHR S  %CPU  %MEM     TIME+ COMMAND
  845 root      20   0   96380  90004  12488 R 100.0   1.1   5:34.21 /usr/local/bin/python3.8 /usr/local/bin/zkay run --blockchain-backend w3-eth-tester .+
    1 root      20   0    3984   3232   2736 S   0.0   0.0   0:00.06 bash
    7 root      20   0    3992   3108   2608 S   0.0   0.0   0:00.08 bash
   13 root      20   0    3988   3228   2716 S   0.0   0.0   0:00.10 bash
  844 root      20   0    7864   2984   2628 R   0.0   0.0   0:00.34 top -bc -d 1 -n 6000

top - 22:04:24 up 1 day,  1:58,  0 users,  load average: 1.71, 1.75, 1.07
Tasks:   5 total,   2 running,   3 sleeping,   0 stopped,   0 zombie
%Cpu(s):  8.3 us,  0.0 sy,  0.0 ni, 91.7 id,  0.0 wa,  0.0 hi,  0.0 si,  0.0 st
MiB Mem :   7877.2 total,   3862.2 free,   1374.5 used,   2640.4 buff/cache
MiB Swap:   2048.0 total,   2048.0 free,      0.0 used.   6191.4 avail Mem 

  PID USER      PR  NI    VIRT    RES    SHR S  %CPU  %MEM     TIME+ COMMAND
  845 root      20   0   96380  90004  12488 R 100.0   1.1   5:35.21 /usr/local/bin/python3.8 /usr/local/bin/zkay run --blockchain-backend w3-eth-tester .+
    1 root      20   0    3984   3232   2736 S   0.0   0.0   0:00.06 bash
    7 root      20   0    3992   3108   2608 S   0.0   0.0   0:00.08 bash
   13 root      20   0    3988   3228   2716 S   0.0   0.0   0:00.10 bash
  844 root      20   0    7864   2984   2628 R   0.0   0.0   0:00.34 top -bc -d 1 -n 6000

top - 22:04:25 up 1 day,  1:58,  0 users,  load average: 1.71, 1.75, 1.07
Tasks:   5 total,   2 running,   3 sleeping,   0 stopped,   0 zombie
%Cpu(s):  8.3 us,  0.1 sy,  0.0 ni, 91.6 id,  0.0 wa,  0.0 hi,  0.0 si,  0.0 st
MiB Mem :   7877.2 total,   3862.2 free,   1374.5 used,   2640.4 buff/cache
MiB Swap:   2048.0 total,   2048.0 free,      0.0 used.   6191.4 avail Mem 

  PID USER      PR  NI    VIRT    RES    SHR S  %CPU  %MEM     TIME+ COMMAND
  845 root      20   0   96380  90004  12488 R 100.0   1.1   5:36.21 /usr/local/bin/python3.8 /usr/local/bin/zkay run --blockchain-backend w3-eth-tester .+
    1 root      20   0    3984   3232   2736 S   0.0   0.0   0:00.06 bash
    7 root      20   0    3992   3108   2608 S   0.0   0.0   0:00.08 bash
   13 root      20   0    3988   3228   2716 S   0.0   0.0   0:00.10 bash
  844 root      20   0    7864   2984   2628 R   0.0   0.0   0:00.34 top -bc -d 1 -n 6000

top - 22:04:26 up 1 day,  1:58,  0 users,  load average: 1.65, 1.74, 1.07
Tasks:   5 total,   2 running,   3 sleeping,   0 stopped,   0 zombie
%Cpu(s):  8.4 us,  0.0 sy,  0.0 ni, 91.5 id,  0.0 wa,  0.0 hi,  0.1 si,  0.0 st
MiB Mem :   7877.2 total,   3862.1 free,   1374.7 used,   2640.4 buff/cache
MiB Swap:   2048.0 total,   2048.0 free,      0.0 used.   6191.3 avail Mem 

  PID USER      PR  NI    VIRT    RES    SHR S  %CPU  %MEM     TIME+ COMMAND
  845 root      20   0   96380  90004  12488 R 100.0   1.1   5:37.21 /usr/local/bin/python3.8 /usr/local/bin/zkay run --blockchain-backend w3-eth-tester .+
    1 root      20   0    3984   3232   2736 S   0.0   0.0   0:00.06 bash
    7 root      20   0    3992   3108   2608 S   0.0   0.0   0:00.08 bash
   13 root      20   0    3988   3228   2716 S   0.0   0.0   0:00.10 bash
  844 root      20   0    7864   2984   2628 R   0.0   0.0   0:00.34 top -bc -d 1 -n 6000

top - 22:04:27 up 1 day,  1:58,  0 users,  load average: 1.65, 1.74, 1.07
Tasks:   6 total,   1 running,   5 sleeping,   0 stopped,   0 zombie
%Cpu(s): 15.3 us,  1.1 sy,  0.0 ni, 83.3 id,  0.2 wa,  0.0 hi,  0.1 si,  0.0 st
MiB Mem :   7877.2 total,   3862.1 free,   1374.7 used,   2640.4 buff/cache
MiB Swap:   2048.0 total,   2048.0 free,      0.0 used.   6191.3 avail Mem 

  PID USER      PR  NI    VIRT    RES    SHR S  %CPU  %MEM     TIME+ COMMAND
 1755 root      20   0   19.6g 271960  25632 S 127.0   3.4   0:01.27 java -Xms4096m -Xmx16384m -cp /zkay/zkay/jsnark_interface/JsnarkCircuitBuilder.jar:/z+
  845 root      20   0   96380  90004  12488 S  62.0   1.1   5:37.83 /usr/local/bin/python3.8 /usr/local/bin/zkay run --blockchain-backend w3-eth-tester .+
    1 root      20   0    3984   3232   2736 S   0.0   0.0   0:00.06 bash
    7 root      20   0    3992   3108   2608 S   0.0   0.0   0:00.08 bash
   13 root      20   0    3988   3228   2716 S   0.0   0.0   0:00.10 bash
  844 root      20   0    7864   2984   2628 R   0.0   0.0   0:00.34 top -bc -d 1 -n 6000

top - 22:04:28 up 1 day,  1:58,  0 users,  load average: 1.65, 1.74, 1.07
Tasks:   6 total,   1 running,   5 sleeping,   0 stopped,   0 zombie
%Cpu(s): 38.5 us,  3.4 sy,  0.0 ni, 57.7 id,  0.0 wa,  0.0 hi,  0.4 si,  0.0 st
MiB Mem :   7877.2 total,   3862.1 free,   1374.7 used,   2640.4 buff/cache
MiB Swap:   2048.0 total,   2048.0 free,      0.0 used.   6191.3 avail Mem 

  PID USER      PR  NI    VIRT    RES    SHR S  %CPU  %MEM     TIME+ COMMAND
 1755 root      20   0   20.3g 627808  25692 S 506.0   7.8   0:06.33 java -Xms4096m -Xmx16384m -cp /zkay/zkay/jsnark_interface/JsnarkCircuitBuilder.jar:/z+
  845 root      20   0   96380  90004  12488 S   1.0   1.1   5:37.84 /usr/local/bin/python3.8 /usr/local/bin/zkay run --blockchain-backend w3-eth-tester .+
    1 root      20   0    3984   3232   2736 S   0.0   0.0   0:00.06 bash
    7 root      20   0    3992   3108   2608 S   0.0   0.0   0:00.08 bash
   13 root      20   0    3988   3228   2716 S   0.0   0.0   0:00.10 bash
  844 root      20   0    7864   2984   2628 R   0.0   0.0   0:00.34 top -bc -d 1 -n 6000

top - 22:04:29 up 1 day,  1:58,  0 users,  load average: 1.65, 1.74, 1.07
Tasks:   6 total,   1 running,   5 sleeping,   0 stopped,   0 zombie
%Cpu(s): 19.7 us,  1.6 sy,  0.0 ni, 77.1 id,  0.0 wa,  0.0 hi,  1.6 si,  0.0 st
MiB Mem :   7877.2 total,   2757.7 free,   2410.5 used,   2709.0 buff/cache
MiB Swap:   2048.0 total,   2048.0 free,      0.0 used.   5155.3 avail Mem 

  PID USER      PR  NI    VIRT    RES    SHR S  %CPU  %MEM     TIME+ COMMAND
 1755 root      20   0   20.3g   1.0g  25876 S 248.5  13.5   0:08.84 java -Xms4096m -Xmx16384m -cp /zkay/zkay/jsnark_interface/JsnarkCircuitBuilder.jar:/z+
    1 root      20   0    3984   3232   2736 S   0.0   0.0   0:00.06 bash
    7 root      20   0    3992   3108   2608 S   0.0   0.0   0:00.08 bash
   13 root      20   0    3988   3228   2716 S   0.0   0.0   0:00.10 bash
  844 root      20   0    7864   2984   2628 R   0.0   0.0   0:00.34 top -bc -d 1 -n 6000
  845 root      20   0   96380  90004  12488 S   0.0   1.1   5:37.84 /usr/local/bin/python3.8 /usr/local/bin/zkay run --blockchain-backend w3-eth-tester .+

top - 22:04:30 up 1 day,  1:58,  0 users,  load average: 1.65, 1.74, 1.07
Tasks:   6 total,   2 running,   4 sleeping,   0 stopped,   0 zombie
%Cpu(s):  8.2 us,  0.5 sy,  0.0 ni, 90.4 id,  0.1 wa,  0.0 hi,  0.8 si,  0.0 st
MiB Mem :   7877.2 total,   2757.7 free,   2410.5 used,   2709.0 buff/cache
MiB Swap:   2048.0 total,   2048.0 free,      0.0 used.   5155.3 avail Mem 

  PID USER      PR  NI    VIRT    RES    SHR S  %CPU  %MEM     TIME+ COMMAND
 1793 root      20   0  100880  96404   5092 R  89.0   1.2   0:00.89 /zkay/zkay/jsnark_interface/run_snark proofgen /tmp/tmppioyscm9 /tmp/tmppioyscm9/proo+
    1 root      20   0    3984   3232   2736 S   0.0   0.0   0:00.06 bash
    7 root      20   0    3992   3108   2608 S   0.0   0.0   0:00.08 bash
   13 root      20   0    3988   3228   2716 S   0.0   0.0   0:00.10 bash
  844 root      20   0    7864   2984   2628 R   0.0   0.0   0:00.34 top -bc -d 1 -n 6000
  845 root      20   0   96380  90004  12488 S   0.0   1.1   5:37.84 /usr/local/bin/python3.8 /usr/local/bin/zkay run --blockchain-backend w3-eth-tester .+

top - 22:04:31 up 1 day,  1:58,  0 users,  load average: 1.60, 1.73, 1.07
Tasks:   6 total,   2 running,   4 sleeping,   0 stopped,   0 zombie
%Cpu(s):  8.3 us,  0.0 sy,  0.0 ni, 91.5 id,  0.1 wa,  0.0 hi,  0.1 si,  0.0 st
MiB Mem :   7877.2 total,   2757.7 free,   2410.5 used,   2709.0 buff/cache
MiB Swap:   2048.0 total,   2048.0 free,      0.0 used.   5155.3 avail Mem 

  PID USER      PR  NI    VIRT    RES    SHR S  %CPU  %MEM     TIME+ COMMAND
 1793 root      20   0  100880  96404   5092 R 100.0   1.2   0:01.89 /zkay/zkay/jsnark_interface/run_snark proofgen /tmp/tmppioyscm9 /tmp/tmppioyscm9/proo+
    1 root      20   0    3984   3232   2736 S   0.0   0.0   0:00.06 bash
    7 root      20   0    3992   3108   2608 S   0.0   0.0   0:00.08 bash
   13 root      20   0    3988   3228   2716 S   0.0   0.0   0:00.10 bash
  844 root      20   0    7864   2984   2628 R   0.0   0.0   0:00.34 top -bc -d 1 -n 6000
  845 root      20   0   96380  90004  12488 S   0.0   1.1   5:37.84 /usr/local/bin/python3.8 /usr/local/bin/zkay run --blockchain-backend w3-eth-tester .+

top - 22:04:32 up 1 day,  1:58,  0 users,  load average: 1.60, 1.73, 1.07
Tasks:   6 total,   2 running,   4 sleeping,   0 stopped,   0 zombie
%Cpu(s):  7.8 us,  0.8 sy,  0.0 ni, 91.3 id,  0.0 wa,  0.0 hi,  0.0 si,  0.0 st
MiB Mem :   7877.2 total,   3423.5 free,   1743.3 used,   2710.3 buff/cache
MiB Swap:   2048.0 total,   2048.0 free,      0.0 used.   5822.8 avail Mem 

  PID USER      PR  NI    VIRT    RES    SHR S  %CPU  %MEM     TIME+ COMMAND
 1793 root      20   0  398304 392040   5092 R 100.0   4.9   0:02.89 /zkay/zkay/jsnark_interface/run_snark proofgen /tmp/tmppioyscm9 /tmp/tmppioyscm9/proo+
    1 root      20   0    3984   3232   2736 S   0.0   0.0   0:00.06 bash
    7 root      20   0    3992   3108   2608 S   0.0   0.0   0:00.08 bash
   13 root      20   0    3988   3228   2716 S   0.0   0.0   0:00.10 bash
  844 root      20   0    7864   2984   2628 R   0.0   0.0   0:00.34 top -bc -d 1 -n 6000
  845 root      20   0   96380  90004  12488 S   0.0   1.1   5:37.84 /usr/local/bin/python3.8 /usr/local/bin/zkay run --blockchain-backend w3-eth-tester .+

top - 22:04:33 up 1 day,  1:58,  0 users,  load average: 1.60, 1.73, 1.07
Tasks:   6 total,   2 running,   4 sleeping,   0 stopped,   0 zombie
%Cpu(s):  8.0 us,  0.4 sy,  0.0 ni, 91.5 id,  0.1 wa,  0.0 hi,  0.0 si,  0.0 st
MiB Mem :   7877.2 total,   3423.5 free,   1743.3 used,   2710.3 buff/cache
MiB Swap:   2048.0 total,   2048.0 free,      0.0 used.   5822.8 avail Mem 

  PID USER      PR  NI    VIRT    RES    SHR S  %CPU  %MEM     TIME+ COMMAND
 1793 root      20   0  689216 682548   5092 R 100.0   8.5   0:03.89 /zkay/zkay/jsnark_interface/run_snark proofgen /tmp/tmppioyscm9 /tmp/tmppioyscm9/proo+
    1 root      20   0    3984   3232   2736 S   0.0   0.0   0:00.06 bash
    7 root      20   0    3992   3108   2608 S   0.0   0.0   0:00.08 bash
   13 root      20   0    3988   3228   2716 S   0.0   0.0   0:00.10 bash
  844 root      20   0    7864   2984   2628 R   0.0   0.0   0:00.34 top -bc -d 1 -n 6000
  845 root      20   0   96380  90004  12488 S   0.0   1.1   5:37.84 /usr/local/bin/python3.8 /usr/local/bin/zkay run --blockchain-backend w3-eth-tester .+

top - 22:04:34 up 1 day,  1:58,  0 users,  load average: 1.60, 1.73, 1.07
Tasks:   6 total,   2 running,   4 sleeping,   0 stopped,   0 zombie
%Cpu(s):  8.0 us,  0.3 sy,  0.0 ni, 91.7 id,  0.0 wa,  0.0 hi,  0.0 si,  0.0 st
MiB Mem :   7877.2 total,   3423.5 free,   1743.3 used,   2710.3 buff/cache
MiB Swap:   2048.0 total,   2048.0 free,      0.0 used.   5822.8 avail Mem 

  PID USER      PR  NI    VIRT    RES    SHR S  %CPU  %MEM     TIME+ COMMAND
 1793 root      20   0  933792 928000   5092 R 100.0  11.5   0:04.89 /zkay/zkay/jsnark_interface/run_snark proofgen /tmp/tmppioyscm9 /tmp/tmppioyscm9/proo+
    1 root      20   0    3984   3232   2736 S   0.0   0.0   0:00.06 bash
    7 root      20   0    3992   3108   2608 S   0.0   0.0   0:00.08 bash
   13 root      20   0    3988   3228   2716 S   0.0   0.0   0:00.10 bash
  844 root      20   0    7864   2984   2628 R   0.0   0.0   0:00.34 top -bc -d 1 -n 6000
  845 root      20   0   96380  90004  12488 S   0.0   1.1   5:37.84 /usr/local/bin/python3.8 /usr/local/bin/zkay run --blockchain-backend w3-eth-tester .+

top - 22:04:35 up 1 day,  1:58,  0 users,  load average: 1.60, 1.73, 1.07
Tasks:   6 total,   2 running,   4 sleeping,   0 stopped,   0 zombie
%Cpu(s):  7.9 us,  0.4 sy,  0.0 ni, 91.7 id,  0.0 wa,  0.0 hi,  0.0 si,  0.0 st
MiB Mem :   7877.2 total,   2693.6 free,   2473.3 used,   2710.3 buff/cache
MiB Swap:   2048.0 total,   2048.0 free,      0.0 used.   5092.8 avail Mem 

  PID USER      PR  NI    VIRT    RES    SHR S  %CPU  %MEM     TIME+ COMMAND
 1793 root      20   0 1154968   1.1g   5092 R 100.0  14.1   0:05.89 /zkay/zkay/jsnark_interface/run_snark proofgen /tmp/tmppioyscm9 /tmp/tmppioyscm9/proo+
    1 root      20   0    3984   3232   2736 S   0.0   0.0   0:00.06 bash
    7 root      20   0    3992   3108   2608 S   0.0   0.0   0:00.08 bash
   13 root      20   0    3988   3228   2716 S   0.0   0.0   0:00.10 bash
  844 root      20   0    7864   2984   2628 R   0.0   0.0   0:00.34 top -bc -d 1 -n 6000
  845 root      20   0   96380  90004  12488 S   0.0   1.1   5:37.84 /usr/local/bin/python3.8 /usr/local/bin/zkay run --blockchain-backend w3-eth-tester .+

top - 22:04:36 up 1 day,  1:58,  0 users,  load average: 1.55, 1.72, 1.07
Tasks:   6 total,   2 running,   4 sleeping,   0 stopped,   0 zombie
%Cpu(s):  7.9 us,  0.5 sy,  0.0 ni, 91.6 id,  0.0 wa,  0.0 hi,  0.0 si,  0.0 st
MiB Mem :   7877.2 total,   2693.6 free,   2473.3 used,   2710.3 buff/cache
MiB Swap:   2048.0 total,   2048.0 free,      0.0 used.   5092.8 avail Mem 

  PID USER      PR  NI    VIRT    RES    SHR S  %CPU  %MEM     TIME+ COMMAND
 1793 root      20   0 1365132   1.3g   5092 R 100.0  16.8   0:06.90 /zkay/zkay/jsnark_interface/run_snark proofgen /tmp/tmppioyscm9 /tmp/tmppioyscm9/proo+
    1 root      20   0    3984   3232   2736 S   0.0   0.0   0:00.06 bash
    7 root      20   0    3992   3108   2608 S   0.0   0.0   0:00.08 bash
   13 root      20   0    3988   3228   2716 S   0.0   0.0   0:00.10 bash
  844 root      20   0    7864   2984   2628 R   0.0   0.0   0:00.34 top -bc -d 1 -n 6000
  845 root      20   0   96380  90004  12488 S   0.0   1.1   5:37.84 /usr/local/bin/python3.8 /usr/local/bin/zkay run --blockchain-backend w3-eth-tester .+

top - 22:04:37 up 1 day,  1:58,  0 users,  load average: 1.55, 1.72, 1.07
Tasks:   6 total,   2 running,   4 sleeping,   0 stopped,   0 zombie
%Cpu(s):  7.9 us,  0.4 sy,  0.0 ni, 91.7 id,  0.0 wa,  0.0 hi,  0.0 si,  0.0 st
MiB Mem :   7877.2 total,   2693.6 free,   2473.3 used,   2710.3 buff/cache
MiB Swap:   2048.0 total,   2048.0 free,      0.0 used.   5092.8 avail Mem 

  PID USER      PR  NI    VIRT    RES    SHR S  %CPU  %MEM     TIME+ COMMAND
 1793 root      20   0 1588924   1.5g   5092 R 100.0  19.5   0:07.90 /zkay/zkay/jsnark_interface/run_snark proofgen /tmp/tmppioyscm9 /tmp/tmppioyscm9/proo+
    1 root      20   0    3984   3232   2736 S   0.0   0.0   0:00.06 bash
    7 root      20   0    3992   3108   2608 S   0.0   0.0   0:00.08 bash
   13 root      20   0    3988   3228   2716 S   0.0   0.0   0:00.10 bash
  844 root      20   0    7864   2984   2628 R   0.0   0.0   0:00.34 top -bc -d 1 -n 6000
  845 root      20   0   96380  90004  12488 S   0.0   1.1   5:37.84 /usr/local/bin/python3.8 /usr/local/bin/zkay run --blockchain-backend w3-eth-tester .+

top - 22:04:38 up 1 day,  1:58,  0 users,  load average: 1.55, 1.72, 1.07
Tasks:   6 total,   2 running,   4 sleeping,   0 stopped,   0 zombie
%Cpu(s):  8.2 us,  0.4 sy,  0.0 ni, 91.3 id,  0.0 wa,  0.0 hi,  0.1 si,  0.0 st
MiB Mem :   7877.2 total,   2052.9 free,   3114.0 used,   2710.3 buff/cache
MiB Swap:   2048.0 total,   2048.0 free,      0.0 used.   4451.9 avail Mem 

  PID USER      PR  NI    VIRT    RES    SHR S  %CPU  %MEM     TIME+ COMMAND
 1793 root      20   0 1823200   1.7g   5092 R 100.0  22.2   0:08.90 /zkay/zkay/jsnark_interface/run_snark proofgen /tmp/tmppioyscm9 /tmp/tmppioyscm9/proo+
    1 root      20   0    3984   3232   2736 S   0.0   0.0   0:00.06 bash
    7 root      20   0    3992   3108   2608 S   0.0   0.0   0:00.08 bash
   13 root      20   0    3988   3228   2716 S   0.0   0.0   0:00.10 bash
  844 root      20   0    7864   2984   2628 R   0.0   0.0   0:00.34 top -bc -d 1 -n 6000
  845 root      20   0   96380  90004  12488 S   0.0   1.1   5:37.84 /usr/local/bin/python3.8 /usr/local/bin/zkay run --blockchain-backend w3-eth-tester .+

top - 22:04:39 up 1 day,  1:58,  0 users,  load average: 1.55, 1.72, 1.07
Tasks:   6 total,   2 running,   4 sleeping,   0 stopped,   0 zombie
%Cpu(s):  8.6 us,  0.5 sy,  0.0 ni, 90.2 id,  0.0 wa,  0.0 hi,  0.7 si,  0.0 st
MiB Mem :   7877.2 total,   2052.9 free,   3114.0 used,   2710.3 buff/cache
MiB Swap:   2048.0 total,   2048.0 free,      0.0 used.   4451.9 avail Mem 

  PID USER      PR  NI    VIRT    RES    SHR S  %CPU  %MEM     TIME+ COMMAND
 1793 root      20   0 1832044   1.7g   5092 R 100.0  22.3   0:09.90 /zkay/zkay/jsnark_interface/run_snark proofgen /tmp/tmppioyscm9 /tmp/tmppioyscm9/proo+
    1 root      20   0    3984   3232   2736 S   0.0   0.0   0:00.06 bash
    7 root      20   0    3992   3108   2608 S   0.0   0.0   0:00.08 bash
   13 root      20   0    3988   3228   2716 S   0.0   0.0   0:00.10 bash
  844 root      20   0    7864   2984   2628 R   0.0   0.0   0:00.34 top -bc -d 1 -n 6000
  845 root      20   0   96380  90004  12488 S   0.0   1.1   5:37.84 /usr/local/bin/python3.8 /usr/local/bin/zkay run --blockchain-backend w3-eth-tester .+

top - 22:04:40 up 1 day,  1:58,  0 users,  load average: 1.55, 1.72, 1.07
Tasks:   6 total,   2 running,   4 sleeping,   0 stopped,   0 zombie
%Cpu(s):  8.3 us,  0.0 sy,  0.0 ni, 91.6 id,  0.0 wa,  0.0 hi,  0.1 si,  0.0 st
MiB Mem :   7877.2 total,   2052.9 free,   3114.0 used,   2710.3 buff/cache
MiB Swap:   2048.0 total,   2048.0 free,      0.0 used.   4451.9 avail Mem 

  PID USER      PR  NI    VIRT    RES    SHR S  %CPU  %MEM     TIME+ COMMAND
 1793 root      20   0 1832044   1.7g   5092 R 100.0  22.3   0:10.90 /zkay/zkay/jsnark_interface/run_snark proofgen /tmp/tmppioyscm9 /tmp/tmppioyscm9/proo+
  844 root      20   0    7864   2984   2628 R   1.0   0.0   0:00.35 top -bc -d 1 -n 6000
    1 root      20   0    3984   3232   2736 S   0.0   0.0   0:00.06 bash
    7 root      20   0    3992   3108   2608 S   0.0   0.0   0:00.08 bash
   13 root      20   0    3988   3228   2716 S   0.0   0.0   0:00.10 bash
  845 root      20   0   96380  90004  12488 S   0.0   1.1   5:37.84 /usr/local/bin/python3.8 /usr/local/bin/zkay run --blockchain-backend w3-eth-tester .+

top - 22:04:41 up 1 day,  1:58,  0 users,  load average: 1.50, 1.70, 1.07
Tasks:   6 total,   2 running,   4 sleeping,   0 stopped,   0 zombie
%Cpu(s):  8.3 us,  0.0 sy,  0.0 ni, 91.7 id,  0.0 wa,  0.0 hi,  0.0 si,  0.0 st
MiB Mem :   7877.2 total,   2046.5 free,   3120.4 used,   2710.3 buff/cache
MiB Swap:   2048.0 total,   2048.0 free,      0.0 used.   4445.5 avail Mem 

  PID USER      PR  NI    VIRT    RES    SHR S  %CPU  %MEM     TIME+ COMMAND
 1793 root      20   0 1832044   1.7g   5092 R 100.0  22.3   0:11.90 /zkay/zkay/jsnark_interface/run_snark proofgen /tmp/tmppioyscm9 /tmp/tmppioyscm9/proo+
    1 root      20   0    3984   3232   2736 S   0.0   0.0   0:00.06 bash
    7 root      20   0    3992   3108   2608 S   0.0   0.0   0:00.08 bash
   13 root      20   0    3988   3228   2716 S   0.0   0.0   0:00.10 bash
  844 root      20   0    7864   2984   2628 R   0.0   0.0   0:00.35 top -bc -d 1 -n 6000
  845 root      20   0   96380  90004  12488 S   0.0   1.1   5:37.84 /usr/local/bin/python3.8 /usr/local/bin/zkay run --blockchain-backend w3-eth-tester .+

top - 22:04:42 up 1 day,  1:58,  0 users,  load average: 1.50, 1.70, 1.07
Tasks:   6 total,   2 running,   4 sleeping,   0 stopped,   0 zombie
%Cpu(s):  8.2 us,  0.2 sy,  0.0 ni, 91.7 id,  0.0 wa,  0.0 hi,  0.0 si,  0.0 st
MiB Mem :   7877.2 total,   2046.5 free,   3120.4 used,   2710.3 buff/cache
MiB Swap:   2048.0 total,   2048.0 free,      0.0 used.   4445.5 avail Mem 

  PID USER      PR  NI    VIRT    RES    SHR S  %CPU  %MEM     TIME+ COMMAND
 1793 root      20   0 1813712   1.7g   5092 R 100.0  22.3   0:12.90 /zkay/zkay/jsnark_interface/run_snark proofgen /tmp/tmppioyscm9 /tmp/tmppioyscm9/proo+
    1 root      20   0    3984   3232   2736 S   0.0   0.0   0:00.06 bash
    7 root      20   0    3992   3108   2608 S   0.0   0.0   0:00.08 bash
   13 root      20   0    3988   3228   2716 S   0.0   0.0   0:00.10 bash
  844 root      20   0    7864   2984   2628 R   0.0   0.0   0:00.35 top -bc -d 1 -n 6000
  845 root      20   0   96380  90004  12488 S   0.0   1.1   5:37.84 /usr/local/bin/python3.8 /usr/local/bin/zkay run --blockchain-backend w3-eth-tester .+

top - 22:04:43 up 1 day,  1:58,  0 users,  load average: 1.50, 1.70, 1.07
Tasks:   6 total,   2 running,   4 sleeping,   0 stopped,   0 zombie
%Cpu(s):  8.2 us,  0.2 sy,  0.0 ni, 91.7 id,  0.0 wa,  0.0 hi,  0.0 si,  0.0 st
MiB Mem :   7877.2 total,   2046.5 free,   3120.4 used,   2710.3 buff/cache
MiB Swap:   2048.0 total,   2048.0 free,      0.0 used.   4445.5 avail Mem 

  PID USER      PR  NI    VIRT    RES    SHR S  %CPU  %MEM     TIME+ COMMAND
 1793 root      20   0 2134272   1.9g   5092 R 100.0  24.1   0:13.90 /zkay/zkay/jsnark_interface/run_snark proofgen /tmp/tmppioyscm9 /tmp/tmppioyscm9/proo+
    1 root      20   0    3984   3232   2736 S   0.0   0.0   0:00.06 bash
    7 root      20   0    3992   3108   2608 S   0.0   0.0   0:00.08 bash
   13 root      20   0    3988   3228   2716 S   0.0   0.0   0:00.10 bash
  844 root      20   0    7864   2984   2628 R   0.0   0.0   0:00.35 top -bc -d 1 -n 6000
  845 root      20   0   96380  90004  12488 S   0.0   1.1   5:37.84 /usr/local/bin/python3.8 /usr/local/bin/zkay run --blockchain-backend w3-eth-tester .+

top - 22:04:44 up 1 day,  1:58,  0 users,  load average: 1.50, 1.70, 1.07
Tasks:   6 total,   2 running,   4 sleeping,   0 stopped,   0 zombie
%Cpu(s):  8.3 us,  0.2 sy,  0.0 ni, 91.5 id,  0.0 wa,  0.0 hi,  0.0 si,  0.0 st
MiB Mem :   7877.2 total,   1797.0 free,   3369.9 used,   2710.3 buff/cache
MiB Swap:   2048.0 total,   2048.0 free,      0.0 used.   4196.0 avail Mem 

  PID USER      PR  NI    VIRT    RES    SHR S  %CPU  %MEM     TIME+ COMMAND
 1793 root      20   0 2240480   2.0g   5092 R 100.0  25.5   0:14.91 /zkay/zkay/jsnark_interface/run_snark proofgen /tmp/tmppioyscm9 /tmp/tmppioyscm9/proo+
    1 root      20   0    3984   3232   2736 S   0.0   0.0   0:00.06 bash
    7 root      20   0    3992   3108   2608 S   0.0   0.0   0:00.08 bash
   13 root      20   0    3988   3228   2716 S   0.0   0.0   0:00.10 bash
  844 root      20   0    7864   2984   2628 R   0.0   0.0   0:00.35 top -bc -d 1 -n 6000
  845 root      20   0   96380  90004  12488 S   0.0   1.1   5:37.84 /usr/local/bin/python3.8 /usr/local/bin/zkay run --blockchain-backend w3-eth-tester .+

top - 22:04:45 up 1 day,  1:58,  0 users,  load average: 1.50, 1.70, 1.07
Tasks:   6 total,   2 running,   4 sleeping,   0 stopped,   0 zombie
%Cpu(s):  7.7 us,  0.6 sy,  0.0 ni, 91.6 id,  0.1 wa,  0.0 hi,  0.0 si,  0.0 st
MiB Mem :   7877.2 total,   1797.0 free,   3369.9 used,   2710.3 buff/cache
MiB Swap:   2048.0 total,   2048.0 free,      0.0 used.   4196.0 avail Mem 

  PID USER      PR  NI    VIRT    RES    SHR S  %CPU  %MEM     TIME+ COMMAND
 1793 root      20   0 2387840   2.2g   5092 R 100.0  28.5   0:15.91 /zkay/zkay/jsnark_interface/run_snark proofgen /tmp/tmppioyscm9 /tmp/tmppioyscm9/proo+
    1 root      20   0    3984   3232   2736 S   0.0   0.0   0:00.06 bash
    7 root      20   0    3992   3108   2608 S   0.0   0.0   0:00.08 bash
   13 root      20   0    3988   3228   2716 S   0.0   0.0   0:00.10 bash
  844 root      20   0    7864   2984   2628 R   0.0   0.0   0:00.35 top -bc -d 1 -n 6000
  845 root      20   0   96380  90004  12488 S   0.0   1.1   5:37.84 /usr/local/bin/python3.8 /usr/local/bin/zkay run --blockchain-backend w3-eth-tester .+

top - 22:04:46 up 1 day,  1:58,  0 users,  load average: 1.46, 1.69, 1.07
Tasks:   6 total,   2 running,   4 sleeping,   0 stopped,   0 zombie
%Cpu(s):  9.2 us,  0.2 sy,  0.0 ni, 90.6 id,  0.0 wa,  0.0 hi,  0.0 si,  0.0 st
MiB Mem :   7877.2 total,   1797.0 free,   3369.9 used,   2710.3 buff/cache
MiB Swap:   2048.0 total,   2048.0 free,      0.0 used.   4196.0 avail Mem 

  PID USER      PR  NI    VIRT    RES    SHR S  %CPU  %MEM     TIME+ COMMAND
 1793 root      20   0 3124284   2.4g   5092 R 110.0  31.7   0:17.01 /zkay/zkay/jsnark_interface/run_snark proofgen /tmp/tmppioyscm9 /tmp/tmppioyscm9/proo+
    1 root      20   0    3984   3232   2736 S   0.0   0.0   0:00.06 bash
    7 root      20   0    3992   3108   2608 S   0.0   0.0   0:00.08 bash
   13 root      20   0    3988   3228   2716 S   0.0   0.0   0:00.10 bash
  844 root      20   0    7864   2984   2628 R   0.0   0.0   0:00.35 top -bc -d 1 -n 6000
  845 root      20   0   96380  90004  12488 S   0.0   1.1   5:37.84 /usr/local/bin/python3.8 /usr/local/bin/zkay run --blockchain-backend w3-eth-tester .+

top - 22:04:47 up 1 day,  1:58,  0 users,  load average: 1.46, 1.69, 1.07
Tasks:   6 total,   2 running,   4 sleeping,   0 stopped,   0 zombie
%Cpu(s): 43.0 us, 11.1 sy,  0.0 ni, 45.8 id,  0.0 wa,  0.0 hi,  0.2 si,  0.0 st
MiB Mem :   7877.2 total,   1082.7 free,   4084.1 used,   2710.3 buff/cache
MiB Swap:   2048.0 total,   2048.0 free,      0.0 used.   3481.8 avail Mem 

  PID USER      PR  NI    VIRT    RES    SHR S  %CPU  %MEM     TIME+ COMMAND
 1793 root      20   0 3386428   2.7g   5092 R 638.0  34.6   0:23.39 /zkay/zkay/jsnark_interface/run_snark proofgen /tmp/tmppioyscm9 /tmp/tmppioyscm9/proo+
    1 root      20   0    3984   3232   2736 S   0.0   0.0   0:00.06 bash
    7 root      20   0    3992   3108   2608 S   0.0   0.0   0:00.08 bash
   13 root      20   0    3988   3228   2716 S   0.0   0.0   0:00.10 bash
  844 root      20   0    7864   2984   2628 R   0.0   0.0   0:00.35 top -bc -d 1 -n 6000
  845 root      20   0   96380  90004  12488 S   0.0   1.1   5:37.84 /usr/local/bin/python3.8 /usr/local/bin/zkay run --blockchain-backend w3-eth-tester .+

top - 22:04:48 up 1 day,  1:58,  0 users,  load average: 1.46, 1.69, 1.07
Tasks:   6 total,   2 running,   4 sleeping,   0 stopped,   0 zombie
%Cpu(s): 36.3 us, 10.3 sy,  0.0 ni, 53.0 id,  0.0 wa,  0.0 hi,  0.3 si,  0.0 st
MiB Mem :   7877.2 total,   1082.7 free,   4084.1 used,   2710.3 buff/cache
MiB Swap:   2048.0 total,   2048.0 free,      0.0 used.   3481.8 avail Mem 

  PID USER      PR  NI    VIRT    RES    SHR S  %CPU  %MEM     TIME+ COMMAND
 1793 root      20   0 3392368   2.9g   5092 R 552.0  37.6   0:28.91 /zkay/zkay/jsnark_interface/run_snark proofgen /tmp/tmppioyscm9 /tmp/tmppioyscm9/proo+
    1 root      20   0    3984   3232   2736 S   0.0   0.0   0:00.06 bash
    7 root      20   0    3992   3108   2608 S   0.0   0.0   0:00.08 bash
   13 root      20   0    3988   3228   2716 S   0.0   0.0   0:00.10 bash
  844 root      20   0    7864   2984   2628 R   0.0   0.0   0:00.35 top -bc -d 1 -n 6000
  845 root      20   0   96380  90004  12488 S   0.0   1.1   5:37.84 /usr/local/bin/python3.8 /usr/local/bin/zkay run --blockchain-backend w3-eth-tester .+

top - 22:04:49 up 1 day,  1:58,  0 users,  load average: 1.46, 1.69, 1.07
Tasks:   6 total,   2 running,   4 sleeping,   0 stopped,   0 zombie
%Cpu(s):  8.5 us,  0.2 sy,  0.0 ni, 90.4 id,  0.0 wa,  0.0 hi,  0.8 si,  0.0 st
MiB Mem :   7877.2 total,   1082.7 free,   4084.1 used,   2710.3 buff/cache
MiB Swap:   2048.0 total,   2048.0 free,      0.0 used.   3481.8 avail Mem 

  PID USER      PR  NI    VIRT    RES    SHR S  %CPU  %MEM     TIME+ COMMAND
 1793 root      20   0 3169008   2.7g   5092 R 100.0  35.0   0:29.91 /zkay/zkay/jsnark_interface/run_snark proofgen /tmp/tmppioyscm9 /tmp/tmppioyscm9/proo+
    1 root      20   0    3984   3232   2736 S   0.0   0.0   0:00.06 bash
    7 root      20   0    3992   3108   2608 S   0.0   0.0   0:00.08 bash
   13 root      20   0    3988   3228   2716 S   0.0   0.0   0:00.10 bash
  844 root      20   0    7864   2984   2628 R   0.0   0.0   0:00.35 top -bc -d 1 -n 6000
  845 root      20   0   96380  90004  12488 S   0.0   1.1   5:37.84 /usr/local/bin/python3.8 /usr/local/bin/zkay run --blockchain-backend w3-eth-tester .+

top - 22:04:50 up 1 day,  1:58,  0 users,  load average: 1.46, 1.69, 1.07
Tasks:   6 total,   2 running,   4 sleeping,   0 stopped,   0 zombie
%Cpu(s):  8.3 us,  0.0 sy,  0.0 ni, 91.7 id,  0.0 wa,  0.0 hi,  0.0 si,  0.0 st
MiB Mem :   7877.2 total,   1012.7 free,   4154.1 used,   2710.3 buff/cache
MiB Swap:   2048.0 total,   2048.0 free,      0.0 used.   3411.8 avail Mem 

  PID USER      PR  NI    VIRT    RES    SHR S  %CPU  %MEM     TIME+ COMMAND
 1793 root      20   0 3205092   2.7g   5092 R 100.0  35.5   0:30.91 /zkay/zkay/jsnark_interface/run_snark proofgen /tmp/tmppioyscm9 /tmp/tmppioyscm9/proo+
  844 root      20   0    7864   2984   2628 R   1.0   0.0   0:00.36 top -bc -d 1 -n 6000
    1 root      20   0    3984   3232   2736 S   0.0   0.0   0:00.06 bash
    7 root      20   0    3992   3108   2608 S   0.0   0.0   0:00.08 bash
   13 root      20   0    3988   3228   2716 S   0.0   0.0   0:00.10 bash
  845 root      20   0   96380  90004  12488 S   0.0   1.1   5:37.84 /usr/local/bin/python3.8 /usr/local/bin/zkay run --blockchain-backend w3-eth-tester .+

top - 22:04:51 up 1 day,  1:58,  0 users,  load average: 1.43, 1.68, 1.07
Tasks:   6 total,   2 running,   4 sleeping,   0 stopped,   0 zombie
%Cpu(s):  8.3 us,  0.7 sy,  0.0 ni, 90.9 id,  0.1 wa,  0.0 hi,  0.1 si,  0.0 st
MiB Mem :   7877.2 total,   1012.7 free,   4154.1 used,   2710.3 buff/cache
MiB Swap:   2048.0 total,   2048.0 free,      0.0 used.   3411.8 avail Mem 

  PID USER      PR  NI    VIRT    RES    SHR S  %CPU  %MEM     TIME+ COMMAND
 1793 root      20   0 3195572   2.7g   5092 R 100.0  35.1   0:31.92 /zkay/zkay/jsnark_interface/run_snark proofgen /tmp/tmppioyscm9 /tmp/tmppioyscm9/proo+
    1 root      20   0    3984   3232   2736 S   0.0   0.0   0:00.06 bash
    7 root      20   0    3992   3108   2608 S   0.0   0.0   0:00.08 bash
   13 root      20   0    3988   3228   2716 S   0.0   0.0   0:00.10 bash
  844 root      20   0    7864   2984   2628 R   0.0   0.0   0:00.36 top -bc -d 1 -n 6000
  845 root      20   0   96380  90004  12488 S   0.0   1.1   5:37.84 /usr/local/bin/python3.8 /usr/local/bin/zkay run --blockchain-backend w3-eth-tester .+

top - 22:04:52 up 1 day,  1:58,  0 users,  load average: 1.43, 1.68, 1.07
Tasks:   6 total,   2 running,   4 sleeping,   0 stopped,   0 zombie
%Cpu(s):  7.7 us,  0.7 sy,  0.0 ni, 91.7 id,  0.0 wa,  0.0 hi,  0.0 si,  0.0 st
MiB Mem :   7877.2 total,   1012.7 free,   4154.1 used,   2710.3 buff/cache
MiB Swap:   2048.0 total,   2048.0 free,      0.0 used.   3411.8 avail Mem 

  PID USER      PR  NI    VIRT    RES    SHR S  %CPU  %MEM     TIME+ COMMAND
 1793 root      20   0 3277252   2.8g   5092 R 100.0  35.9   0:32.92 /zkay/zkay/jsnark_interface/run_snark proofgen /tmp/tmppioyscm9 /tmp/tmppioyscm9/proo+
    1 root      20   0    3984   3232   2736 S   0.0   0.0   0:00.06 bash
    7 root      20   0    3992   3108   2608 S   0.0   0.0   0:00.08 bash
   13 root      20   0    3988   3228   2716 S   0.0   0.0   0:00.10 bash
  844 root      20   0    7864   2984   2628 R   0.0   0.0   0:00.36 top -bc -d 1 -n 6000
  845 root      20   0   96380  90004  12488 S   0.0   1.1   5:37.84 /usr/local/bin/python3.8 /usr/local/bin/zkay run --blockchain-backend w3-eth-tester .+

top - 22:04:53 up 1 day,  1:58,  0 users,  load average: 1.43, 1.68, 1.07
Tasks:   6 total,   2 running,   4 sleeping,   0 stopped,   0 zombie
%Cpu(s):  8.6 us,  0.3 sy,  0.0 ni, 91.0 id,  0.1 wa,  0.0 hi,  0.0 si,  0.0 st
MiB Mem :   7877.2 total,    941.3 free,   4225.6 used,   2710.3 buff/cache
MiB Swap:   2048.0 total,   2048.0 free,      0.0 used.   3340.3 avail Mem 

  PID USER      PR  NI    VIRT    RES    SHR S  %CPU  %MEM     TIME+ COMMAND
 1793 root      20   0 3277252   2.8g   5092 R 107.0  36.3   0:33.99 /zkay/zkay/jsnark_interface/run_snark proofgen /tmp/tmppioyscm9 /tmp/tmppioyscm9/proo+
    1 root      20   0    3984   3232   2736 S   0.0   0.0   0:00.06 bash
    7 root      20   0    3992   3108   2608 S   0.0   0.0   0:00.08 bash
   13 root      20   0    3988   3228   2716 S   0.0   0.0   0:00.10 bash
  844 root      20   0    7864   2984   2628 R   0.0   0.0   0:00.36 top -bc -d 1 -n 6000
  845 root      20   0   96380  90004  12488 S   0.0   1.1   5:37.84 /usr/local/bin/python3.8 /usr/local/bin/zkay run --blockchain-backend w3-eth-tester .+

top - 22:04:54 up 1 day,  1:59,  0 users,  load average: 1.43, 1.68, 1.07
Tasks:   6 total,   2 running,   4 sleeping,   0 stopped,   0 zombie
%Cpu(s): 28.3 us,  0.2 sy,  0.0 ni, 71.4 id,  0.0 wa,  0.0 hi,  0.1 si,  0.0 st
MiB Mem :   7877.2 total,    941.3 free,   4225.6 used,   2710.3 buff/cache
MiB Swap:   2048.0 total,   2048.0 free,      0.0 used.   3340.3 avail Mem 

  PID USER      PR  NI    VIRT    RES    SHR S  %CPU  %MEM     TIME+ COMMAND
 1793 root      20   0 3277252   2.8g   5092 R 352.0  36.3   0:37.51 /zkay/zkay/jsnark_interface/run_snark proofgen /tmp/tmppioyscm9 /tmp/tmppioyscm9/proo+
    1 root      20   0    3984   3232   2736 S   0.0   0.0   0:00.06 bash
    7 root      20   0    3992   3108   2608 S   0.0   0.0   0:00.08 bash
   13 root      20   0    3988   3228   2716 S   0.0   0.0   0:00.10 bash
  844 root      20   0    7864   2984   2628 R   0.0   0.0   0:00.36 top -bc -d 1 -n 6000
  845 root      20   0   96380  90004  12488 S   0.0   1.1   5:37.84 /usr/local/bin/python3.8 /usr/local/bin/zkay run --blockchain-backend w3-eth-tester .+

top - 22:04:55 up 1 day,  1:59,  0 users,  load average: 1.43, 1.68, 1.07
Tasks:   6 total,   2 running,   4 sleeping,   0 stopped,   0 zombie
%Cpu(s): 23.6 us,  0.1 sy,  0.0 ni, 76.2 id,  0.0 wa,  0.0 hi,  0.2 si,  0.0 st
MiB Mem :   7877.2 total,    941.3 free,   4225.6 used,   2710.3 buff/cache
MiB Swap:   2048.0 total,   2048.0 free,      0.0 used.   3340.3 avail Mem 

  PID USER      PR  NI    VIRT    RES    SHR S  %CPU  %MEM     TIME+ COMMAND
 1793 root      20   0 3277252   2.8g   5092 R 280.0  36.3   0:40.31 /zkay/zkay/jsnark_interface/run_snark proofgen /tmp/tmppioyscm9 /tmp/tmppioyscm9/proo+
    1 root      20   0    3984   3232   2736 S   0.0   0.0   0:00.06 bash
    7 root      20   0    3992   3108   2608 S   0.0   0.0   0:00.08 bash
   13 root      20   0    3988   3228   2716 S   0.0   0.0   0:00.10 bash
  844 root      20   0    7864   2984   2628 R   0.0   0.0   0:00.36 top -bc -d 1 -n 6000
  845 root      20   0   96380  90004  12488 S   0.0   1.1   5:37.84 /usr/local/bin/python3.8 /usr/local/bin/zkay run --blockchain-backend w3-eth-tester .+

top - 22:04:56 up 1 day,  1:59,  0 users,  load average: 1.63, 1.72, 1.08
Tasks:   6 total,   2 running,   4 sleeping,   0 stopped,   0 zombie
%Cpu(s): 27.8 us,  0.0 sy,  0.0 ni, 71.8 id,  0.0 wa,  0.0 hi,  0.4 si,  0.0 st
MiB Mem :   7877.2 total,    941.2 free,   4225.3 used,   2710.8 buff/cache
MiB Swap:   2048.0 total,   2048.0 free,      0.0 used.   3340.6 avail Mem 

  PID USER      PR  NI    VIRT    RES    SHR S  %CPU  %MEM     TIME+ COMMAND
 1793 root      20   0 3277252   2.8g   5092 R 354.0  36.3   0:43.85 /zkay/zkay/jsnark_interface/run_snark proofgen /tmp/tmppioyscm9 /tmp/tmppioyscm9/proo+
    1 root      20   0    3984   3232   2736 S   0.0   0.0   0:00.06 bash
    7 root      20   0    3992   3108   2608 S   0.0   0.0   0:00.08 bash
   13 root      20   0    3988   3228   2716 S   0.0   0.0   0:00.10 bash
  844 root      20   0    7864   2984   2628 R   0.0   0.0   0:00.36 top -bc -d 1 -n 6000
  845 root      20   0   96380  90004  12488 S   0.0   1.1   5:37.84 /usr/local/bin/python3.8 /usr/local/bin/zkay run --blockchain-backend w3-eth-tester .+

top - 22:04:57 up 1 day,  1:59,  0 users,  load average: 1.63, 1.72, 1.08
Tasks:   6 total,   2 running,   4 sleeping,   0 stopped,   0 zombie
%Cpu(s): 19.7 us,  0.1 sy,  0.0 ni, 80.0 id,  0.0 wa,  0.0 hi,  0.2 si,  0.0 st
MiB Mem :   7877.2 total,    941.2 free,   4225.3 used,   2710.8 buff/cache
MiB Swap:   2048.0 total,   2048.0 free,      0.0 used.   3340.6 avail Mem 

  PID USER      PR  NI    VIRT    RES    SHR S  %CPU  %MEM     TIME+ COMMAND
 1793 root      20   0 3277252   2.8g   5092 R 242.0  36.3   0:46.27 /zkay/zkay/jsnark_interface/run_snark proofgen /tmp/tmppioyscm9 /tmp/tmppioyscm9/proo+
    1 root      20   0    3984   3232   2736 S   0.0   0.0   0:00.06 bash
    7 root      20   0    3992   3108   2608 S   0.0   0.0   0:00.08 bash
   13 root      20   0    3988   3228   2716 S   0.0   0.0   0:00.10 bash
  844 root      20   0    7864   2984   2628 R   0.0   0.0   0:00.36 top -bc -d 1 -n 6000
  845 root      20   0   96380  90004  12488 S   0.0   1.1   5:37.84 /usr/local/bin/python3.8 /usr/local/bin/zkay run --blockchain-backend w3-eth-tester .+

top - 22:04:58 up 1 day,  1:59,  0 users,  load average: 1.63, 1.72, 1.08
Tasks:   6 total,   2 running,   4 sleeping,   0 stopped,   0 zombie
%Cpu(s): 20.0 us,  0.2 sy,  0.0 ni, 79.7 id,  0.0 wa,  0.0 hi,  0.1 si,  0.0 st
MiB Mem :   7877.2 total,    941.2 free,   4225.3 used,   2710.8 buff/cache
MiB Swap:   2048.0 total,   2048.0 free,      0.0 used.   3340.6 avail Mem 

  PID USER      PR  NI    VIRT    RES    SHR S  %CPU  %MEM     TIME+ COMMAND
 1793 root      20   0 3277252   2.8g   5092 R 237.0  36.3   0:48.64 /zkay/zkay/jsnark_interface/run_snark proofgen /tmp/tmppioyscm9 /tmp/tmppioyscm9/proo+
    1 root      20   0    3984   3232   2736 S   0.0   0.0   0:00.06 bash
    7 root      20   0    3992   3108   2608 S   0.0   0.0   0:00.08 bash
   13 root      20   0    3988   3228   2716 S   0.0   0.0   0:00.10 bash
  844 root      20   0    7864   2984   2628 R   0.0   0.0   0:00.36 top -bc -d 1 -n 6000
  845 root      20   0   96380  90004  12488 S   0.0   1.1   5:37.84 /usr/local/bin/python3.8 /usr/local/bin/zkay run --blockchain-backend w3-eth-tester .+

top - 22:04:59 up 1 day,  1:59,  0 users,  load average: 1.63, 1.72, 1.08
Tasks:   6 total,   2 running,   4 sleeping,   0 stopped,   0 zombie
%Cpu(s): 26.7 us,  0.2 sy,  0.0 ni, 72.3 id,  0.0 wa,  0.0 hi,  0.7 si,  0.0 st
MiB Mem :   7877.2 total,    940.4 free,   4225.9 used,   2710.8 buff/cache
MiB Swap:   2048.0 total,   2048.0 free,      0.0 used.   3339.9 avail Mem 

  PID USER      PR  NI    VIRT    RES    SHR S  %CPU  %MEM     TIME+ COMMAND
 1793 root      20   0 3277252   2.8g   5092 R 312.9  36.3   0:51.80 /zkay/zkay/jsnark_interface/run_snark proofgen /tmp/tmppioyscm9 /tmp/tmppioyscm9/proo+
    1 root      20   0    3984   3232   2736 S   0.0   0.0   0:00.06 bash
    7 root      20   0    3992   3108   2608 S   0.0   0.0   0:00.08 bash
   13 root      20   0    3988   3228   2716 S   0.0   0.0   0:00.10 bash
  844 root      20   0    7864   2984   2628 R   0.0   0.0   0:00.36 top -bc -d 1 -n 6000
  845 root      20   0   96380  90004  12488 S   0.0   1.1   5:37.84 /usr/local/bin/python3.8 /usr/local/bin/zkay run --blockchain-backend w3-eth-tester .+

top - 22:05:00 up 1 day,  1:59,  0 users,  load average: 1.63, 1.72, 1.08
Tasks:   6 total,   2 running,   4 sleeping,   0 stopped,   0 zombie
%Cpu(s): 85.6 us,  0.1 sy,  0.0 ni, 14.2 id,  0.0 wa,  0.0 hi,  0.2 si,  0.0 st
MiB Mem :   7877.2 total,    940.4 free,   4225.9 used,   2710.8 buff/cache
MiB Swap:   2048.0 total,   2048.0 free,      0.0 used.   3339.9 avail Mem 

  PID USER      PR  NI    VIRT    RES    SHR S  %CPU  %MEM     TIME+ COMMAND
 1793 root      20   0 3277252   2.8g   5092 R  1027  36.3   1:02.07 /zkay/zkay/jsnark_interface/run_snark proofgen /tmp/tmppioyscm9 /tmp/tmppioyscm9/proo+
    1 root      20   0    3984   3232   2736 S   0.0   0.0   0:00.06 bash
    7 root      20   0    3992   3108   2608 S   0.0   0.0   0:00.08 bash
   13 root      20   0    3988   3228   2716 S   0.0   0.0   0:00.10 bash
  844 root      20   0    7864   2984   2628 R   0.0   0.0   0:00.36 top -bc -d 1 -n 6000
  845 root      20   0   96380  90004  12488 S   0.0   1.1   5:37.84 /usr/local/bin/python3.8 /usr/local/bin/zkay run --blockchain-backend w3-eth-tester .+

top - 22:05:01 up 1 day,  1:59,  0 users,  load average: 2.46, 1.89, 1.14
Tasks:   6 total,   2 running,   4 sleeping,   0 stopped,   0 zombie
%Cpu(s): 97.1 us,  0.1 sy,  0.0 ni,  2.8 id,  0.0 wa,  0.0 hi,  0.0 si,  0.0 st
MiB Mem :   7877.2 total,    940.4 free,   4225.9 used,   2710.8 buff/cache
MiB Swap:   2048.0 total,   2048.0 free,      0.0 used.   3339.9 avail Mem 

  PID USER      PR  NI    VIRT    RES    SHR S  %CPU  %MEM     TIME+ COMMAND
 1793 root      20   0 3277252   2.8g   5092 R  1165  36.3   1:13.72 /zkay/zkay/jsnark_interface/run_snark proofgen /tmp/tmppioyscm9 /tmp/tmppioyscm9/proo+
    1 root      20   0    3984   3232   2736 S   0.0   0.0   0:00.06 bash
    7 root      20   0    3992   3108   2608 S   0.0   0.0   0:00.08 bash
   13 root      20   0    3988   3228   2716 S   0.0   0.0   0:00.10 bash
  844 root      20   0    7864   2984   2628 R   0.0   0.0   0:00.36 top -bc -d 1 -n 6000
  845 root      20   0   96380  90004  12488 S   0.0   1.1   5:37.84 /usr/local/bin/python3.8 /usr/local/bin/zkay run --blockchain-backend w3-eth-tester .+

top - 22:05:02 up 1 day,  1:59,  0 users,  load average: 2.46, 1.89, 1.14
Tasks:   6 total,   2 running,   4 sleeping,   0 stopped,   0 zombie
%Cpu(s):100.0 us,  0.0 sy,  0.0 ni,  0.0 id,  0.0 wa,  0.0 hi,  0.0 si,  0.0 st
MiB Mem :   7877.2 total,    941.2 free,   4225.2 used,   2710.8 buff/cache
MiB Swap:   2048.0 total,   2048.0 free,      0.0 used.   3340.7 avail Mem 

  PID USER      PR  NI    VIRT    RES    SHR S  %CPU  %MEM     TIME+ COMMAND
 1793 root      20   0 3277252   2.8g   5092 R  1200  36.3   1:25.72 /zkay/zkay/jsnark_interface/run_snark proofgen /tmp/tmppioyscm9 /tmp/tmppioyscm9/proo+
    1 root      20   0    3984   3232   2736 S   0.0   0.0   0:00.06 bash
    7 root      20   0    3992   3108   2608 S   0.0   0.0   0:00.08 bash
   13 root      20   0    3988   3228   2716 S   0.0   0.0   0:00.10 bash
  844 root      20   0    7864   2984   2628 R   0.0   0.0   0:00.36 top -bc -d 1 -n 6000
  845 root      20   0   96380  90004  12488 S   0.0   1.1   5:37.84 /usr/local/bin/python3.8 /usr/local/bin/zkay run --blockchain-backend w3-eth-tester .+

top - 22:05:03 up 1 day,  1:59,  0 users,  load average: 2.46, 1.89, 1.14
Tasks:   6 total,   2 running,   4 sleeping,   0 stopped,   0 zombie
%Cpu(s): 78.9 us,  0.0 sy,  0.0 ni, 21.1 id,  0.0 wa,  0.0 hi,  0.0 si,  0.0 st
MiB Mem :   7877.2 total,    941.2 free,   4225.2 used,   2710.8 buff/cache
MiB Swap:   2048.0 total,   2048.0 free,      0.0 used.   3340.7 avail Mem 

  PID USER      PR  NI    VIRT    RES    SHR S  %CPU  %MEM     TIME+ COMMAND
 1793 root      20   0 3277252   2.8g   5092 R 954.0  36.3   1:35.26 /zkay/zkay/jsnark_interface/run_snark proofgen /tmp/tmppioyscm9 /tmp/tmppioyscm9/proo+
    1 root      20   0    3984   3232   2736 S   0.0   0.0   0:00.06 bash
    7 root      20   0    3992   3108   2608 S   0.0   0.0   0:00.08 bash
   13 root      20   0    3988   3228   2716 S   0.0   0.0   0:00.10 bash
  844 root      20   0    7864   2984   2628 R   0.0   0.0   0:00.36 top -bc -d 1 -n 6000
  845 root      20   0   96380  90004  12488 S   0.0   1.1   5:37.84 /usr/local/bin/python3.8 /usr/local/bin/zkay run --blockchain-backend w3-eth-tester .+

top - 22:05:04 up 1 day,  1:59,  0 users,  load average: 2.46, 1.89, 1.14
Tasks:   5 total,   2 running,   3 sleeping,   0 stopped,   0 zombie
%Cpu(s): 30.5 us,  1.0 sy,  0.0 ni, 67.6 id,  0.0 wa,  0.0 hi,  0.8 si,  0.0 st
MiB Mem :   7877.2 total,    941.2 free,   4225.2 used,   2710.8 buff/cache
MiB Swap:   2048.0 total,   2048.0 free,      0.0 used.   3340.7 avail Mem 

  PID USER      PR  NI    VIRT    RES    SHR S  %CPU  %MEM     TIME+ COMMAND
  845 root      20   0   96380  90004  12488 R  47.0   1.1   5:38.31 /usr/local/bin/python3.8 /usr/local/bin/zkay run --blockchain-backend w3-eth-tester .+
    1 root      20   0    3984   3232   2736 S   0.0   0.0   0:00.06 bash
    7 root      20   0    3992   3108   2608 S   0.0   0.0   0:00.08 bash
   13 root      20   0    3988   3228   2716 S   0.0   0.0   0:00.10 bash
  844 root      20   0    7864   2984   2628 R   0.0   0.0   0:00.36 top -bc -d 1 -n 6000

top - 22:05:05 up 1 day,  1:59,  0 users,  load average: 2.46, 1.89, 1.14
Tasks:   5 total,   2 running,   3 sleeping,   0 stopped,   0 zombie
%Cpu(s):  8.3 us,  0.0 sy,  0.0 ni, 91.6 id,  0.0 wa,  0.0 hi,  0.1 si,  0.0 st
MiB Mem :   7877.2 total,   3876.6 free,   1359.9 used,   2640.7 buff/cache
MiB Swap:   2048.0 total,   2048.0 free,      0.0 used.   6206.2 avail Mem 

  PID USER      PR  NI    VIRT    RES    SHR S  %CPU  %MEM     TIME+ COMMAND
  845 root      20   0   96380  90004  12488 R 100.0   1.1   5:39.31 /usr/local/bin/python3.8 /usr/local/bin/zkay run --blockchain-backend w3-eth-tester .+
    1 root      20   0    3984   3232   2736 S   0.0   0.0   0:00.06 bash
    7 root      20   0    3992   3108   2608 S   0.0   0.0   0:00.08 bash
   13 root      20   0    3988   3228   2716 S   0.0   0.0   0:00.10 bash
  844 root      20   0    7864   2984   2628 R   0.0   0.0   0:00.36 top -bc -d 1 -n 6000

top - 22:05:06 up 1 day,  1:59,  0 users,  load average: 2.35, 1.88, 1.14
Tasks:   5 total,   2 running,   3 sleeping,   0 stopped,   0 zombie
%Cpu(s):  8.3 us,  0.5 sy,  0.0 ni, 91.2 id,  0.0 wa,  0.0 hi,  0.0 si,  0.0 st
MiB Mem :   7877.2 total,   3876.6 free,   1359.9 used,   2640.7 buff/cache
MiB Swap:   2048.0 total,   2048.0 free,      0.0 used.   6206.2 avail Mem 

  PID USER      PR  NI    VIRT    RES    SHR S  %CPU  %MEM     TIME+ COMMAND
  845 root      20   0   96380  90004  12488 R 100.0   1.1   5:40.32 /usr/local/bin/python3.8 /usr/local/bin/zkay run --blockchain-backend w3-eth-tester .+
    1 root      20   0    3984   3232   2736 S   0.0   0.0   0:00.06 bash
    7 root      20   0    3992   3108   2608 S   0.0   0.0   0:00.08 bash
   13 root      20   0    3988   3228   2716 S   0.0   0.0   0:00.10 bash
  844 root      20   0    7864   2984   2628 R   0.0   0.0   0:00.36 top -bc -d 1 -n 6000

top - 22:05:07 up 1 day,  1:59,  0 users,  load average: 2.35, 1.88, 1.14
Tasks:   5 total,   2 running,   3 sleeping,   0 stopped,   0 zombie
%Cpu(s):  8.3 us,  0.0 sy,  0.0 ni, 91.6 id,  0.0 wa,  0.0 hi,  0.1 si,  0.0 st
MiB Mem :   7877.2 total,   3876.6 free,   1359.9 used,   2640.7 buff/cache
MiB Swap:   2048.0 total,   2048.0 free,      0.0 used.   6206.2 avail Mem 

  PID USER      PR  NI    VIRT    RES    SHR S  %CPU  %MEM     TIME+ COMMAND
  845 root      20   0   96380  90004  12488 R 100.0   1.1   5:41.32 /usr/local/bin/python3.8 /usr/local/bin/zkay run --blockchain-backend w3-eth-tester .+
    1 root      20   0    3984   3232   2736 S   0.0   0.0   0:00.06 bash
    7 root      20   0    3992   3108   2608 S   0.0   0.0   0:00.08 bash
   13 root      20   0    3988   3228   2716 S   0.0   0.0   0:00.10 bash
  844 root      20   0    7864   2984   2628 R   0.0   0.0   0:00.36 top -bc -d 1 -n 6000

top - 22:05:08 up 1 day,  1:59,  0 users,  load average: 2.35, 1.88, 1.14
Tasks:   5 total,   2 running,   3 sleeping,   0 stopped,   0 zombie
%Cpu(s):  8.4 us,  0.4 sy,  0.0 ni, 90.8 id,  0.0 wa,  0.0 hi,  0.3 si,  0.0 st
MiB Mem :   7877.2 total,   3876.2 free,   1360.3 used,   2640.7 buff/cache
MiB Swap:   2048.0 total,   2048.0 free,      0.0 used.   6205.8 avail Mem 

  PID USER      PR  NI    VIRT    RES    SHR S  %CPU  %MEM     TIME+ COMMAND
  845 root      20   0   96380  90004  12488 R 100.0   1.1   5:42.32 /usr/local/bin/python3.8 /usr/local/bin/zkay run --blockchain-backend w3-eth-tester .+
    1 root      20   0    3984   3232   2736 S   0.0   0.0   0:00.06 bash
    7 root      20   0    3992   3108   2608 S   0.0   0.0   0:00.08 bash
   13 root      20   0    3988   3228   2716 S   0.0   0.0   0:00.10 bash
  844 root      20   0    7864   2984   2628 R   0.0   0.0   0:00.36 top -bc -d 1 -n 6000

top - 22:05:09 up 1 day,  1:59,  0 users,  load average: 2.35, 1.88, 1.14
Tasks:   5 total,   2 running,   3 sleeping,   0 stopped,   0 zombie
%Cpu(s):  9.2 us,  0.4 sy,  0.0 ni, 89.9 id,  0.0 wa,  0.0 hi,  0.4 si,  0.0 st
MiB Mem :   7877.2 total,   3876.2 free,   1360.3 used,   2640.7 buff/cache
MiB Swap:   2048.0 total,   2048.0 free,      0.0 used.   6205.8 avail Mem 

  PID USER      PR  NI    VIRT    RES    SHR S  %CPU  %MEM     TIME+ COMMAND
  845 root      20   0   96380  90004  12488 R 100.0   1.1   5:43.32 /usr/local/bin/python3.8 /usr/local/bin/zkay run --blockchain-backend w3-eth-tester .+
    1 root      20   0    3984   3232   2736 S   0.0   0.0   0:00.06 bash
    7 root      20   0    3992   3108   2608 S   0.0   0.0   0:00.08 bash
   13 root      20   0    3988   3228   2716 S   0.0   0.0   0:00.10 bash
  844 root      20   0    7864   2984   2628 R   0.0   0.0   0:00.36 top -bc -d 1 -n 6000

top - 22:05:10 up 1 day,  1:59,  0 users,  load average: 2.35, 1.88, 1.14
Tasks:   5 total,   2 running,   3 sleeping,   0 stopped,   0 zombie
%Cpu(s):  8.3 us,  0.3 sy,  0.0 ni, 91.3 id,  0.0 wa,  0.0 hi,  0.1 si,  0.0 st
MiB Mem :   7877.2 total,   3876.2 free,   1360.3 used,   2640.7 buff/cache
MiB Swap:   2048.0 total,   2048.0 free,      0.0 used.   6205.8 avail Mem 

  PID USER      PR  NI    VIRT    RES    SHR S  %CPU  %MEM     TIME+ COMMAND
  845 root      20   0   96380  90004  12488 R 100.0   1.1   5:44.32 /usr/local/bin/python3.8 /usr/local/bin/zkay run --blockchain-backend w3-eth-tester .+
    1 root      20   0    3984   3232   2736 S   0.0   0.0   0:00.06 bash
    7 root      20   0    3992   3108   2608 S   0.0   0.0   0:00.08 bash
   13 root      20   0    3988   3228   2716 S   0.0   0.0   0:00.10 bash
  844 root      20   0    7864   2984   2628 R   0.0   0.0   0:00.36 top -bc -d 1 -n 6000

top - 22:05:11 up 1 day,  1:59,  0 users,  load average: 2.24, 1.86, 1.14
Tasks:   5 total,   2 running,   3 sleeping,   0 stopped,   0 zombie
%Cpu(s):  8.3 us,  0.0 sy,  0.0 ni, 91.7 id,  0.0 wa,  0.0 hi,  0.0 si,  0.0 st
MiB Mem :   7877.2 total,   3876.2 free,   1360.2 used,   2640.8 buff/cache
MiB Swap:   2048.0 total,   2048.0 free,      0.0 used.   6205.9 avail Mem 

  PID USER      PR  NI    VIRT    RES    SHR S  %CPU  %MEM     TIME+ COMMAND
  845 root      20   0   96380  90004  12488 R 100.0   1.1   5:45.32 /usr/local/bin/python3.8 /usr/local/bin/zkay run --blockchain-backend w3-eth-tester .+
    1 root      20   0    3984   3232   2736 S   0.0   0.0   0:00.06 bash
    7 root      20   0    3992   3108   2608 S   0.0   0.0   0:00.08 bash
   13 root      20   0    3988   3228   2716 S   0.0   0.0   0:00.10 bash
  844 root      20   0    7864   2984   2628 R   0.0   0.0   0:00.36 top -bc -d 1 -n 6000

top - 22:05:12 up 1 day,  1:59,  0 users,  load average: 2.24, 1.86, 1.14
Tasks:   5 total,   2 running,   3 sleeping,   0 stopped,   0 zombie
%Cpu(s):  8.4 us,  0.3 sy,  0.0 ni, 91.3 id,  0.0 wa,  0.0 hi,  0.0 si,  0.0 st
MiB Mem :   7877.2 total,   3876.2 free,   1360.2 used,   2640.8 buff/cache
MiB Swap:   2048.0 total,   2048.0 free,      0.0 used.   6205.9 avail Mem 

  PID USER      PR  NI    VIRT    RES    SHR S  %CPU  %MEM     TIME+ COMMAND
  845 root      20   0   96380  90004  12488 R 100.0   1.1   5:46.32 /usr/local/bin/python3.8 /usr/local/bin/zkay run --blockchain-backend w3-eth-tester .+
    1 root      20   0    3984   3232   2736 S   0.0   0.0   0:00.06 bash
    7 root      20   0    3992   3108   2608 S   0.0   0.0   0:00.08 bash
   13 root      20   0    3988   3228   2716 S   0.0   0.0   0:00.10 bash
  844 root      20   0    7864   2984   2628 R   0.0   0.0   0:00.36 top -bc -d 1 -n 6000

top - 22:05:13 up 1 day,  1:59,  0 users,  load average: 2.24, 1.86, 1.14
Tasks:   5 total,   2 running,   3 sleeping,   0 stopped,   0 zombie
%Cpu(s):  8.4 us,  0.0 sy,  0.0 ni, 91.6 id,  0.0 wa,  0.0 hi,  0.0 si,  0.0 st
MiB Mem :   7877.2 total,   3876.2 free,   1360.2 used,   2640.8 buff/cache
MiB Swap:   2048.0 total,   2048.0 free,      0.0 used.   6205.9 avail Mem 

  PID USER      PR  NI    VIRT    RES    SHR S  %CPU  %MEM     TIME+ COMMAND
  845 root      20   0   96380  90004  12488 R 100.0   1.1   5:47.33 /usr/local/bin/python3.8 /usr/local/bin/zkay run --blockchain-backend w3-eth-tester .+
    1 root      20   0    3984   3232   2736 S   0.0   0.0   0:00.06 bash
    7 root      20   0    3992   3108   2608 S   0.0   0.0   0:00.08 bash
   13 root      20   0    3988   3228   2716 S   0.0   0.0   0:00.10 bash
  844 root      20   0    7864   2984   2628 R   0.0   0.0   0:00.36 top -bc -d 1 -n 6000

top - 22:05:14 up 1 day,  1:59,  0 users,  load average: 2.24, 1.86, 1.14
Tasks:   5 total,   2 running,   3 sleeping,   0 stopped,   0 zombie
%Cpu(s):  8.3 us,  0.3 sy,  0.0 ni, 91.4 id,  0.0 wa,  0.0 hi,  0.0 si,  0.0 st
MiB Mem :   7877.2 total,   3876.2 free,   1360.2 used,   2640.8 buff/cache
MiB Swap:   2048.0 total,   2048.0 free,      0.0 used.   6205.9 avail Mem 

  PID USER      PR  NI    VIRT    RES    SHR S  %CPU  %MEM     TIME+ COMMAND
  845 root      20   0   96380  90004  12488 R 100.0   1.1   5:48.33 /usr/local/bin/python3.8 /usr/local/bin/zkay run --blockchain-backend w3-eth-tester .+
    1 root      20   0    3984   3232   2736 S   0.0   0.0   0:00.06 bash
    7 root      20   0    3992   3108   2608 S   0.0   0.0   0:00.08 bash
   13 root      20   0    3988   3228   2716 S   0.0   0.0   0:00.10 bash
  844 root      20   0    7864   2984   2628 R   0.0   0.0   0:00.36 top -bc -d 1 -n 6000

top - 22:05:15 up 1 day,  1:59,  0 users,  load average: 2.24, 1.86, 1.14
Tasks:   5 total,   2 running,   3 sleeping,   0 stopped,   0 zombie
%Cpu(s):  8.3 us,  0.0 sy,  0.0 ni, 91.6 id,  0.1 wa,  0.0 hi,  0.0 si,  0.0 st
MiB Mem :   7877.2 total,   3876.2 free,   1360.2 used,   2640.8 buff/cache
MiB Swap:   2048.0 total,   2048.0 free,      0.0 used.   6205.9 avail Mem 

  PID USER      PR  NI    VIRT    RES    SHR S  %CPU  %MEM     TIME+ COMMAND
  845 root      20   0   96380  90004  12488 R 100.0   1.1   5:49.33 /usr/local/bin/python3.8 /usr/local/bin/zkay run --blockchain-backend w3-eth-tester .+
    1 root      20   0    3984   3232   2736 S   0.0   0.0   0:00.06 bash
    7 root      20   0    3992   3108   2608 S   0.0   0.0   0:00.08 bash
   13 root      20   0    3988   3228   2716 S   0.0   0.0   0:00.10 bash
  844 root      20   0    7864   2984   2628 R   0.0   0.0   0:00.36 top -bc -d 1 -n 6000

top - 22:05:16 up 1 day,  1:59,  0 users,  load average: 2.14, 1.85, 1.14
Tasks:   5 total,   2 running,   3 sleeping,   0 stopped,   0 zombie
%Cpu(s):  8.3 us,  0.3 sy,  0.0 ni, 91.4 id,  0.0 wa,  0.0 hi,  0.0 si,  0.0 st
MiB Mem :   7877.2 total,   3876.2 free,   1360.2 used,   2640.8 buff/cache
MiB Swap:   2048.0 total,   2048.0 free,      0.0 used.   6205.9 avail Mem 

  PID USER      PR  NI    VIRT    RES    SHR S  %CPU  %MEM     TIME+ COMMAND
  845 root      20   0   96380  90004  12488 R 100.0   1.1   5:50.33 /usr/local/bin/python3.8 /usr/local/bin/zkay run --blockchain-backend w3-eth-tester .+
    1 root      20   0    3984   3232   2736 S   0.0   0.0   0:00.06 bash
    7 root      20   0    3992   3108   2608 S   0.0   0.0   0:00.08 bash
   13 root      20   0    3988   3228   2716 S   0.0   0.0   0:00.10 bash
  844 root      20   0    7864   2984   2628 R   0.0   0.0   0:00.36 top -bc -d 1 -n 6000

top - 22:05:17 up 1 day,  1:59,  0 users,  load average: 2.14, 1.85, 1.14
Tasks:   5 total,   2 running,   3 sleeping,   0 stopped,   0 zombie
%Cpu(s):  8.4 us,  0.0 sy,  0.0 ni, 91.5 id,  0.1 wa,  0.0 hi,  0.0 si,  0.0 st
MiB Mem :   7877.2 total,   3876.2 free,   1360.2 used,   2640.8 buff/cache
MiB Swap:   2048.0 total,   2048.0 free,      0.0 used.   6205.9 avail Mem 

  PID USER      PR  NI    VIRT    RES    SHR S  %CPU  %MEM     TIME+ COMMAND
  845 root      20   0   96380  90004  12488 R 100.0   1.1   5:51.33 /usr/local/bin/python3.8 /usr/local/bin/zkay run --blockchain-backend w3-eth-tester .+
    1 root      20   0    3984   3232   2736 S   0.0   0.0   0:00.06 bash
    7 root      20   0    3992   3108   2608 S   0.0   0.0   0:00.08 bash
   13 root      20   0    3988   3228   2716 S   0.0   0.0   0:00.10 bash
  844 root      20   0    7864   2984   2628 R   0.0   0.0   0:00.36 top -bc -d 1 -n 6000

top - 22:05:18 up 1 day,  1:59,  0 users,  load average: 2.14, 1.85, 1.14
Tasks:   5 total,   2 running,   3 sleeping,   0 stopped,   0 zombie
%Cpu(s):  8.3 us,  0.3 sy,  0.0 ni, 91.0 id,  0.0 wa,  0.0 hi,  0.3 si,  0.0 st
MiB Mem :   7877.2 total,   3876.2 free,   1360.2 used,   2640.8 buff/cache
MiB Swap:   2048.0 total,   2048.0 free,      0.0 used.   6205.9 avail Mem 

  PID USER      PR  NI    VIRT    RES    SHR S  %CPU  %MEM     TIME+ COMMAND
  845 root      20   0   96380  90004  12488 R 100.0   1.1   5:52.33 /usr/local/bin/python3.8 /usr/local/bin/zkay run --blockchain-backend w3-eth-tester .+
    1 root      20   0    3984   3232   2736 S   0.0   0.0   0:00.06 bash
    7 root      20   0    3992   3108   2608 S   0.0   0.0   0:00.08 bash
   13 root      20   0    3988   3228   2716 S   0.0   0.0   0:00.10 bash
  844 root      20   0    7864   2984   2628 R   0.0   0.0   0:00.36 top -bc -d 1 -n 6000

top - 22:05:19 up 1 day,  1:59,  0 users,  load average: 2.14, 1.85, 1.14
Tasks:   5 total,   2 running,   3 sleeping,   0 stopped,   0 zombie
%Cpu(s):  8.4 us,  0.2 sy,  0.0 ni, 89.9 id,  0.0 wa,  0.0 hi,  1.6 si,  0.0 st
MiB Mem :   7877.2 total,   3876.2 free,   1360.2 used,   2640.8 buff/cache
MiB Swap:   2048.0 total,   2048.0 free,      0.0 used.   6205.9 avail Mem 

  PID USER      PR  NI    VIRT    RES    SHR S  %CPU  %MEM     TIME+ COMMAND
  845 root      20   0   96380  90004  12488 R 100.0   1.1   5:53.33 /usr/local/bin/python3.8 /usr/local/bin/zkay run --blockchain-backend w3-eth-tester .+
    1 root      20   0    3984   3232   2736 S   0.0   0.0   0:00.06 bash
    7 root      20   0    3992   3108   2608 S   0.0   0.0   0:00.08 bash
   13 root      20   0    3988   3228   2716 S   0.0   0.0   0:00.10 bash
  844 root      20   0    7864   2984   2628 R   0.0   0.0   0:00.36 top -bc -d 1 -n 6000

top - 22:05:20 up 1 day,  1:59,  0 users,  load average: 2.14, 1.85, 1.14
Tasks:   5 total,   2 running,   3 sleeping,   0 stopped,   0 zombie
%Cpu(s):  8.2 us,  0.2 sy,  0.0 ni, 91.5 id,  0.0 wa,  0.0 hi,  0.0 si,  0.0 st
MiB Mem :   7877.2 total,   3870.8 free,   1365.6 used,   2640.8 buff/cache
MiB Swap:   2048.0 total,   2048.0 free,      0.0 used.   6200.4 avail Mem 

  PID USER      PR  NI    VIRT    RES    SHR S  %CPU  %MEM     TIME+ COMMAND
  845 root      20   0   96380  90004  12488 R 100.0   1.1   5:54.34 /usr/local/bin/python3.8 /usr/local/bin/zkay run --blockchain-backend w3-eth-tester .+
  844 root      20   0    7864   2984   2628 R   1.0   0.0   0:00.37 top -bc -d 1 -n 6000
    1 root      20   0    3984   3232   2736 S   0.0   0.0   0:00.06 bash
    7 root      20   0    3992   3108   2608 S   0.0   0.0   0:00.08 bash
   13 root      20   0    3988   3228   2716 S   0.0   0.0   0:00.10 bash

top - 22:05:21 up 1 day,  1:59,  0 users,  load average: 2.29, 1.88, 1.16
Tasks:   6 total,   1 running,   5 sleeping,   0 stopped,   0 zombie
%Cpu(s): 30.4 us,  4.7 sy,  0.0 ni, 64.5 id,  0.2 wa,  0.0 hi,  0.2 si,  0.0 st
MiB Mem :   7877.2 total,   3870.8 free,   1365.6 used,   2640.8 buff/cache
MiB Swap:   2048.0 total,   2048.0 free,      0.0 used.   6200.4 avail Mem 

  PID USER      PR  NI    VIRT    RES    SHR S  %CPU  %MEM     TIME+ COMMAND
 1805 root      20   0   20.3g 455460  25692 S 418.0   5.6   0:04.18 java -Xms4096m -Xmx16384m -cp /zkay/zkay/jsnark_interface/JsnarkCircuitBuilder.jar:/z+
    1 root      20   0    3984   3232   2736 S   0.0   0.0   0:00.06 bash
    7 root      20   0    3992   3108   2608 S   0.0   0.0   0:00.08 bash
   13 root      20   0    3988   3228   2716 S   0.0   0.0   0:00.10 bash
  844 root      20   0    7864   2984   2628 R   0.0   0.0   0:00.37 top -bc -d 1 -n 6000
  845 root      20   0   96380  90004  12488 S   0.0   1.1   5:54.34 /usr/local/bin/python3.8 /usr/local/bin/zkay run --blockchain-backend w3-eth-tester .+

top - 22:05:22 up 1 day,  1:59,  0 users,  load average: 2.29, 1.88, 1.16
Tasks:   6 total,   2 running,   4 sleeping,   0 stopped,   0 zombie
%Cpu(s): 12.7 us,  1.2 sy,  0.0 ni, 85.8 id,  0.1 wa,  0.0 hi,  0.2 si,  0.0 st
MiB Mem :   7877.2 total,   3870.8 free,   1365.6 used,   2640.8 buff/cache
MiB Swap:   2048.0 total,   2048.0 free,      0.0 used.   6200.4 avail Mem 

  PID USER      PR  NI    VIRT    RES    SHR S  %CPU  %MEM     TIME+ COMMAND
 1842 root      20   0   48640  44136   5136 R  58.0   0.5   0:00.58 /zkay/zkay/jsnark_interface/run_snark proofgen /tmp/tmp05h64kj8 /tmp/tmp05h64kj8/proo+
    1 root      20   0    3984   3232   2736 S   0.0   0.0   0:00.06 bash
    7 root      20   0    3992   3108   2608 S   0.0   0.0   0:00.08 bash
   13 root      20   0    3988   3228   2716 S   0.0   0.0   0:00.10 bash
  844 root      20   0    7864   2984   2628 R   0.0   0.0   0:00.37 top -bc -d 1 -n 6000
  845 root      20   0   96380  90004  12488 S   0.0   1.1   5:54.34 /usr/local/bin/python3.8 /usr/local/bin/zkay run --blockchain-backend w3-eth-tester .+

top - 22:05:23 up 1 day,  1:59,  0 users,  load average: 2.29, 1.88, 1.16
Tasks:   6 total,   2 running,   4 sleeping,   0 stopped,   0 zombie
%Cpu(s):  7.7 us,  0.7 sy,  0.0 ni, 91.7 id,  0.0 wa,  0.0 hi,  0.0 si,  0.0 st
MiB Mem :   7877.2 total,   3576.5 free,   1631.5 used,   2669.2 buff/cache
MiB Swap:   2048.0 total,   2048.0 free,      0.0 used.   5934.3 avail Mem 

  PID USER      PR  NI    VIRT    RES    SHR S  %CPU  %MEM     TIME+ COMMAND
 1842 root      20   0  273200 268260   5136 R 100.0   3.3   0:01.58 /zkay/zkay/jsnark_interface/run_snark proofgen /tmp/tmp05h64kj8 /tmp/tmp05h64kj8/proo+
    1 root      20   0    3984   3232   2736 S   0.0   0.0   0:00.06 bash
    7 root      20   0    3992   3108   2608 S   0.0   0.0   0:00.08 bash
   13 root      20   0    3988   3228   2716 S   0.0   0.0   0:00.10 bash
  844 root      20   0    7864   2984   2628 R   0.0   0.0   0:00.37 top -bc -d 1 -n 6000
  845 root      20   0   96380  90004  12488 S   0.0   1.1   5:54.34 /usr/local/bin/python3.8 /usr/local/bin/zkay run --blockchain-backend w3-eth-tester .+

top - 22:05:24 up 1 day,  1:59,  0 users,  load average: 2.29, 1.88, 1.16
Tasks:   6 total,   2 running,   4 sleeping,   0 stopped,   0 zombie
%Cpu(s):  7.7 us,  0.6 sy,  0.0 ni, 91.7 id,  0.0 wa,  0.0 hi,  0.0 si,  0.0 st
MiB Mem :   7877.2 total,   3576.5 free,   1631.5 used,   2669.2 buff/cache
MiB Swap:   2048.0 total,   2048.0 free,      0.0 used.   5934.3 avail Mem 

  PID USER      PR  NI    VIRT    RES    SHR S  %CPU  %MEM     TIME+ COMMAND
 1842 root      20   0  523092 518104   5136 R 100.0   6.4   0:02.58 /zkay/zkay/jsnark_interface/run_snark proofgen /tmp/tmp05h64kj8 /tmp/tmp05h64kj8/proo+
    1 root      20   0    3984   3232   2736 S   0.0   0.0   0:00.06 bash
    7 root      20   0    3992   3108   2608 S   0.0   0.0   0:00.08 bash
   13 root      20   0    3988   3228   2716 S   0.0   0.0   0:00.10 bash
  844 root      20   0    7864   2984   2628 R   0.0   0.0   0:00.37 top -bc -d 1 -n 6000
  845 root      20   0   96380  90004  12488 S   0.0   1.1   5:54.34 /usr/local/bin/python3.8 /usr/local/bin/zkay run --blockchain-backend w3-eth-tester .+

top - 22:05:25 up 1 day,  1:59,  0 users,  load average: 2.29, 1.88, 1.16
Tasks:   6 total,   2 running,   4 sleeping,   0 stopped,   0 zombie
%Cpu(s):  7.9 us,  0.4 sy,  0.0 ni, 91.7 id,  0.0 wa,  0.0 hi,  0.0 si,  0.0 st
MiB Mem :   7877.2 total,   3576.5 free,   1631.5 used,   2669.2 buff/cache
MiB Swap:   2048.0 total,   2048.0 free,      0.0 used.   5934.3 avail Mem 

  PID USER      PR  NI    VIRT    RES    SHR S  %CPU  %MEM     TIME+ COMMAND
 1842 root      20   0  744896 739408   5136 R 100.0   9.2   0:03.58 /zkay/zkay/jsnark_interface/run_snark proofgen /tmp/tmp05h64kj8 /tmp/tmp05h64kj8/proo+
    1 root      20   0    3984   3232   2736 S   0.0   0.0   0:00.06 bash
    7 root      20   0    3992   3108   2608 S   0.0   0.0   0:00.08 bash
   13 root      20   0    3988   3228   2716 S   0.0   0.0   0:00.10 bash
  844 root      20   0    7864   2984   2628 R   0.0   0.0   0:00.37 top -bc -d 1 -n 6000
  845 root      20   0   96380  90004  12488 S   0.0   1.1   5:54.34 /usr/local/bin/python3.8 /usr/local/bin/zkay run --blockchain-backend w3-eth-tester .+

top - 22:05:26 up 1 day,  1:59,  0 users,  load average: 2.18, 1.87, 1.15
Tasks:   6 total,   2 running,   4 sleeping,   0 stopped,   0 zombie
%Cpu(s):  8.4 us,  0.0 sy,  0.0 ni, 91.4 id,  0.1 wa,  0.0 hi,  0.1 si,  0.0 st
MiB Mem :   7877.2 total,   3057.3 free,   2150.7 used,   2669.2 buff/cache
MiB Swap:   2048.0 total,   2048.0 free,      0.0 used.   5415.2 avail Mem 

  PID USER      PR  NI    VIRT    RES    SHR S  %CPU  %MEM     TIME+ COMMAND
 1842 root      20   0  804036 798808   5136 R 100.0   9.9   0:04.58 /zkay/zkay/jsnark_interface/run_snark proofgen /tmp/tmp05h64kj8 /tmp/tmp05h64kj8/proo+
    1 root      20   0    3984   3232   2736 S   0.0   0.0   0:00.06 bash
    7 root      20   0    3992   3108   2608 S   0.0   0.0   0:00.08 bash
   13 root      20   0    3988   3228   2716 S   0.0   0.0   0:00.10 bash
  844 root      20   0    7864   2984   2628 R   0.0   0.0   0:00.37 top -bc -d 1 -n 6000
  845 root      20   0   96380  90004  12488 S   0.0   1.1   5:54.34 /usr/local/bin/python3.8 /usr/local/bin/zkay run --blockchain-backend w3-eth-tester .+

top - 22:05:27 up 1 day,  1:59,  0 users,  load average: 2.18, 1.87, 1.15
Tasks:   6 total,   2 running,   4 sleeping,   0 stopped,   0 zombie
%Cpu(s):  8.3 us,  0.2 sy,  0.0 ni, 91.5 id,  0.0 wa,  0.0 hi,  0.0 si,  0.0 st
MiB Mem :   7877.2 total,   3057.3 free,   2150.7 used,   2669.2 buff/cache
MiB Swap:   2048.0 total,   2048.0 free,      0.0 used.   5415.2 avail Mem 

  PID USER      PR  NI    VIRT    RES    SHR S  %CPU  %MEM     TIME+ COMMAND
 1842 root      20   0  911780 830224   5136 R 100.0  10.3   0:05.59 /zkay/zkay/jsnark_interface/run_snark proofgen /tmp/tmp05h64kj8 /tmp/tmp05h64kj8/proo+
    1 root      20   0    3984   3232   2736 S   0.0   0.0   0:00.06 bash
    7 root      20   0    3992   3108   2608 S   0.0   0.0   0:00.08 bash
   13 root      20   0    3988   3228   2716 S   0.0   0.0   0:00.10 bash
  844 root      20   0    7864   2984   2628 R   0.0   0.0   0:00.37 top -bc -d 1 -n 6000
  845 root      20   0   96380  90004  12488 S   0.0   1.1   5:54.34 /usr/local/bin/python3.8 /usr/local/bin/zkay run --blockchain-backend w3-eth-tester .+

top - 22:05:28 up 1 day,  1:59,  0 users,  load average: 2.18, 1.87, 1.15
Tasks:   6 total,   2 running,   4 sleeping,   0 stopped,   0 zombie
%Cpu(s):  8.1 us,  1.0 sy,  0.0 ni, 90.6 id,  0.0 wa,  0.0 hi,  0.2 si,  0.0 st
MiB Mem :   7877.2 total,   3057.3 free,   2150.7 used,   2669.2 buff/cache
MiB Swap:   2048.0 total,   2048.0 free,      0.0 used.   5415.2 avail Mem 

  PID USER      PR  NI    VIRT    RES    SHR S  %CPU  %MEM     TIME+ COMMAND
 1842 root      20   0 1011912 948680   5136 R 100.0  11.8   0:06.59 /zkay/zkay/jsnark_interface/run_snark proofgen /tmp/tmp05h64kj8 /tmp/tmp05h64kj8/proo+
    1 root      20   0    3984   3232   2736 S   0.0   0.0   0:00.06 bash
    7 root      20   0    3992   3108   2608 S   0.0   0.0   0:00.08 bash
   13 root      20   0    3988   3228   2716 S   0.0   0.0   0:00.10 bash
  844 root      20   0    7864   2984   2628 R   0.0   0.0   0:00.37 top -bc -d 1 -n 6000
  845 root      20   0   96380  90004  12488 S   0.0   1.1   5:54.34 /usr/local/bin/python3.8 /usr/local/bin/zkay run --blockchain-backend w3-eth-tester .+

top - 22:05:29 up 1 day,  1:59,  0 users,  load average: 2.18, 1.87, 1.15
Tasks:   6 total,   1 running,   5 sleeping,   0 stopped,   0 zombie
%Cpu(s): 20.3 us,  3.1 sy,  0.0 ni, 76.3 id,  0.0 wa,  0.0 hi,  0.2 si,  0.0 st
MiB Mem :   7877.2 total,   2665.0 free,   2543.0 used,   2669.2 buff/cache
MiB Swap:   2048.0 total,   2048.0 free,      0.0 used.   5022.9 avail Mem 

  PID USER      PR  NI    VIRT    RES    SHR S  %CPU  %MEM     TIME+ COMMAND
 1842 root      20   0 1946984   1.2g   5136 S 255.0  15.0   0:09.14 /zkay/zkay/jsnark_interface/run_snark proofgen /tmp/tmp05h64kj8 /tmp/tmp05h64kj8/proo+
    1 root      20   0    3984   3232   2736 S   0.0   0.0   0:00.06 bash
    7 root      20   0    3992   3108   2608 S   0.0   0.0   0:00.08 bash
   13 root      20   0    3988   3228   2716 S   0.0   0.0   0:00.10 bash
  844 root      20   0    7864   2984   2628 R   0.0   0.0   0:00.37 top -bc -d 1 -n 6000
  845 root      20   0   96380  90004  12488 S   0.0   1.1   5:54.34 /usr/local/bin/python3.8 /usr/local/bin/zkay run --blockchain-backend w3-eth-tester .+

top - 22:05:30 up 1 day,  1:59,  0 users,  load average: 2.18, 1.87, 1.15
Tasks:   6 total,   2 running,   4 sleeping,   0 stopped,   0 zombie
%Cpu(s): 53.5 us,  3.3 sy,  0.0 ni, 43.1 id,  0.0 wa,  0.0 hi,  0.0 si,  0.0 st
MiB Mem :   7877.2 total,   2665.0 free,   2543.0 used,   2669.2 buff/cache
MiB Swap:   2048.0 total,   2048.0 free,      0.0 used.   5022.9 avail Mem 

  PID USER      PR  NI    VIRT    RES    SHR S  %CPU  %MEM     TIME+ COMMAND
 1842 root      20   0 1866748   1.2g   5136 R 683.0  16.1   0:15.97 /zkay/zkay/jsnark_interface/run_snark proofgen /tmp/tmp05h64kj8 /tmp/tmp05h64kj8/proo+
    1 root      20   0    3984   3232   2736 S   0.0   0.0   0:00.06 bash
    7 root      20   0    3992   3108   2608 S   0.0   0.0   0:00.08 bash
   13 root      20   0    3988   3228   2716 S   0.0   0.0   0:00.10 bash
  844 root      20   0    7864   2984   2628 R   0.0   0.0   0:00.37 top -bc -d 1 -n 6000
  845 root      20   0   96380  90004  12488 S   0.0   1.1   5:54.34 /usr/local/bin/python3.8 /usr/local/bin/zkay run --blockchain-backend w3-eth-tester .+

top - 22:05:31 up 1 day,  1:59,  0 users,  load average: 2.09, 1.85, 1.15
Tasks:   6 total,   2 running,   4 sleeping,   0 stopped,   0 zombie
%Cpu(s):  7.9 us,  0.4 sy,  0.0 ni, 91.7 id,  0.0 wa,  0.0 hi,  0.0 si,  0.0 st
MiB Mem :   7877.2 total,   2665.0 free,   2543.0 used,   2669.2 buff/cache
MiB Swap:   2048.0 total,   2048.0 free,      0.0 used.   5022.9 avail Mem 

  PID USER      PR  NI    VIRT    RES    SHR S  %CPU  %MEM     TIME+ COMMAND
 1842 root      20   0 1854616   1.2g   5136 R 100.0  15.9   0:16.97 /zkay/zkay/jsnark_interface/run_snark proofgen /tmp/tmp05h64kj8 /tmp/tmp05h64kj8/proo+
    1 root      20   0    3984   3232   2736 S   0.0   0.0   0:00.06 bash
    7 root      20   0    3992   3108   2608 S   0.0   0.0   0:00.08 bash
   13 root      20   0    3988   3228   2716 S   0.0   0.0   0:00.10 bash
  844 root      20   0    7864   2984   2628 R   0.0   0.0   0:00.37 top -bc -d 1 -n 6000
  845 root      20   0   96380  90004  12488 S   0.0   1.1   5:54.34 /usr/local/bin/python3.8 /usr/local/bin/zkay run --blockchain-backend w3-eth-tester .+

top - 22:05:32 up 1 day,  1:59,  0 users,  load average: 2.09, 1.85, 1.15
Tasks:   6 total,   2 running,   4 sleeping,   0 stopped,   0 zombie
%Cpu(s): 13.5 us,  0.3 sy,  0.0 ni, 86.1 id,  0.1 wa,  0.0 hi,  0.0 si,  0.0 st
MiB Mem :   7877.2 total,   2590.7 free,   2617.3 used,   2669.2 buff/cache
MiB Swap:   2048.0 total,   2048.0 free,      0.0 used.   4948.6 avail Mem 

  PID USER      PR  NI    VIRT    RES    SHR S  %CPU  %MEM     TIME+ COMMAND
 1842 root      20   0 1854616   1.2g   5136 R 162.0  15.9   0:18.59 /zkay/zkay/jsnark_interface/run_snark proofgen /tmp/tmp05h64kj8 /tmp/tmp05h64kj8/proo+
  845 root      20   0   96380  90004  12488 S   1.0   1.1   5:54.35 /usr/local/bin/python3.8 /usr/local/bin/zkay run --blockchain-backend w3-eth-tester .+
    1 root      20   0    3984   3232   2736 S   0.0   0.0   0:00.06 bash
    7 root      20   0    3992   3108   2608 S   0.0   0.0   0:00.08 bash
   13 root      20   0    3988   3228   2716 S   0.0   0.0   0:00.10 bash
  844 root      20   0    7864   2984   2628 R   0.0   0.0   0:00.37 top -bc -d 1 -n 6000

top - 22:05:33 up 1 day,  1:59,  0 users,  load average: 2.09, 1.85, 1.15
Tasks:   6 total,   2 running,   4 sleeping,   0 stopped,   0 zombie
%Cpu(s): 29.3 us,  0.2 sy,  0.0 ni, 69.9 id,  0.1 wa,  0.0 hi,  0.6 si,  0.0 st
MiB Mem :   7877.2 total,   2590.7 free,   2617.3 used,   2669.2 buff/cache
MiB Swap:   2048.0 total,   2048.0 free,      0.0 used.   4948.6 avail Mem 

  PID USER      PR  NI    VIRT    RES    SHR S  %CPU  %MEM     TIME+ COMMAND
 1842 root      20   0 1854616   1.2g   5136 R 346.0  15.9   0:22.05 /zkay/zkay/jsnark_interface/run_snark proofgen /tmp/tmp05h64kj8 /tmp/tmp05h64kj8/proo+
    1 root      20   0    3984   3232   2736 S   0.0   0.0   0:00.06 bash
    7 root      20   0    3992   3108   2608 S   0.0   0.0   0:00.08 bash
   13 root      20   0    3988   3228   2716 S   0.0   0.0   0:00.10 bash
  844 root      20   0    7864   2984   2628 R   0.0   0.0   0:00.37 top -bc -d 1 -n 6000
  845 root      20   0   96380  90004  12488 S   0.0   1.1   5:54.35 /usr/local/bin/python3.8 /usr/local/bin/zkay run --blockchain-backend w3-eth-tester .+

top - 22:05:34 up 1 day,  1:59,  0 users,  load average: 2.09, 1.85, 1.15
Tasks:   6 total,   2 running,   4 sleeping,   0 stopped,   0 zombie
%Cpu(s): 43.7 us,  0.0 sy,  0.0 ni, 56.0 id,  0.0 wa,  0.0 hi,  0.2 si,  0.0 st
MiB Mem :   7877.2 total,   2590.7 free,   2617.3 used,   2669.2 buff/cache
MiB Swap:   2048.0 total,   2048.0 free,      0.0 used.   4948.6 avail Mem 

  PID USER      PR  NI    VIRT    RES    SHR S  %CPU  %MEM     TIME+ COMMAND
 1842 root      20   0 1854616   1.2g   5136 R 515.8  15.9   0:27.26 /zkay/zkay/jsnark_interface/run_snark proofgen /tmp/tmp05h64kj8 /tmp/tmp05h64kj8/proo+
    1 root      20   0    3984   3232   2736 S   0.0   0.0   0:00.06 bash
    7 root      20   0    3992   3108   2608 S   0.0   0.0   0:00.08 bash
   13 root      20   0    3988   3228   2716 S   0.0   0.0   0:00.10 bash
  844 root      20   0    7864   2984   2628 R   0.0   0.0   0:00.37 top -bc -d 1 -n 6000
  845 root      20   0   96380  90004  12488 S   0.0   1.1   5:54.35 /usr/local/bin/python3.8 /usr/local/bin/zkay run --blockchain-backend w3-eth-tester .+

top - 22:05:35 up 1 day,  1:59,  0 users,  load average: 2.09, 1.85, 1.15
Tasks:   6 total,   2 running,   4 sleeping,   0 stopped,   0 zombie
%Cpu(s): 99.0 us,  0.0 sy,  0.0 ni,  1.0 id,  0.0 wa,  0.0 hi,  0.0 si,  0.0 st
MiB Mem :   7877.2 total,   2590.7 free,   2617.3 used,   2669.2 buff/cache
MiB Swap:   2048.0 total,   2048.0 free,      0.0 used.   4948.6 avail Mem 

  PID USER      PR  NI    VIRT    RES    SHR S  %CPU  %MEM     TIME+ COMMAND
 1842 root      20   0 1854616   1.2g   5136 R  1189  15.9   0:39.15 /zkay/zkay/jsnark_interface/run_snark proofgen /tmp/tmp05h64kj8 /tmp/tmp05h64kj8/proo+
    1 root      20   0    3984   3232   2736 S   0.0   0.0   0:00.06 bash
    7 root      20   0    3992   3108   2608 S   0.0   0.0   0:00.08 bash
   13 root      20   0    3988   3228   2716 S   0.0   0.0   0:00.10 bash
  844 root      20   0    7864   2984   2628 R   0.0   0.0   0:00.37 top -bc -d 1 -n 6000
  845 root      20   0   96380  90004  12488 S   0.0   1.1   5:54.35 /usr/local/bin/python3.8 /usr/local/bin/zkay run --blockchain-backend w3-eth-tester .+

top - 22:05:36 up 1 day,  1:59,  0 users,  load average: 2.88, 2.02, 1.21
Tasks:   5 total,   2 running,   3 sleeping,   0 stopped,   0 zombie
%Cpu(s): 71.2 us,  0.4 sy,  0.0 ni, 28.3 id,  0.0 wa,  0.0 hi,  0.1 si,  0.0 st
MiB Mem :   7877.2 total,   2590.7 free,   2617.3 used,   2669.2 buff/cache
MiB Swap:   2048.0 total,   2048.0 free,      0.0 used.   4948.6 avail Mem 

  PID USER      PR  NI    VIRT    RES    SHR S  %CPU  %MEM     TIME+ COMMAND
  845 root      20   0   96380  90004  12488 R   4.0   1.1   5:54.39 /usr/local/bin/python3.8 /usr/local/bin/zkay run --blockchain-backend w3-eth-tester .+
    1 root      20   0    3984   3232   2736 S   0.0   0.0   0:00.06 bash
    7 root      20   0    3992   3108   2608 S   0.0   0.0   0:00.08 bash
   13 root      20   0    3988   3228   2716 S   0.0   0.0   0:00.10 bash
  844 root      20   0    7864   2984   2628 R   0.0   0.0   0:00.37 top -bc -d 1 -n 6000

top - 22:05:37 up 1 day,  1:59,  0 users,  load average: 2.88, 2.02, 1.21
Tasks:   5 total,   2 running,   3 sleeping,   0 stopped,   0 zombie
%Cpu(s):  8.3 us,  0.0 sy,  0.0 ni, 91.7 id,  0.0 wa,  0.0 hi,  0.0 si,  0.0 st
MiB Mem :   7877.2 total,   2590.7 free,   2617.3 used,   2669.2 buff/cache
MiB Swap:   2048.0 total,   2048.0 free,      0.0 used.   4948.6 avail Mem 

  PID USER      PR  NI    VIRT    RES    SHR S  %CPU  %MEM     TIME+ COMMAND
  845 root      20   0   96380  90004  12488 R 100.0   1.1   5:55.39 /usr/local/bin/python3.8 /usr/local/bin/zkay run --blockchain-backend w3-eth-tester .+
    1 root      20   0    3984   3232   2736 S   0.0   0.0   0:00.06 bash
    7 root      20   0    3992   3108   2608 S   0.0   0.0   0:00.08 bash
   13 root      20   0    3988   3228   2716 S   0.0   0.0   0:00.10 bash
  844 root      20   0    7864   2984   2628 R   0.0   0.0   0:00.37 top -bc -d 1 -n 6000

top - 22:05:38 up 1 day,  1:59,  0 users,  load average: 2.88, 2.02, 1.21
Tasks:   5 total,   2 running,   3 sleeping,   0 stopped,   0 zombie
%Cpu(s):  8.3 us,  0.3 sy,  0.0 ni, 90.8 id,  0.2 wa,  0.0 hi,  0.4 si,  0.0 st
MiB Mem :   7877.2 total,   3736.3 free,   1500.0 used,   2640.9 buff/cache
MiB Swap:   2048.0 total,   2048.0 free,      0.0 used.   6065.9 avail Mem 

  PID USER      PR  NI    VIRT    RES    SHR S  %CPU  %MEM     TIME+ COMMAND
  845 root      20   0   96380  90004  12488 R 100.0   1.1   5:56.39 /usr/local/bin/python3.8 /usr/local/bin/zkay run --blockchain-backend w3-eth-tester .+
    1 root      20   0    3984   3232   2736 S   0.0   0.0   0:00.06 bash
    7 root      20   0    3992   3108   2608 S   0.0   0.0   0:00.08 bash
   13 root      20   0    3988   3228   2716 S   0.0   0.0   0:00.10 bash
  844 root      20   0    7864   2984   2628 R   0.0   0.0   0:00.37 top -bc -d 1 -n 6000

top - 22:05:39 up 1 day,  1:59,  0 users,  load average: 2.88, 2.02, 1.21
Tasks:   5 total,   2 running,   3 sleeping,   0 stopped,   0 zombie
%Cpu(s):  8.4 us,  0.7 sy,  0.0 ni, 89.1 id,  0.0 wa,  0.0 hi,  1.8 si,  0.0 st
MiB Mem :   7877.2 total,   3736.3 free,   1500.0 used,   2640.9 buff/cache
MiB Swap:   2048.0 total,   2048.0 free,      0.0 used.   6065.9 avail Mem 

  PID USER      PR  NI    VIRT    RES    SHR S  %CPU  %MEM     TIME+ COMMAND
  845 root      20   0   96380  90004  12488 R 100.0   1.1   5:57.39 /usr/local/bin/python3.8 /usr/local/bin/zkay run --blockchain-backend w3-eth-tester .+
    1 root      20   0    3984   3232   2736 S   0.0   0.0   0:00.06 bash
    7 root      20   0    3992   3108   2608 S   0.0   0.0   0:00.08 bash
   13 root      20   0    3988   3228   2716 S   0.0   0.0   0:00.10 bash
  844 root      20   0    7864   2984   2628 R   0.0   0.0   0:00.37 top -bc -d 1 -n 6000

top - 22:05:40 up 1 day,  1:59,  0 users,  load average: 2.88, 2.02, 1.21
Tasks:   5 total,   2 running,   3 sleeping,   0 stopped,   0 zombie
%Cpu(s):  8.3 us,  0.1 sy,  0.0 ni, 91.4 id,  0.0 wa,  0.0 hi,  0.2 si,  0.0 st
MiB Mem :   7877.2 total,   3736.3 free,   1500.0 used,   2640.9 buff/cache
MiB Swap:   2048.0 total,   2048.0 free,      0.0 used.   6065.9 avail Mem 

  PID USER      PR  NI    VIRT    RES    SHR S  %CPU  %MEM     TIME+ COMMAND
  845 root      20   0   96380  90004  12488 R 100.0   1.1   5:58.39 /usr/local/bin/python3.8 /usr/local/bin/zkay run --blockchain-backend w3-eth-tester .+
    1 root      20   0    3984   3232   2736 S   0.0   0.0   0:00.06 bash
    7 root      20   0    3992   3108   2608 S   0.0   0.0   0:00.08 bash
   13 root      20   0    3988   3228   2716 S   0.0   0.0   0:00.10 bash
  844 root      20   0    7864   2984   2628 R   0.0   0.0   0:00.37 top -bc -d 1 -n 6000

top - 22:05:41 up 1 day,  1:59,  0 users,  load average: 2.73, 2.00, 1.21
Tasks:   5 total,   2 running,   3 sleeping,   0 stopped,   0 zombie
%Cpu(s):  8.5 us,  0.2 sy,  0.0 ni, 91.3 id,  0.0 wa,  0.0 hi,  0.0 si,  0.0 st
MiB Mem :   7877.2 total,   3861.7 free,   1374.5 used,   2640.9 buff/cache
MiB Swap:   2048.0 total,   2048.0 free,      0.0 used.   6191.3 avail Mem 

  PID USER      PR  NI    VIRT    RES    SHR S  %CPU  %MEM     TIME+ COMMAND
  845 root      20   0   96380  90004  12488 R 100.0   1.1   5:59.40 /usr/local/bin/python3.8 /usr/local/bin/zkay run --blockchain-backend w3-eth-tester .+
    1 root      20   0    3984   3232   2736 S   0.0   0.0   0:00.06 bash
    7 root      20   0    3992   3108   2608 S   0.0   0.0   0:00.08 bash
   13 root      20   0    3988   3228   2716 S   0.0   0.0   0:00.10 bash
  844 root      20   0    7864   2984   2628 R   0.0   0.0   0:00.37 top -bc -d 1 -n 6000

top - 22:05:42 up 1 day,  1:59,  0 users,  load average: 2.73, 2.00, 1.21
Tasks:   5 total,   2 running,   3 sleeping,   0 stopped,   0 zombie
%Cpu(s):  8.3 us,  0.0 sy,  0.0 ni, 91.7 id,  0.0 wa,  0.0 hi,  0.0 si,  0.0 st
MiB Mem :   7877.2 total,   3861.7 free,   1374.5 used,   2640.9 buff/cache
MiB Swap:   2048.0 total,   2048.0 free,      0.0 used.   6191.3 avail Mem 

  PID USER      PR  NI    VIRT    RES    SHR S  %CPU  %MEM     TIME+ COMMAND
  845 root      20   0   96380  90004  12488 R 100.0   1.1   6:00.40 /usr/local/bin/python3.8 /usr/local/bin/zkay run --blockchain-backend w3-eth-tester .+
    1 root      20   0    3984   3232   2736 S   0.0   0.0   0:00.06 bash
    7 root      20   0    3992   3108   2608 S   0.0   0.0   0:00.08 bash
   13 root      20   0    3988   3228   2716 S   0.0   0.0   0:00.10 bash
  844 root      20   0    7864   2984   2628 R   0.0   0.0   0:00.37 top -bc -d 1 -n 6000

top - 22:05:43 up 1 day,  1:59,  0 users,  load average: 2.73, 2.00, 1.21
Tasks:   5 total,   2 running,   3 sleeping,   0 stopped,   0 zombie
%Cpu(s):  8.3 us,  0.0 sy,  0.0 ni, 91.7 id,  0.0 wa,  0.0 hi,  0.0 si,  0.0 st
MiB Mem :   7877.2 total,   3861.7 free,   1374.5 used,   2640.9 buff/cache
MiB Swap:   2048.0 total,   2048.0 free,      0.0 used.   6191.3 avail Mem 

  PID USER      PR  NI    VIRT    RES    SHR S  %CPU  %MEM     TIME+ COMMAND
  845 root      20   0   96380  90004  12488 R 100.0   1.1   6:01.40 /usr/local/bin/python3.8 /usr/local/bin/zkay run --blockchain-backend w3-eth-tester .+
    1 root      20   0    3984   3232   2736 S   0.0   0.0   0:00.06 bash
    7 root      20   0    3992   3108   2608 S   0.0   0.0   0:00.08 bash
   13 root      20   0    3988   3228   2716 S   0.0   0.0   0:00.10 bash
  844 root      20   0    7864   2984   2628 R   0.0   0.0   0:00.37 top -bc -d 1 -n 6000

top - 22:05:44 up 1 day,  1:59,  0 users,  load average: 2.73, 2.00, 1.21
Tasks:   5 total,   2 running,   3 sleeping,   0 stopped,   0 zombie
%Cpu(s):  8.3 us,  0.0 sy,  0.0 ni, 91.6 id,  0.1 wa,  0.0 hi,  0.0 si,  0.0 st
MiB Mem :   7877.2 total,   3861.7 free,   1374.5 used,   2640.9 buff/cache
MiB Swap:   2048.0 total,   2048.0 free,      0.0 used.   6191.3 avail Mem 

  PID USER      PR  NI    VIRT    RES    SHR S  %CPU  %MEM     TIME+ COMMAND
  845 root      20   0   96380  90004  12488 R 100.0   1.1   6:02.40 /usr/local/bin/python3.8 /usr/local/bin/zkay run --blockchain-backend w3-eth-tester .+
    1 root      20   0    3984   3232   2736 S   0.0   0.0   0:00.06 bash
    7 root      20   0    3992   3108   2608 S   0.0   0.0   0:00.08 bash
   13 root      20   0    3988   3228   2716 S   0.0   0.0   0:00.10 bash
  844 root      20   0    7864   2984   2628 R   0.0   0.0   0:00.37 top -bc -d 1 -n 6000

top - 22:05:45 up 1 day,  1:59,  0 users,  load average: 2.73, 2.00, 1.21
Tasks:   5 total,   2 running,   3 sleeping,   0 stopped,   0 zombie
%Cpu(s):  8.3 us,  0.1 sy,  0.0 ni, 91.6 id,  0.0 wa,  0.0 hi,  0.0 si,  0.0 st
MiB Mem :   7877.2 total,   3861.7 free,   1374.5 used,   2640.9 buff/cache
MiB Swap:   2048.0 total,   2048.0 free,      0.0 used.   6191.3 avail Mem 

  PID USER      PR  NI    VIRT    RES    SHR S  %CPU  %MEM     TIME+ COMMAND
  845 root      20   0   96380  90004  12488 R 100.0   1.1   6:03.40 /usr/local/bin/python3.8 /usr/local/bin/zkay run --blockchain-backend w3-eth-tester .+
    1 root      20   0    3984   3232   2736 S   0.0   0.0   0:00.06 bash
    7 root      20   0    3992   3108   2608 S   0.0   0.0   0:00.08 bash
   13 root      20   0    3988   3228   2716 S   0.0   0.0   0:00.10 bash
  844 root      20   0    7864   2984   2628 R   0.0   0.0   0:00.37 top -bc -d 1 -n 6000

top - 22:05:46 up 1 day,  1:59,  0 users,  load average: 2.59, 1.99, 1.21
Tasks:   5 total,   2 running,   3 sleeping,   0 stopped,   0 zombie
%Cpu(s):  8.4 us,  0.0 sy,  0.0 ni, 91.4 id,  0.0 wa,  0.0 hi,  0.2 si,  0.0 st
MiB Mem :   7877.2 total,   3861.7 free,   1374.5 used,   2640.9 buff/cache
MiB Swap:   2048.0 total,   2048.0 free,      0.0 used.   6191.3 avail Mem 

  PID USER      PR  NI    VIRT    RES    SHR S  %CPU  %MEM     TIME+ COMMAND
  845 root      20   0   96380  90004  12488 R 100.0   1.1   6:04.40 /usr/local/bin/python3.8 /usr/local/bin/zkay run --blockchain-backend w3-eth-tester .+
    1 root      20   0    3984   3232   2736 S   0.0   0.0   0:00.06 bash
    7 root      20   0    3992   3108   2608 S   0.0   0.0   0:00.08 bash
   13 root      20   0    3988   3228   2716 S   0.0   0.0   0:00.10 bash
  844 root      20   0    7864   2984   2628 R   0.0   0.0   0:00.37 top -bc -d 1 -n 6000

top - 22:05:47 up 1 day,  1:59,  0 users,  load average: 2.59, 1.99, 1.21
Tasks:   5 total,   2 running,   3 sleeping,   0 stopped,   0 zombie
%Cpu(s):  8.3 us,  0.0 sy,  0.0 ni, 91.2 id,  0.0 wa,  0.0 hi,  0.5 si,  0.0 st
MiB Mem :   7877.2 total,   3861.7 free,   1374.5 used,   2640.9 buff/cache
MiB Swap:   2048.0 total,   2048.0 free,      0.0 used.   6191.3 avail Mem 

  PID USER      PR  NI    VIRT    RES    SHR S  %CPU  %MEM     TIME+ COMMAND
  845 root      20   0   96380  90004  12488 R 100.0   1.1   6:05.40 /usr/local/bin/python3.8 /usr/local/bin/zkay run --blockchain-backend w3-eth-tester .+
    1 root      20   0    3984   3232   2736 S   0.0   0.0   0:00.06 bash
    7 root      20   0    3992   3108   2608 S   0.0   0.0   0:00.08 bash
   13 root      20   0    3988   3228   2716 S   0.0   0.0   0:00.10 bash
  844 root      20   0    7864   2984   2628 R   0.0   0.0   0:00.37 top -bc -d 1 -n 6000

top - 22:05:48 up 1 day,  1:59,  0 users,  load average: 2.59, 1.99, 1.21
Tasks:   5 total,   2 running,   3 sleeping,   0 stopped,   0 zombie
%Cpu(s):  8.3 us,  0.1 sy,  0.0 ni, 90.9 id,  0.0 wa,  0.0 hi,  0.7 si,  0.0 st
MiB Mem :   7877.2 total,   3861.7 free,   1374.5 used,   2640.9 buff/cache
MiB Swap:   2048.0 total,   2048.0 free,      0.0 used.   6191.3 avail Mem 

  PID USER      PR  NI    VIRT    RES    SHR S  %CPU  %MEM     TIME+ COMMAND
  845 root      20   0   96380  90004  12488 R 100.0   1.1   6:06.40 /usr/local/bin/python3.8 /usr/local/bin/zkay run --blockchain-backend w3-eth-tester .+
    1 root      20   0    3984   3232   2736 S   0.0   0.0   0:00.06 bash
    7 root      20   0    3992   3108   2608 S   0.0   0.0   0:00.08 bash
   13 root      20   0    3988   3228   2716 S   0.0   0.0   0:00.10 bash
  844 root      20   0    7864   2984   2628 R   0.0   0.0   0:00.37 top -bc -d 1 -n 6000

top - 22:05:49 up 1 day,  1:59,  0 users,  load average: 2.59, 1.99, 1.21
Tasks:   5 total,   2 running,   3 sleeping,   0 stopped,   0 zombie
%Cpu(s):  8.5 us,  0.2 sy,  0.0 ni, 90.2 id,  0.0 wa,  0.0 hi,  1.0 si,  0.0 st
MiB Mem :   7877.2 total,   3861.7 free,   1374.5 used,   2640.9 buff/cache
MiB Swap:   2048.0 total,   2048.0 free,      0.0 used.   6191.3 avail Mem 

  PID USER      PR  NI    VIRT    RES    SHR S  %CPU  %MEM     TIME+ COMMAND
  845 root      20   0   96380  90004  12488 R 100.0   1.1   6:07.41 /usr/local/bin/python3.8 /usr/local/bin/zkay run --blockchain-backend w3-eth-tester .+
    1 root      20   0    3984   3232   2736 S   0.0   0.0   0:00.06 bash
    7 root      20   0    3992   3108   2608 S   0.0   0.0   0:00.08 bash
   13 root      20   0    3988   3228   2716 S   0.0   0.0   0:00.10 bash
  844 root      20   0    7864   2984   2628 R   0.0   0.0   0:00.37 top -bc -d 1 -n 6000

top - 22:05:50 up 1 day,  1:59,  0 users,  load average: 2.59, 1.99, 1.21
Tasks:   5 total,   2 running,   3 sleeping,   0 stopped,   0 zombie
%Cpu(s):  8.3 us,  0.0 sy,  0.0 ni, 91.7 id,  0.0 wa,  0.0 hi,  0.0 si,  0.0 st
MiB Mem :   7877.2 total,   3861.6 free,   1374.7 used,   2640.9 buff/cache
MiB Swap:   2048.0 total,   2048.0 free,      0.0 used.   6191.2 avail Mem 

  PID USER      PR  NI    VIRT    RES    SHR S  %CPU  %MEM     TIME+ COMMAND
  845 root      20   0   96380  90004  12488 R 100.0   1.1   6:08.41 /usr/local/bin/python3.8 /usr/local/bin/zkay run --blockchain-backend w3-eth-tester .+
    1 root      20   0    3984   3232   2736 S   0.0   0.0   0:00.06 bash
    7 root      20   0    3992   3108   2608 S   0.0   0.0   0:00.08 bash
   13 root      20   0    3988   3228   2716 S   0.0   0.0   0:00.10 bash
  844 root      20   0    7864   2984   2628 R   0.0   0.0   0:00.37 top -bc -d 1 -n 6000

top - 22:05:51 up 1 day,  1:59,  0 users,  load average: 2.47, 1.97, 1.21
Tasks:   5 total,   2 running,   3 sleeping,   0 stopped,   0 zombie
%Cpu(s):  8.3 us,  0.0 sy,  0.0 ni, 91.7 id,  0.0 wa,  0.0 hi,  0.0 si,  0.0 st
MiB Mem :   7877.2 total,   3861.6 free,   1374.7 used,   2640.9 buff/cache
MiB Swap:   2048.0 total,   2048.0 free,      0.0 used.   6191.2 avail Mem 

  PID USER      PR  NI    VIRT    RES    SHR S  %CPU  %MEM     TIME+ COMMAND
  845 root      20   0   96380  90004  12488 R 100.0   1.1   6:09.41 /usr/local/bin/python3.8 /usr/local/bin/zkay run --blockchain-backend w3-eth-tester .+
    1 root      20   0    3984   3232   2736 S   0.0   0.0   0:00.06 bash
    7 root      20   0    3992   3108   2608 S   0.0   0.0   0:00.08 bash
   13 root      20   0    3988   3228   2716 S   0.0   0.0   0:00.10 bash
  844 root      20   0    7864   2984   2628 R   0.0   0.0   0:00.37 top -bc -d 1 -n 6000

top - 22:05:52 up 1 day,  1:59,  0 users,  load average: 2.47, 1.97, 1.21
Tasks:   5 total,   2 running,   3 sleeping,   0 stopped,   0 zombie
%Cpu(s):  8.3 us,  0.0 sy,  0.0 ni, 91.6 id,  0.1 wa,  0.0 hi,  0.0 si,  0.0 st
MiB Mem :   7877.2 total,   3861.6 free,   1374.7 used,   2640.9 buff/cache
MiB Swap:   2048.0 total,   2048.0 free,      0.0 used.   6191.2 avail Mem 

  PID USER      PR  NI    VIRT    RES    SHR S  %CPU  %MEM     TIME+ COMMAND
  845 root      20   0   96380  90004  12488 R 100.0   1.1   6:10.41 /usr/local/bin/python3.8 /usr/local/bin/zkay run --blockchain-backend w3-eth-tester .+
  844 root      20   0    7864   2984   2628 R   1.0   0.0   0:00.38 top -bc -d 1 -n 6000
    1 root      20   0    3984   3232   2736 S   0.0   0.0   0:00.06 bash
    7 root      20   0    3992   3108   2608 S   0.0   0.0   0:00.08 bash
   13 root      20   0    3988   3228   2716 S   0.0   0.0   0:00.10 bash

top - 22:05:53 up 1 day,  1:59,  0 users,  load average: 2.47, 1.97, 1.21
Tasks:   5 total,   2 running,   3 sleeping,   0 stopped,   0 zombie
%Cpu(s):  8.3 us,  0.0 sy,  0.0 ni, 91.7 id,  0.0 wa,  0.0 hi,  0.0 si,  0.0 st
MiB Mem :   7877.2 total,   3859.6 free,   1376.7 used,   2640.9 buff/cache
MiB Swap:   2048.0 total,   2048.0 free,      0.0 used.   6189.2 avail Mem 

  PID USER      PR  NI    VIRT    RES    SHR S  %CPU  %MEM     TIME+ COMMAND
  845 root      20   0   96380  90004  12488 R 100.0   1.1   6:11.41 /usr/local/bin/python3.8 /usr/local/bin/zkay run --blockchain-backend w3-eth-tester .+
    1 root      20   0    3984   3232   2736 S   0.0   0.0   0:00.06 bash
    7 root      20   0    3992   3108   2608 S   0.0   0.0   0:00.08 bash
   13 root      20   0    3988   3228   2716 S   0.0   0.0   0:00.10 bash
  844 root      20   0    7864   2984   2628 R   0.0   0.0   0:00.38 top -bc -d 1 -n 6000

top - 22:05:54 up 1 day,  2:00,  0 users,  load average: 2.47, 1.97, 1.21
Tasks:   5 total,   2 running,   3 sleeping,   0 stopped,   0 zombie
%Cpu(s):  8.3 us,  0.0 sy,  0.0 ni, 91.7 id,  0.0 wa,  0.0 hi,  0.0 si,  0.0 st
MiB Mem :   7877.2 total,   3859.6 free,   1376.7 used,   2640.9 buff/cache
MiB Swap:   2048.0 total,   2048.0 free,      0.0 used.   6189.2 avail Mem 

  PID USER      PR  NI    VIRT    RES    SHR S  %CPU  %MEM     TIME+ COMMAND
  845 root      20   0   96380  90004  12488 R 100.0   1.1   6:12.41 /usr/local/bin/python3.8 /usr/local/bin/zkay run --blockchain-backend w3-eth-tester .+
    1 root      20   0    3984   3232   2736 S   0.0   0.0   0:00.06 bash
    7 root      20   0    3992   3108   2608 S   0.0   0.0   0:00.08 bash
   13 root      20   0    3988   3228   2716 S   0.0   0.0   0:00.10 bash
  844 root      20   0    7864   2984   2628 R   0.0   0.0   0:00.38 top -bc -d 1 -n 6000

top - 22:05:55 up 1 day,  2:00,  0 users,  load average: 2.47, 1.97, 1.21
Tasks:   5 total,   2 running,   3 sleeping,   0 stopped,   0 zombie
%Cpu(s):  8.3 us,  0.0 sy,  0.0 ni, 91.7 id,  0.0 wa,  0.0 hi,  0.0 si,  0.0 st
MiB Mem :   7877.2 total,   3859.6 free,   1376.7 used,   2640.9 buff/cache
MiB Swap:   2048.0 total,   2048.0 free,      0.0 used.   6189.2 avail Mem 

  PID USER      PR  NI    VIRT    RES    SHR S  %CPU  %MEM     TIME+ COMMAND
  845 root      20   0   96380  90004  12488 R 100.0   1.1   6:13.41 /usr/local/bin/python3.8 /usr/local/bin/zkay run --blockchain-backend w3-eth-tester .+
    1 root      20   0    3984   3232   2736 S   0.0   0.0   0:00.06 bash
    7 root      20   0    3992   3108   2608 S   0.0   0.0   0:00.08 bash
   13 root      20   0    3988   3228   2716 S   0.0   0.0   0:00.10 bash
  844 root      20   0    7864   2984   2628 R   0.0   0.0   0:00.38 top -bc -d 1 -n 6000

top - 22:05:56 up 1 day,  2:00,  0 users,  load average: 2.35, 1.95, 1.21
Tasks:   5 total,   2 running,   3 sleeping,   0 stopped,   0 zombie
%Cpu(s):  8.5 us,  0.0 sy,  0.0 ni, 91.4 id,  0.1 wa,  0.0 hi,  0.0 si,  0.0 st
MiB Mem :   7877.2 total,   3859.6 free,   1376.7 used,   2640.8 buff/cache
MiB Swap:   2048.0 total,   2048.0 free,      0.0 used.   6189.1 avail Mem 

  PID USER      PR  NI    VIRT    RES    SHR S  %CPU  %MEM     TIME+ COMMAND
  845 root      20   0   96380  90004  12488 R 100.0   1.1   6:14.42 /usr/local/bin/python3.8 /usr/local/bin/zkay run --blockchain-backend w3-eth-tester .+
    1 root      20   0    3984   3232   2736 S   0.0   0.0   0:00.06 bash
    7 root      20   0    3992   3108   2608 S   0.0   0.0   0:00.08 bash
   13 root      20   0    3988   3228   2716 S   0.0   0.0   0:00.10 bash
  844 root      20   0    7864   2984   2628 R   0.0   0.0   0:00.38 top -bc -d 1 -n 6000

top - 22:05:57 up 1 day,  2:00,  0 users,  load average: 2.35, 1.95, 1.21
Tasks:   5 total,   2 running,   3 sleeping,   0 stopped,   0 zombie
%Cpu(s):  8.4 us,  0.0 sy,  0.0 ni, 91.6 id,  0.0 wa,  0.0 hi,  0.0 si,  0.0 st
MiB Mem :   7877.2 total,   3859.6 free,   1376.7 used,   2640.8 buff/cache
MiB Swap:   2048.0 total,   2048.0 free,      0.0 used.   6189.1 avail Mem 

  PID USER      PR  NI    VIRT    RES    SHR S  %CPU  %MEM     TIME+ COMMAND
  845 root      20   0   96380  90004  12488 R  99.0   1.1   6:15.42 /usr/local/bin/python3.8 /usr/local/bin/zkay run --blockchain-backend w3-eth-tester .+
    1 root      20   0    3984   3232   2736 S   0.0   0.0   0:00.06 bash
    7 root      20   0    3992   3108   2608 S   0.0   0.0   0:00.08 bash
   13 root      20   0    3988   3228   2716 S   0.0   0.0   0:00.10 bash
  844 root      20   0    7864   2984   2628 R   0.0   0.0   0:00.38 top -bc -d 1 -n 6000

top - 22:05:58 up 1 day,  2:00,  0 users,  load average: 2.35, 1.95, 1.21
Tasks:   5 total,   2 running,   3 sleeping,   0 stopped,   0 zombie
%Cpu(s):  8.5 us,  0.2 sy,  0.0 ni, 90.5 id,  0.0 wa,  0.0 hi,  0.7 si,  0.0 st
MiB Mem :   7877.2 total,   3859.6 free,   1376.7 used,   2640.8 buff/cache
MiB Swap:   2048.0 total,   2048.0 free,      0.0 used.   6189.1 avail Mem 

  PID USER      PR  NI    VIRT    RES    SHR S  %CPU  %MEM     TIME+ COMMAND
  845 root      20   0   96380  90004  12488 R 100.0   1.1   6:16.42 /usr/local/bin/python3.8 /usr/local/bin/zkay run --blockchain-backend w3-eth-tester .+
    1 root      20   0    3984   3232   2736 S   0.0   0.0   0:00.06 bash
    7 root      20   0    3992   3108   2608 S   0.0   0.0   0:00.08 bash
   13 root      20   0    3988   3228   2716 S   0.0   0.0   0:00.10 bash
  844 root      20   0    7864   2984   2628 R   0.0   0.0   0:00.38 top -bc -d 1 -n 6000

top - 22:05:59 up 1 day,  2:00,  0 users,  load average: 2.35, 1.95, 1.21
Tasks:   5 total,   2 running,   3 sleeping,   0 stopped,   0 zombie
%Cpu(s):  8.3 us,  0.1 sy,  0.0 ni, 91.5 id,  0.0 wa,  0.0 hi,  0.1 si,  0.0 st
MiB Mem :   7877.2 total,   3861.2 free,   1375.1 used,   2640.9 buff/cache
MiB Swap:   2048.0 total,   2048.0 free,      0.0 used.   6190.8 avail Mem 

  PID USER      PR  NI    VIRT    RES    SHR S  %CPU  %MEM     TIME+ COMMAND
  845 root      20   0   96380  90004  12488 R 100.0   1.1   6:17.42 /usr/local/bin/python3.8 /usr/local/bin/zkay run --blockchain-backend w3-eth-tester .+
    1 root      20   0    3984   3232   2736 S   0.0   0.0   0:00.06 bash
    7 root      20   0    3992   3108   2608 S   0.0   0.0   0:00.08 bash
   13 root      20   0    3988   3228   2716 S   0.0   0.0   0:00.10 bash
  844 root      20   0    7864   2984   2628 R   0.0   0.0   0:00.38 top -bc -d 1 -n 6000

top - 22:06:00 up 1 day,  2:00,  0 users,  load average: 2.35, 1.95, 1.21
Tasks:   5 total,   2 running,   3 sleeping,   0 stopped,   0 zombie
%Cpu(s):  8.3 us,  0.0 sy,  0.0 ni, 91.7 id,  0.0 wa,  0.0 hi,  0.0 si,  0.0 st
MiB Mem :   7877.2 total,   3861.2 free,   1375.1 used,   2640.9 buff/cache
MiB Swap:   2048.0 total,   2048.0 free,      0.0 used.   6190.8 avail Mem 

  PID USER      PR  NI    VIRT    RES    SHR S  %CPU  %MEM     TIME+ COMMAND
  845 root      20   0   96380  90004  12488 R 100.0   1.1   6:18.42 /usr/local/bin/python3.8 /usr/local/bin/zkay run --blockchain-backend w3-eth-tester .+
    1 root      20   0    3984   3232   2736 S   0.0   0.0   0:00.06 bash
    7 root      20   0    3992   3108   2608 S   0.0   0.0   0:00.08 bash
   13 root      20   0    3988   3228   2716 S   0.0   0.0   0:00.10 bash
  844 root      20   0    7864   2984   2628 R   0.0   0.0   0:00.38 top -bc -d 1 -n 6000

top - 22:06:01 up 1 day,  2:00,  0 users,  load average: 2.24, 1.94, 1.20
Tasks:   5 total,   2 running,   3 sleeping,   0 stopped,   0 zombie
%Cpu(s):  8.3 us,  0.0 sy,  0.0 ni, 91.7 id,  0.0 wa,  0.0 hi,  0.0 si,  0.0 st
MiB Mem :   7877.2 total,   3861.2 free,   1375.1 used,   2640.9 buff/cache
MiB Swap:   2048.0 total,   2048.0 free,      0.0 used.   6190.8 avail Mem 

  PID USER      PR  NI    VIRT    RES    SHR S  %CPU  %MEM     TIME+ COMMAND
  845 root      20   0   96380  90004  12488 R 100.0   1.1   6:19.42 /usr/local/bin/python3.8 /usr/local/bin/zkay run --blockchain-backend w3-eth-tester .+
    1 root      20   0    3984   3232   2736 S   0.0   0.0   0:00.06 bash
    7 root      20   0    3992   3108   2608 S   0.0   0.0   0:00.08 bash
   13 root      20   0    3988   3228   2716 S   0.0   0.0   0:00.10 bash
  844 root      20   0    7864   2984   2628 R   0.0   0.0   0:00.38 top -bc -d 1 -n 6000

top - 22:06:02 up 1 day,  2:00,  0 users,  load average: 2.24, 1.94, 1.20
Tasks:   5 total,   2 running,   3 sleeping,   0 stopped,   0 zombie
%Cpu(s):  8.3 us,  0.1 sy,  0.0 ni, 91.5 id,  0.1 wa,  0.0 hi,  0.0 si,  0.0 st
MiB Mem :   7877.2 total,   3859.3 free,   1377.0 used,   2640.9 buff/cache
MiB Swap:   2048.0 total,   2048.0 free,      0.0 used.   6188.8 avail Mem 

  PID USER      PR  NI    VIRT    RES    SHR S  %CPU  %MEM     TIME+ COMMAND
  845 root      20   0   96380  90004  12488 R 100.0   1.1   6:20.42 /usr/local/bin/python3.8 /usr/local/bin/zkay run --blockchain-backend w3-eth-tester .+
    1 root      20   0    3984   3232   2736 S   0.0   0.0   0:00.06 bash
    7 root      20   0    3992   3108   2608 S   0.0   0.0   0:00.08 bash
   13 root      20   0    3988   3228   2716 S   0.0   0.0   0:00.10 bash
  844 root      20   0    7864   2984   2628 R   0.0   0.0   0:00.38 top -bc -d 1 -n 6000

top - 22:06:03 up 1 day,  2:00,  0 users,  load average: 2.24, 1.94, 1.20
Tasks:   6 total,   1 running,   5 sleeping,   0 stopped,   0 zombie
%Cpu(s): 13.2 us,  0.5 sy,  0.0 ni, 86.0 id,  0.1 wa,  0.0 hi,  0.3 si,  0.0 st
MiB Mem :   7877.2 total,   3859.3 free,   1377.0 used,   2640.9 buff/cache
MiB Swap:   2048.0 total,   2048.0 free,      0.0 used.   6188.8 avail Mem 

  PID USER      PR  NI    VIRT    RES    SHR S  %CPU  %MEM     TIME+ COMMAND
 1854 root      20   0   19.5g 192488  25624 S  92.0   2.4   0:00.92 java -Xms4096m -Xmx16384m -cp /zkay/zkay/jsnark_interface/JsnarkCircuitBuilder.jar:/z+
  845 root      20   0   96380  90004  12488 S  70.0   1.1   6:21.12 /usr/local/bin/python3.8 /usr/local/bin/zkay run --blockchain-backend w3-eth-tester .+
    1 root      20   0    3984   3232   2736 S   0.0   0.0   0:00.06 bash
    7 root      20   0    3992   3108   2608 S   0.0   0.0   0:00.08 bash
   13 root      20   0    3988   3228   2716 S   0.0   0.0   0:00.10 bash
  844 root      20   0    7864   2984   2628 R   0.0   0.0   0:00.38 top -bc -d 1 -n 6000

top - 22:06:04 up 1 day,  2:00,  0 users,  load average: 2.24, 1.94, 1.20
Tasks:   6 total,   1 running,   5 sleeping,   0 stopped,   0 zombie
%Cpu(s): 38.8 us,  5.6 sy,  0.0 ni, 55.5 id,  0.0 wa,  0.0 hi,  0.1 si,  0.0 st
MiB Mem :   7877.2 total,   3859.3 free,   1377.0 used,   2640.9 buff/cache
MiB Swap:   2048.0 total,   2048.0 free,      0.0 used.   6188.8 avail Mem 

  PID USER      PR  NI    VIRT    RES    SHR S  %CPU  %MEM     TIME+ COMMAND
 1854 root      20   0   20.3g 617316  25868 S 531.7   7.7   0:06.29 java -Xms4096m -Xmx16384m -cp /zkay/zkay/jsnark_interface/JsnarkCircuitBuilder.jar:/z+
    1 root      20   0    3984   3232   2736 S   0.0   0.0   0:00.06 bash
    7 root      20   0    3992   3108   2608 S   0.0   0.0   0:00.08 bash
   13 root      20   0    3988   3228   2716 S   0.0   0.0   0:00.10 bash
  844 root      20   0    7864   2984   2628 R   0.0   0.0   0:00.38 top -bc -d 1 -n 6000
  845 root      20   0   96380  90004  12488 S   0.0   1.1   6:21.12 /usr/local/bin/python3.8 /usr/local/bin/zkay run --blockchain-backend w3-eth-tester .+

top - 22:06:05 up 1 day,  2:00,  0 users,  load average: 2.24, 1.94, 1.20
Tasks:   6 total,   1 running,   5 sleeping,   0 stopped,   0 zombie
%Cpu(s): 17.9 us,  2.4 sy,  0.0 ni, 79.0 id,  0.1 wa,  0.0 hi,  0.6 si,  0.0 st
MiB Mem :   7877.2 total,   2741.5 free,   2433.4 used,   2702.3 buff/cache
MiB Swap:   2048.0 total,   2048.0 free,      0.0 used.   5132.5 avail Mem 

  PID USER      PR  NI    VIRT    RES    SHR S  %CPU  %MEM     TIME+ COMMAND
 1854 root      20   0   20.3g   1.1g  25868 S 232.0  13.7   0:08.61 java -Xms4096m -Xmx16384m -cp /zkay/zkay/jsnark_interface/JsnarkCircuitBuilder.jar:/z+
    1 root      20   0    3984   3232   2736 S   0.0   0.0   0:00.06 bash
    7 root      20   0    3992   3108   2608 S   0.0   0.0   0:00.08 bash
   13 root      20   0    3988   3228   2716 S   0.0   0.0   0:00.10 bash
  844 root      20   0    7864   2984   2628 R   0.0   0.0   0:00.38 top -bc -d 1 -n 6000
  845 root      20   0   96380  90004  12488 S   0.0   1.1   6:21.12 /usr/local/bin/python3.8 /usr/local/bin/zkay run --blockchain-backend w3-eth-tester .+

top - 22:06:06 up 1 day,  2:00,  0 users,  load average: 2.14, 1.92, 1.20
Tasks:   6 total,   2 running,   4 sleeping,   0 stopped,   0 zombie
%Cpu(s):  9.3 us,  1.2 sy,  0.0 ni, 89.2 id,  0.0 wa,  0.0 hi,  0.4 si,  0.0 st
MiB Mem :   7877.2 total,   2741.5 free,   2433.4 used,   2702.3 buff/cache
MiB Swap:   2048.0 total,   2048.0 free,      0.0 used.   5132.5 avail Mem 

  PID USER      PR  NI    VIRT    RES    SHR S  %CPU  %MEM     TIME+ COMMAND
 1894 root      20   0  100880  96516   5200 R  82.0   1.2   0:00.82 /zkay/zkay/jsnark_interface/run_snark proofgen /tmp/tmpkm6gxao0 /tmp/tmpkm6gxao0/proo+
    1 root      20   0    3984   3232   2736 S   0.0   0.0   0:00.06 bash
    7 root      20   0    3992   3108   2608 S   0.0   0.0   0:00.08 bash
   13 root      20   0    3988   3228   2716 S   0.0   0.0   0:00.10 bash
  844 root      20   0    7864   2984   2628 R   0.0   0.0   0:00.38 top -bc -d 1 -n 6000
  845 root      20   0   96380  90004  12488 S   0.0   1.1   6:21.12 /usr/local/bin/python3.8 /usr/local/bin/zkay run --blockchain-backend w3-eth-tester .+

top - 22:06:07 up 1 day,  2:00,  0 users,  load average: 2.14, 1.92, 1.20
Tasks:   6 total,   2 running,   4 sleeping,   0 stopped,   0 zombie
%Cpu(s):  8.3 us,  0.0 sy,  0.0 ni, 91.7 id,  0.0 wa,  0.0 hi,  0.0 si,  0.0 st
MiB Mem :   7877.2 total,   2741.5 free,   2433.4 used,   2702.3 buff/cache
MiB Swap:   2048.0 total,   2048.0 free,      0.0 used.   5132.5 avail Mem 

  PID USER      PR  NI    VIRT    RES    SHR S  %CPU  %MEM     TIME+ COMMAND
 1894 root      20   0  100880  96516   5200 R 100.0   1.2   0:01.82 /zkay/zkay/jsnark_interface/run_snark proofgen /tmp/tmpkm6gxao0 /tmp/tmpkm6gxao0/proo+
    1 root      20   0    3984   3232   2736 S   0.0   0.0   0:00.06 bash
    7 root      20   0    3992   3108   2608 S   0.0   0.0   0:00.08 bash
   13 root      20   0    3988   3228   2716 S   0.0   0.0   0:00.10 bash
  844 root      20   0    7864   2984   2628 R   0.0   0.0   0:00.38 top -bc -d 1 -n 6000
  845 root      20   0   96380  90004  12488 S   0.0   1.1   6:21.12 /usr/local/bin/python3.8 /usr/local/bin/zkay run --blockchain-backend w3-eth-tester .+

top - 22:06:08 up 1 day,  2:00,  0 users,  load average: 2.14, 1.92, 1.20
Tasks:   6 total,   2 running,   4 sleeping,   0 stopped,   0 zombie
%Cpu(s):  8.2 us,  1.1 sy,  0.0 ni, 90.1 id,  0.2 wa,  0.0 hi,  0.5 si,  0.0 st
MiB Mem :   7877.2 total,   3459.8 free,   1705.8 used,   2711.6 buff/cache
MiB Swap:   2048.0 total,   2048.0 free,      0.0 used.   5860.1 avail Mem 

  PID USER      PR  NI    VIRT    RES    SHR S  %CPU  %MEM     TIME+ COMMAND
 1894 root      20   0  343744 338388   5200 R 100.0   4.2   0:02.82 /zkay/zkay/jsnark_interface/run_snark proofgen /tmp/tmpkm6gxao0 /tmp/tmpkm6gxao0/proo+
    1 root      20   0    3984   3232   2736 S   0.0   0.0   0:00.06 bash
    7 root      20   0    3992   3108   2608 S   0.0   0.0   0:00.08 bash
   13 root      20   0    3988   3228   2716 S   0.0   0.0   0:00.10 bash
  844 root      20   0    7864   2984   2628 R   0.0   0.0   0:00.38 top -bc -d 1 -n 6000
  845 root      20   0   96380  90004  12488 S   0.0   1.1   6:21.12 /usr/local/bin/python3.8 /usr/local/bin/zkay run --blockchain-backend w3-eth-tester .+

top - 22:06:09 up 1 day,  2:00,  0 users,  load average: 2.14, 1.92, 1.20
Tasks:   6 total,   2 running,   4 sleeping,   0 stopped,   0 zombie
%Cpu(s):  7.3 us,  1.3 sy,  0.0 ni, 91.0 id,  0.0 wa,  0.0 hi,  0.3 si,  0.0 st
MiB Mem :   7877.2 total,   3459.8 free,   1705.8 used,   2711.6 buff/cache
MiB Swap:   2048.0 total,   2048.0 free,      0.0 used.   5860.1 avail Mem 

  PID USER      PR  NI    VIRT    RES    SHR S  %CPU  %MEM     TIME+ COMMAND
 1894 root      20   0  629752 623448   5200 R 100.0   7.7   0:03.82 /zkay/zkay/jsnark_interface/run_snark proofgen /tmp/tmpkm6gxao0 /tmp/tmpkm6gxao0/proo+
    1 root      20   0    3984   3232   2736 S   0.0   0.0   0:00.06 bash
    7 root      20   0    3992   3108   2608 S   0.0   0.0   0:00.08 bash
   13 root      20   0    3988   3228   2716 S   0.0   0.0   0:00.10 bash
  844 root      20   0    7864   2984   2628 R   0.0   0.0   0:00.38 top -bc -d 1 -n 6000
  845 root      20   0   96380  90004  12488 S   0.0   1.1   6:21.12 /usr/local/bin/python3.8 /usr/local/bin/zkay run --blockchain-backend w3-eth-tester .+

top - 22:06:10 up 1 day,  2:00,  0 users,  load average: 2.14, 1.92, 1.20
Tasks:   6 total,   2 running,   4 sleeping,   0 stopped,   0 zombie
%Cpu(s):  7.6 us,  0.7 sy,  0.0 ni, 91.7 id,  0.0 wa,  0.0 hi,  0.0 si,  0.0 st
MiB Mem :   7877.2 total,   3459.8 free,   1705.8 used,   2711.6 buff/cache
MiB Swap:   2048.0 total,   2048.0 free,      0.0 used.   5860.1 avail Mem 

  PID USER      PR  NI    VIRT    RES    SHR S  %CPU  %MEM     TIME+ COMMAND
 1894 root      20   0  881864 872200   5200 R 100.0  10.8   0:04.82 /zkay/zkay/jsnark_interface/run_snark proofgen /tmp/tmpkm6gxao0 /tmp/tmpkm6gxao0/proo+
    1 root      20   0    3984   3232   2736 S   0.0   0.0   0:00.06 bash
    7 root      20   0    3992   3108   2608 S   0.0   0.0   0:00.08 bash
   13 root      20   0    3988   3228   2716 S   0.0   0.0   0:00.10 bash
  844 root      20   0    7864   2984   2628 R   0.0   0.0   0:00.38 top -bc -d 1 -n 6000
  845 root      20   0   96380  90004  12488 S   0.0   1.1   6:21.12 /usr/local/bin/python3.8 /usr/local/bin/zkay run --blockchain-backend w3-eth-tester .+

top - 22:06:11 up 1 day,  2:00,  0 users,  load average: 2.05, 1.91, 1.20
Tasks:   6 total,   2 running,   4 sleeping,   0 stopped,   0 zombie
%Cpu(s):  7.7 us,  0.7 sy,  0.0 ni, 91.6 id,  0.0 wa,  0.0 hi,  0.0 si,  0.0 st
MiB Mem :   7877.2 total,   2740.6 free,   2425.0 used,   2711.6 buff/cache
MiB Swap:   2048.0 total,   2048.0 free,      0.0 used.   5140.8 avail Mem 

  PID USER      PR  NI    VIRT    RES    SHR S  %CPU  %MEM     TIME+ COMMAND
 1894 root      20   0 1086124   1.0g   5200 R 100.0  13.3   0:05.83 /zkay/zkay/jsnark_interface/run_snark proofgen /tmp/tmpkm6gxao0 /tmp/tmpkm6gxao0/proo+
    1 root      20   0    3984   3232   2736 S   0.0   0.0   0:00.06 bash
    7 root      20   0    3992   3108   2608 S   0.0   0.0   0:00.08 bash
   13 root      20   0    3988   3228   2716 S   0.0   0.0   0:00.10 bash
  844 root      20   0    7864   2984   2628 R   0.0   0.0   0:00.38 top -bc -d 1 -n 6000
  845 root      20   0   96380  90004  12488 S   0.0   1.1   6:21.12 /usr/local/bin/python3.8 /usr/local/bin/zkay run --blockchain-backend w3-eth-tester .+

top - 22:06:12 up 1 day,  2:00,  0 users,  load average: 2.05, 1.91, 1.20
Tasks:   6 total,   2 running,   4 sleeping,   0 stopped,   0 zombie
%Cpu(s):  7.3 us,  1.0 sy,  0.0 ni, 91.7 id,  0.0 wa,  0.0 hi,  0.0 si,  0.0 st
MiB Mem :   7877.2 total,   2740.6 free,   2425.0 used,   2711.6 buff/cache
MiB Swap:   2048.0 total,   2048.0 free,      0.0 used.   5140.8 avail Mem 

  PID USER      PR  NI    VIRT    RES    SHR S  %CPU  %MEM     TIME+ COMMAND
 1894 root      20   0 1300132   1.2g   5200 R 100.0  16.0   0:06.83 /zkay/zkay/jsnark_interface/run_snark proofgen /tmp/tmpkm6gxao0 /tmp/tmpkm6gxao0/proo+
    1 root      20   0    3984   3232   2736 S   0.0   0.0   0:00.06 bash
    7 root      20   0    3992   3108   2608 S   0.0   0.0   0:00.08 bash
   13 root      20   0    3988   3228   2716 S   0.0   0.0   0:00.10 bash
  844 root      20   0    7864   2984   2628 R   0.0   0.0   0:00.38 top -bc -d 1 -n 6000
  845 root      20   0   96380  90004  12488 S   0.0   1.1   6:21.12 /usr/local/bin/python3.8 /usr/local/bin/zkay run --blockchain-backend w3-eth-tester .+

top - 22:06:13 up 1 day,  2:00,  0 users,  load average: 2.05, 1.91, 1.20
Tasks:   6 total,   2 running,   4 sleeping,   0 stopped,   0 zombie
%Cpu(s):  8.1 us,  0.2 sy,  0.0 ni, 91.7 id,  0.0 wa,  0.0 hi,  0.0 si,  0.0 st
MiB Mem :   7877.2 total,   2740.6 free,   2425.0 used,   2711.6 buff/cache
MiB Swap:   2048.0 total,   2048.0 free,      0.0 used.   5140.8 avail Mem 

  PID USER      PR  NI    VIRT    RES    SHR S  %CPU  %MEM     TIME+ COMMAND
 1894 root      20   0 1504108   1.4g   5200 R 100.0  18.6   0:07.83 /zkay/zkay/jsnark_interface/run_snark proofgen /tmp/tmpkm6gxao0 /tmp/tmpkm6gxao0/proo+
    1 root      20   0    3984   3232   2736 S   0.0   0.0   0:00.06 bash
    7 root      20   0    3992   3108   2608 S   0.0   0.0   0:00.08 bash
   13 root      20   0    3988   3228   2716 S   0.0   0.0   0:00.10 bash
  844 root      20   0    7864   2984   2628 R   0.0   0.0   0:00.38 top -bc -d 1 -n 6000
  845 root      20   0   96380  90004  12488 S   0.0   1.1   6:21.12 /usr/local/bin/python3.8 /usr/local/bin/zkay run --blockchain-backend w3-eth-tester .+

top - 22:06:14 up 1 day,  2:00,  0 users,  load average: 2.05, 1.91, 1.20
Tasks:   6 total,   2 running,   4 sleeping,   0 stopped,   0 zombie
%Cpu(s):  7.7 us,  0.7 sy,  0.0 ni, 91.5 id,  0.1 wa,  0.0 hi,  0.0 si,  0.0 st
MiB Mem :   7877.2 total,   2114.2 free,   3051.3 used,   2711.6 buff/cache
MiB Swap:   2048.0 total,   2048.0 free,      0.0 used.   4514.5 avail Mem 

  PID USER      PR  NI    VIRT    RES    SHR S  %CPU  %MEM     TIME+ COMMAND
 1894 root      20   0 1745584   1.6g   5200 R 100.0  21.3   0:08.83 /zkay/zkay/jsnark_interface/run_snark proofgen /tmp/tmpkm6gxao0 /tmp/tmpkm6gxao0/proo+
  844 root      20   0    7864   2984   2628 R   1.0   0.0   0:00.39 top -bc -d 1 -n 6000
    1 root      20   0    3984   3232   2736 S   0.0   0.0   0:00.06 bash
    7 root      20   0    3992   3108   2608 S   0.0   0.0   0:00.08 bash
   13 root      20   0    3988   3228   2716 S   0.0   0.0   0:00.10 bash
  845 root      20   0   96380  90004  12488 S   0.0   1.1   6:21.12 /usr/local/bin/python3.8 /usr/local/bin/zkay run --blockchain-backend w3-eth-tester .+

top - 22:06:15 up 1 day,  2:00,  0 users,  load average: 2.05, 1.91, 1.20
Tasks:   6 total,   2 running,   4 sleeping,   0 stopped,   0 zombie
%Cpu(s):  8.1 us,  0.2 sy,  0.0 ni, 91.7 id,  0.0 wa,  0.0 hi,  0.0 si,  0.0 st
MiB Mem :   7877.2 total,   2114.2 free,   3051.3 used,   2711.6 buff/cache
MiB Swap:   2048.0 total,   2048.0 free,      0.0 used.   4514.5 avail Mem 

  PID USER      PR  NI    VIRT    RES    SHR S  %CPU  %MEM     TIME+ COMMAND
 1894 root      20   0 1832044   1.7g   5200 R 100.0  22.3   0:09.83 /zkay/zkay/jsnark_interface/run_snark proofgen /tmp/tmpkm6gxao0 /tmp/tmpkm6gxao0/proo+
    1 root      20   0    3984   3232   2736 S   0.0   0.0   0:00.06 bash
    7 root      20   0    3992   3108   2608 S   0.0   0.0   0:00.08 bash
   13 root      20   0    3988   3228   2716 S   0.0   0.0   0:00.10 bash
  844 root      20   0    7864   2984   2628 R   0.0   0.0   0:00.39 top -bc -d 1 -n 6000
  845 root      20   0   96380  90004  12488 S   0.0   1.1   6:21.12 /usr/local/bin/python3.8 /usr/local/bin/zkay run --blockchain-backend w3-eth-tester .+

top - 22:06:16 up 1 day,  2:00,  0 users,  load average: 1.96, 1.89, 1.20
Tasks:   6 total,   2 running,   4 sleeping,   0 stopped,   0 zombie
%Cpu(s):  8.5 us,  0.2 sy,  0.0 ni, 91.2 id,  0.0 wa,  0.0 hi,  0.1 si,  0.0 st
MiB Mem :   7877.2 total,   2114.2 free,   3051.3 used,   2711.6 buff/cache
MiB Swap:   2048.0 total,   2048.0 free,      0.0 used.   4514.5 avail Mem 

  PID USER      PR  NI    VIRT    RES    SHR S  %CPU  %MEM     TIME+ COMMAND
 1894 root      20   0 1832044   1.7g   5200 R 100.0  22.3   0:10.83 /zkay/zkay/jsnark_interface/run_snark proofgen /tmp/tmpkm6gxao0 /tmp/tmpkm6gxao0/proo+
    1 root      20   0    3984   3232   2736 S   0.0   0.0   0:00.06 bash
    7 root      20   0    3992   3108   2608 S   0.0   0.0   0:00.08 bash
   13 root      20   0    3988   3228   2716 S   0.0   0.0   0:00.10 bash
  844 root      20   0    7864   2984   2628 R   0.0   0.0   0:00.39 top -bc -d 1 -n 6000
  845 root      20   0   96380  90004  12488 S   0.0   1.1   6:21.12 /usr/local/bin/python3.8 /usr/local/bin/zkay run --blockchain-backend w3-eth-tester .+

top - 22:06:17 up 1 day,  2:00,  0 users,  load average: 1.96, 1.89, 1.20
Tasks:   6 total,   2 running,   4 sleeping,   0 stopped,   0 zombie
%Cpu(s):  8.3 us,  0.1 sy,  0.0 ni, 91.6 id,  0.0 wa,  0.0 hi,  0.0 si,  0.0 st
MiB Mem :   7877.2 total,   2029.8 free,   3135.8 used,   2711.6 buff/cache
MiB Swap:   2048.0 total,   2048.0 free,      0.0 used.   4430.1 avail Mem 

  PID USER      PR  NI    VIRT    RES    SHR S  %CPU  %MEM     TIME+ COMMAND
 1894 root      20   0 1832044   1.7g   5200 R 100.0  22.3   0:11.83 /zkay/zkay/jsnark_interface/run_snark proofgen /tmp/tmpkm6gxao0 /tmp/tmpkm6gxao0/proo+
    1 root      20   0    3984   3232   2736 S   0.0   0.0   0:00.06 bash
    7 root      20   0    3992   3108   2608 S   0.0   0.0   0:00.08 bash
   13 root      20   0    3988   3228   2716 S   0.0   0.0   0:00.10 bash
  844 root      20   0    7864   2984   2628 R   0.0   0.0   0:00.39 top -bc -d 1 -n 6000
  845 root      20   0   96380  90004  12488 S   0.0   1.1   6:21.12 /usr/local/bin/python3.8 /usr/local/bin/zkay run --blockchain-backend w3-eth-tester .+

top - 22:06:18 up 1 day,  2:00,  0 users,  load average: 1.96, 1.89, 1.20
Tasks:   6 total,   2 running,   4 sleeping,   0 stopped,   0 zombie
%Cpu(s):  8.3 us,  0.4 sy,  0.0 ni, 90.3 id,  0.0 wa,  0.0 hi,  1.0 si,  0.0 st
MiB Mem :   7877.2 total,   2029.8 free,   3135.8 used,   2711.6 buff/cache
MiB Swap:   2048.0 total,   2048.0 free,      0.0 used.   4430.1 avail Mem 

  PID USER      PR  NI    VIRT    RES    SHR S  %CPU  %MEM     TIME+ COMMAND
 1894 root      20   0 1764080   1.7g   5200 R 100.0  21.7   0:12.84 /zkay/zkay/jsnark_interface/run_snark proofgen /tmp/tmpkm6gxao0 /tmp/tmpkm6gxao0/proo+
    1 root      20   0    3984   3232   2736 S   0.0   0.0   0:00.06 bash
    7 root      20   0    3992   3108   2608 S   0.0   0.0   0:00.08 bash
   13 root      20   0    3988   3228   2716 S   0.0   0.0   0:00.10 bash
  844 root      20   0    7864   2984   2628 R   0.0   0.0   0:00.39 top -bc -d 1 -n 6000
  845 root      20   0   96380  90004  12488 S   0.0   1.1   6:21.12 /usr/local/bin/python3.8 /usr/local/bin/zkay run --blockchain-backend w3-eth-tester .+

top - 22:06:19 up 1 day,  2:00,  0 users,  load average: 1.96, 1.89, 1.20
Tasks:   6 total,   2 running,   4 sleeping,   0 stopped,   0 zombie
%Cpu(s):  7.9 us,  0.4 sy,  0.0 ni, 90.8 id,  0.1 wa,  0.0 hi,  0.8 si,  0.0 st
MiB Mem :   7877.2 total,   2029.8 free,   3135.8 used,   2711.6 buff/cache
MiB Swap:   2048.0 total,   2048.0 free,      0.0 used.   4430.1 avail Mem 

  PID USER      PR  NI    VIRT    RES    SHR S  %CPU  %MEM     TIME+ COMMAND
 1894 root      20   0 2101740   1.8g   5200 R 100.0  23.6   0:13.84 /zkay/zkay/jsnark_interface/run_snark proofgen /tmp/tmpkm6gxao0 /tmp/tmpkm6gxao0/proo+
    1 root      20   0    3984   3232   2736 S   0.0   0.0   0:00.06 bash
    7 root      20   0    3992   3108   2608 S   0.0   0.0   0:00.08 bash
   13 root      20   0    3988   3228   2716 S   0.0   0.0   0:00.10 bash
  844 root      20   0    7864   2984   2628 R   0.0   0.0   0:00.39 top -bc -d 1 -n 6000
  845 root      20   0   96380  90004  12488 S   0.0   1.1   6:21.12 /usr/local/bin/python3.8 /usr/local/bin/zkay run --blockchain-backend w3-eth-tester .+

top - 22:06:20 up 1 day,  2:00,  0 users,  load average: 1.96, 1.89, 1.20
Tasks:   6 total,   2 running,   4 sleeping,   0 stopped,   0 zombie
%Cpu(s):  8.2 us,  0.2 sy,  0.0 ni, 91.6 id,  0.0 wa,  0.0 hi,  0.0 si,  0.0 st
MiB Mem :   7877.2 total,   1818.2 free,   3347.3 used,   2711.7 buff/cache
MiB Swap:   2048.0 total,   2048.0 free,      0.0 used.   4218.6 avail Mem 

  PID USER      PR  NI    VIRT    RES    SHR S  %CPU  %MEM     TIME+ COMMAND
 1894 root      20   0 2206912   1.9g   5200 R 100.0  25.1   0:14.84 /zkay/zkay/jsnark_interface/run_snark proofgen /tmp/tmpkm6gxao0 /tmp/tmpkm6gxao0/proo+
    1 root      20   0    3984   3232   2736 S   0.0   0.0   0:00.06 bash
    7 root      20   0    3992   3108   2608 S   0.0   0.0   0:00.08 bash
   13 root      20   0    3988   3228   2716 S   0.0   0.0   0:00.10 bash
  844 root      20   0    7864   2984   2628 R   0.0   0.0   0:00.39 top -bc -d 1 -n 6000
  845 root      20   0   96380  90004  12488 S   0.0   1.1   6:21.12 /usr/local/bin/python3.8 /usr/local/bin/zkay run --blockchain-backend w3-eth-tester .+

top - 22:06:21 up 1 day,  2:00,  0 users,  load average: 1.89, 1.88, 1.20
Tasks:   6 total,   2 running,   4 sleeping,   0 stopped,   0 zombie
%Cpu(s):  7.8 us,  0.6 sy,  0.0 ni, 91.7 id,  0.0 wa,  0.0 hi,  0.0 si,  0.0 st
MiB Mem :   7877.2 total,   1818.2 free,   3347.3 used,   2711.7 buff/cache
MiB Swap:   2048.0 total,   2048.0 free,      0.0 used.   4218.6 avail Mem 

  PID USER      PR  NI    VIRT    RES    SHR S  %CPU  %MEM     TIME+ COMMAND
 1894 root      20   0 2340836   2.1g   5200 R 100.0  27.6   0:15.84 /zkay/zkay/jsnark_interface/run_snark proofgen /tmp/tmpkm6gxao0 /tmp/tmpkm6gxao0/proo+
    1 root      20   0    3984   3232   2736 S   0.0   0.0   0:00.06 bash
    7 root      20   0    3992   3108   2608 S   0.0   0.0   0:00.08 bash
   13 root      20   0    3988   3228   2716 S   0.0   0.0   0:00.10 bash
  844 root      20   0    7864   2984   2628 R   0.0   0.0   0:00.39 top -bc -d 1 -n 6000
  845 root      20   0   96380  90004  12488 S   0.0   1.1   6:21.12 /usr/local/bin/python3.8 /usr/local/bin/zkay run --blockchain-backend w3-eth-tester .+

top - 22:06:22 up 1 day,  2:00,  0 users,  load average: 1.89, 1.88, 1.20
Tasks:   6 total,   2 running,   4 sleeping,   0 stopped,   0 zombie
%Cpu(s):  7.7 us,  0.6 sy,  0.0 ni, 91.4 id,  0.1 wa,  0.0 hi,  0.2 si,  0.0 st
MiB Mem :   7877.2 total,   1818.2 free,   3347.3 used,   2711.7 buff/cache
MiB Swap:   2048.0 total,   2048.0 free,      0.0 used.   4218.6 avail Mem 

  PID USER      PR  NI    VIRT    RES    SHR S  %CPU  %MEM     TIME+ COMMAND
 1894 root      20   0 2492344   2.4g   5200 R 100.0  30.7   0:16.84 /zkay/zkay/jsnark_interface/run_snark proofgen /tmp/tmpkm6gxao0 /tmp/tmpkm6gxao0/proo+
    1 root      20   0    3984   3232   2736 S   0.0   0.0   0:00.06 bash
    7 root      20   0    3992   3108   2608 S   0.0   0.0   0:00.08 bash
   13 root      20   0    3988   3228   2716 S   0.0   0.0   0:00.10 bash
  844 root      20   0    7864   2984   2628 R   0.0   0.0   0:00.39 top -bc -d 1 -n 6000
  845 root      20   0   96380  90004  12488 S   0.0   1.1   6:21.12 /usr/local/bin/python3.8 /usr/local/bin/zkay run --blockchain-backend w3-eth-tester .+

top - 22:06:23 up 1 day,  2:00,  0 users,  load average: 1.89, 1.88, 1.20
Tasks:   6 total,   2 running,   4 sleeping,   0 stopped,   0 zombie
%Cpu(s): 47.7 us,  6.0 sy,  0.0 ni, 46.4 id,  0.0 wa,  0.0 hi,  0.0 si,  0.0 st
MiB Mem :   7877.2 total,   1068.8 free,   4096.7 used,   2711.7 buff/cache
MiB Swap:   2048.0 total,   2048.0 free,      0.0 used.   3469.1 avail Mem 

  PID USER      PR  NI    VIRT    RES    SHR S  %CPU  %MEM     TIME+ COMMAND
 1894 root      20   0 3386428   2.7g   5200 R 628.0  34.7   0:23.12 /zkay/zkay/jsnark_interface/run_snark proofgen /tmp/tmpkm6gxao0 /tmp/tmpkm6gxao0/proo+
    1 root      20   0    3984   3232   2736 S   0.0   0.0   0:00.06 bash
    7 root      20   0    3992   3108   2608 S   0.0   0.0   0:00.08 bash
   13 root      20   0    3988   3228   2716 S   0.0   0.0   0:00.10 bash
  844 root      20   0    7864   2984   2628 R   0.0   0.0   0:00.39 top -bc -d 1 -n 6000
  845 root      20   0   96380  90004  12488 S   0.0   1.1   6:21.12 /usr/local/bin/python3.8 /usr/local/bin/zkay run --blockchain-backend w3-eth-tester .+

top - 22:06:24 up 1 day,  2:00,  0 users,  load average: 1.89, 1.88, 1.20
Tasks:   6 total,   2 running,   4 sleeping,   0 stopped,   0 zombie
%Cpu(s): 72.1 us,  7.7 sy,  0.0 ni, 20.3 id,  0.0 wa,  0.0 hi,  0.0 si,  0.0 st
MiB Mem :   7877.2 total,   1068.8 free,   4096.7 used,   2711.7 buff/cache
MiB Swap:   2048.0 total,   2048.0 free,      0.0 used.   3469.1 avail Mem 

  PID USER      PR  NI    VIRT    RES    SHR S  %CPU  %MEM     TIME+ COMMAND
 1894 root      20   0 3386428   2.9g   5200 R 949.0  38.2   0:32.61 /zkay/zkay/jsnark_interface/run_snark proofgen /tmp/tmpkm6gxao0 /tmp/tmpkm6gxao0/proo+
    1 root      20   0    3984   3232   2736 S   0.0   0.0   0:00.06 bash
    7 root      20   0    3992   3108   2608 S   0.0   0.0   0:00.08 bash
   13 root      20   0    3988   3228   2716 S   0.0   0.0   0:00.10 bash
  844 root      20   0    7864   2984   2628 R   0.0   0.0   0:00.39 top -bc -d 1 -n 6000
  845 root      20   0   96380  90004  12488 S   0.0   1.1   6:21.12 /usr/local/bin/python3.8 /usr/local/bin/zkay run --blockchain-backend w3-eth-tester .+

top - 22:06:25 up 1 day,  2:00,  0 users,  load average: 1.89, 1.88, 1.20
Tasks:   6 total,   2 running,   4 sleeping,   0 stopped,   0 zombie
%Cpu(s): 16.5 us,  0.8 sy,  0.0 ni, 82.7 id,  0.0 wa,  0.0 hi,  0.0 si,  0.0 st
MiB Mem :   7877.2 total,   1068.8 free,   4096.7 used,   2711.7 buff/cache
MiB Swap:   2048.0 total,   2048.0 free,      0.0 used.   3469.1 avail Mem 

  PID USER      PR  NI    VIRT    RES    SHR S  %CPU  %MEM     TIME+ COMMAND
 1894 root      20   0 3195840   2.8g   5200 R 213.9  36.3   0:34.77 /zkay/zkay/jsnark_interface/run_snark proofgen /tmp/tmpkm6gxao0 /tmp/tmpkm6gxao0/proo+
    1 root      20   0    3984   3232   2736 S   0.0   0.0   0:00.06 bash
    7 root      20   0    3992   3108   2608 S   0.0   0.0   0:00.08 bash
   13 root      20   0    3988   3228   2716 S   0.0   0.0   0:00.10 bash
  844 root      20   0    7864   2984   2628 R   0.0   0.0   0:00.39 top -bc -d 1 -n 6000
  845 root      20   0   96380  90004  12488 S   0.0   1.1   6:21.12 /usr/local/bin/python3.8 /usr/local/bin/zkay run --blockchain-backend w3-eth-tester .+

top - 22:06:26 up 1 day,  2:00,  0 users,  load average: 1.82, 1.86, 1.20
Tasks:   6 total,   2 running,   4 sleeping,   0 stopped,   0 zombie
%Cpu(s):  8.4 us,  0.0 sy,  0.0 ni, 91.6 id,  0.0 wa,  0.0 hi,  0.0 si,  0.0 st
MiB Mem :   7877.2 total,    891.2 free,   4274.3 used,   2711.7 buff/cache
MiB Swap:   2048.0 total,   2048.0 free,      0.0 used.   3291.6 avail Mem 

  PID USER      PR  NI    VIRT    RES    SHR S  %CPU  %MEM     TIME+ COMMAND
 1894 root      20   0 3235236   2.8g   5200 R 100.0  37.0   0:35.77 /zkay/zkay/jsnark_interface/run_snark proofgen /tmp/tmpkm6gxao0 /tmp/tmpkm6gxao0/proo+
    1 root      20   0    3984   3232   2736 S   0.0   0.0   0:00.06 bash
    7 root      20   0    3992   3108   2608 S   0.0   0.0   0:00.08 bash
   13 root      20   0    3988   3228   2716 S   0.0   0.0   0:00.10 bash
  844 root      20   0    7864   2984   2628 R   0.0   0.0   0:00.39 top -bc -d 1 -n 6000
  845 root      20   0   96380  90004  12488 S   0.0   1.1   6:21.12 /usr/local/bin/python3.8 /usr/local/bin/zkay run --blockchain-backend w3-eth-tester .+

top - 22:06:27 up 1 day,  2:00,  0 users,  load average: 1.82, 1.86, 1.20
Tasks:   6 total,   2 running,   4 sleeping,   0 stopped,   0 zombie
%Cpu(s):  8.1 us,  0.2 sy,  0.0 ni, 91.7 id,  0.0 wa,  0.0 hi,  0.0 si,  0.0 st
MiB Mem :   7877.2 total,    891.2 free,   4274.3 used,   2711.7 buff/cache
MiB Swap:   2048.0 total,   2048.0 free,      0.0 used.   3291.6 avail Mem 

  PID USER      PR  NI    VIRT    RES    SHR S  %CPU  %MEM     TIME+ COMMAND
 1894 root      20   0 3117472   2.7g   5200 R  99.0  35.5   0:36.76 /zkay/zkay/jsnark_interface/run_snark proofgen /tmp/tmpkm6gxao0 /tmp/tmpkm6gxao0/proo+
  845 root      20   0   96380  90004  12488 S   1.0   1.1   6:21.13 /usr/local/bin/python3.8 /usr/local/bin/zkay run --blockchain-backend w3-eth-tester .+
    1 root      20   0    3984   3232   2736 S   0.0   0.0   0:00.06 bash
    7 root      20   0    3992   3108   2608 S   0.0   0.0   0:00.08 bash
   13 root      20   0    3988   3228   2716 S   0.0   0.0   0:00.10 bash
  844 root      20   0    7864   2984   2628 R   0.0   0.0   0:00.39 top -bc -d 1 -n 6000

top - 22:06:28 up 1 day,  2:00,  0 users,  load average: 1.82, 1.86, 1.20
Tasks:   6 total,   2 running,   4 sleeping,   0 stopped,   0 zombie
%Cpu(s):  7.5 us,  1.2 sy,  0.0 ni, 90.5 id,  0.0 wa,  0.0 hi,  0.8 si,  0.0 st
MiB Mem :   7877.2 total,    891.2 free,   4274.3 used,   2711.7 buff/cache
MiB Swap:   2048.0 total,   2048.0 free,      0.0 used.   3291.6 avail Mem 

  PID USER      PR  NI    VIRT    RES    SHR S  %CPU  %MEM     TIME+ COMMAND
 1894 root      20   0 3117472   2.7g   5200 R 100.0  35.5   0:37.76 /zkay/zkay/jsnark_interface/run_snark proofgen /tmp/tmpkm6gxao0 /tmp/tmpkm6gxao0/proo+
    1 root      20   0    3984   3232   2736 S   0.0   0.0   0:00.06 bash
    7 root      20   0    3992   3108   2608 S   0.0   0.0   0:00.08 bash
   13 root      20   0    3988   3228   2716 S   0.0   0.0   0:00.10 bash
  844 root      20   0    7864   2984   2628 R   0.0   0.0   0:00.39 top -bc -d 1 -n 6000
  845 root      20   0   96380  90004  12488 S   0.0   1.1   6:21.13 /usr/local/bin/python3.8 /usr/local/bin/zkay run --blockchain-backend w3-eth-tester .+

top - 22:06:29 up 1 day,  2:00,  0 users,  load average: 1.82, 1.86, 1.20
Tasks:   6 total,   2 running,   4 sleeping,   0 stopped,   0 zombie
%Cpu(s):  7.8 us,  1.2 sy,  0.0 ni, 90.1 id,  0.0 wa,  0.0 hi,  0.9 si,  0.0 st
MiB Mem :   7877.2 total,   1001.6 free,   4163.7 used,   2711.9 buff/cache
MiB Swap:   2048.0 total,   2048.0 free,      0.0 used.   3402.2 avail Mem 

  PID USER      PR  NI    VIRT    RES    SHR S  %CPU  %MEM     TIME+ COMMAND
 1894 root      20   0 3117472   2.7g   5200 R 100.0  35.5   0:38.76 /zkay/zkay/jsnark_interface/run_snark proofgen /tmp/tmpkm6gxao0 /tmp/tmpkm6gxao0/proo+
    1 root      20   0    3984   3232   2736 S   0.0   0.0   0:00.06 bash
    7 root      20   0    3992   3108   2608 S   0.0   0.0   0:00.08 bash
   13 root      20   0    3988   3228   2716 S   0.0   0.0   0:00.10 bash
  844 root      20   0    7864   2984   2628 R   0.0   0.0   0:00.39 top -bc -d 1 -n 6000
  845 root      20   0   96380  90004  12488 S   0.0   1.1   6:21.13 /usr/local/bin/python3.8 /usr/local/bin/zkay run --blockchain-backend w3-eth-tester .+

top - 22:06:30 up 1 day,  2:00,  0 users,  load average: 1.82, 1.86, 1.20
Tasks:   6 total,   2 running,   4 sleeping,   0 stopped,   0 zombie
%Cpu(s): 20.7 us,  0.0 sy,  0.0 ni, 79.1 id,  0.0 wa,  0.0 hi,  0.2 si,  0.0 st
MiB Mem :   7877.2 total,   1001.6 free,   4163.7 used,   2711.9 buff/cache
MiB Swap:   2048.0 total,   2048.0 free,      0.0 used.   3402.2 avail Mem 

  PID USER      PR  NI    VIRT    RES    SHR S  %CPU  %MEM     TIME+ COMMAND
 1894 root      20   0 3117472   2.7g   5200 R 259.0  35.5   0:41.35 /zkay/zkay/jsnark_interface/run_snark proofgen /tmp/tmpkm6gxao0 /tmp/tmpkm6gxao0/proo+
    1 root      20   0    3984   3232   2736 S   0.0   0.0   0:00.06 bash
    7 root      20   0    3992   3108   2608 S   0.0   0.0   0:00.08 bash
   13 root      20   0    3988   3228   2716 S   0.0   0.0   0:00.10 bash
  844 root      20   0    7864   2984   2628 R   0.0   0.0   0:00.39 top -bc -d 1 -n 6000
  845 root      20   0   96380  90004  12488 S   0.0   1.1   6:21.13 /usr/local/bin/python3.8 /usr/local/bin/zkay run --blockchain-backend w3-eth-tester .+

top - 22:06:31 up 1 day,  2:00,  0 users,  load average: 1.75, 1.85, 1.20
Tasks:   6 total,   2 running,   4 sleeping,   0 stopped,   0 zombie
%Cpu(s): 25.8 us,  0.0 sy,  0.0 ni, 74.1 id,  0.1 wa,  0.0 hi,  0.1 si,  0.0 st
MiB Mem :   7877.2 total,   1001.6 free,   4163.7 used,   2711.9 buff/cache
MiB Swap:   2048.0 total,   2048.0 free,      0.0 used.   3402.2 avail Mem 

  PID USER      PR  NI    VIRT    RES    SHR S  %CPU  %MEM     TIME+ COMMAND
 1894 root      20   0 3117472   2.7g   5200 R 318.0  35.5   0:44.53 /zkay/zkay/jsnark_interface/run_snark proofgen /tmp/tmpkm6gxao0 /tmp/tmpkm6gxao0/proo+
    1 root      20   0    3984   3232   2736 S   0.0   0.0   0:00.06 bash
    7 root      20   0    3992   3108   2608 S   0.0   0.0   0:00.08 bash
   13 root      20   0    3988   3228   2716 S   0.0   0.0   0:00.10 bash
  844 root      20   0    7864   2984   2628 R   0.0   0.0   0:00.39 top -bc -d 1 -n 6000
  845 root      20   0   96380  90004  12488 S   0.0   1.1   6:21.13 /usr/local/bin/python3.8 /usr/local/bin/zkay run --blockchain-backend w3-eth-tester .+

top - 22:06:32 up 1 day,  2:00,  0 users,  load average: 1.75, 1.85, 1.20
Tasks:   6 total,   2 running,   4 sleeping,   0 stopped,   0 zombie
%Cpu(s): 24.3 us,  0.1 sy,  0.0 ni, 75.4 id,  0.0 wa,  0.0 hi,  0.2 si,  0.0 st
MiB Mem :   7877.2 total,   1001.6 free,   4163.7 used,   2711.9 buff/cache
MiB Swap:   2048.0 total,   2048.0 free,      0.0 used.   3402.2 avail Mem 

  PID USER      PR  NI    VIRT    RES    SHR S  %CPU  %MEM     TIME+ COMMAND
 1894 root      20   0 3117472   2.7g   5200 R 301.0  35.5   0:47.54 /zkay/zkay/jsnark_interface/run_snark proofgen /tmp/tmpkm6gxao0 /tmp/tmpkm6gxao0/proo+
    1 root      20   0    3984   3232   2736 S   0.0   0.0   0:00.06 bash
    7 root      20   0    3992   3108   2608 S   0.0   0.0   0:00.08 bash
   13 root      20   0    3988   3228   2716 S   0.0   0.0   0:00.10 bash
  844 root      20   0    7864   2984   2628 R   0.0   0.0   0:00.39 top -bc -d 1 -n 6000
  845 root      20   0   96380  90004  12488 S   0.0   1.1   6:21.13 /usr/local/bin/python3.8 /usr/local/bin/zkay run --blockchain-backend w3-eth-tester .+

top - 22:06:33 up 1 day,  2:00,  0 users,  load average: 1.75, 1.85, 1.20
Tasks:   6 total,   2 running,   4 sleeping,   0 stopped,   0 zombie
%Cpu(s): 26.2 us,  0.1 sy,  0.0 ni, 73.6 id,  0.0 wa,  0.0 hi,  0.1 si,  0.0 st
MiB Mem :   7877.2 total,   1001.6 free,   4163.7 used,   2711.9 buff/cache
MiB Swap:   2048.0 total,   2048.0 free,      0.0 used.   3402.2 avail Mem 

  PID USER      PR  NI    VIRT    RES    SHR S  %CPU  %MEM     TIME+ COMMAND
 1894 root      20   0 3117472   2.7g   5200 R 303.0  35.5   0:50.60 /zkay/zkay/jsnark_interface/run_snark proofgen /tmp/tmpkm6gxao0 /tmp/tmpkm6gxao0/proo+
    1 root      20   0    3984   3232   2736 S   0.0   0.0   0:00.06 bash
    7 root      20   0    3992   3108   2608 S   0.0   0.0   0:00.08 bash
   13 root      20   0    3988   3228   2716 S   0.0   0.0   0:00.10 bash
  844 root      20   0    7864   2984   2628 R   0.0   0.0   0:00.39 top -bc -d 1 -n 6000
  845 root      20   0   96380  90004  12488 S   0.0   1.1   6:21.13 /usr/local/bin/python3.8 /usr/local/bin/zkay run --blockchain-backend w3-eth-tester .+

top - 22:06:34 up 1 day,  2:00,  0 users,  load average: 1.75, 1.85, 1.20
Tasks:   6 total,   2 running,   4 sleeping,   0 stopped,   0 zombie
%Cpu(s): 13.8 us,  0.0 sy,  0.0 ni, 86.2 id,  0.0 wa,  0.0 hi,  0.0 si,  0.0 st
MiB Mem :   7877.2 total,   1001.6 free,   4163.7 used,   2711.9 buff/cache
MiB Swap:   2048.0 total,   2048.0 free,      0.0 used.   3402.2 avail Mem 

  PID USER      PR  NI    VIRT    RES    SHR S  %CPU  %MEM     TIME+ COMMAND
 1894 root      20   0 3117472   2.7g   5200 R 167.0  35.5   0:52.27 /zkay/zkay/jsnark_interface/run_snark proofgen /tmp/tmpkm6gxao0 /tmp/tmpkm6gxao0/proo+
    1 root      20   0    3984   3232   2736 S   0.0   0.0   0:00.06 bash
    7 root      20   0    3992   3108   2608 S   0.0   0.0   0:00.08 bash
   13 root      20   0    3988   3228   2716 S   0.0   0.0   0:00.10 bash
  844 root      20   0    7864   2984   2628 R   0.0   0.0   0:00.39 top -bc -d 1 -n 6000
  845 root      20   0   96380  90004  12488 S   0.0   1.1   6:21.13 /usr/local/bin/python3.8 /usr/local/bin/zkay run --blockchain-backend w3-eth-tester .+

top - 22:06:35 up 1 day,  2:00,  0 users,  load average: 1.75, 1.85, 1.20
Tasks:   6 total,   2 running,   4 sleeping,   0 stopped,   0 zombie
%Cpu(s): 32.6 us,  0.0 sy,  0.0 ni, 67.4 id,  0.0 wa,  0.0 hi,  0.0 si,  0.0 st
MiB Mem :   7877.2 total,   1001.6 free,   4163.7 used,   2711.9 buff/cache
MiB Swap:   2048.0 total,   2048.0 free,      0.0 used.   3402.2 avail Mem 

  PID USER      PR  NI    VIRT    RES    SHR S  %CPU  %MEM     TIME+ COMMAND
 1894 root      20   0 3117472   2.7g   5200 R 381.0  35.5   0:56.08 /zkay/zkay/jsnark_interface/run_snark proofgen /tmp/tmpkm6gxao0 /tmp/tmpkm6gxao0/proo+
    1 root      20   0    3984   3232   2736 S   0.0   0.0   0:00.06 bash
    7 root      20   0    3992   3108   2608 S   0.0   0.0   0:00.08 bash
   13 root      20   0    3988   3228   2716 S   0.0   0.0   0:00.10 bash
  844 root      20   0    7864   2984   2628 R   0.0   0.0   0:00.39 top -bc -d 1 -n 6000
  845 root      20   0   96380  90004  12488 S   0.0   1.1   6:21.13 /usr/local/bin/python3.8 /usr/local/bin/zkay run --blockchain-backend w3-eth-tester .+

top - 22:06:36 up 1 day,  2:00,  0 users,  load average: 2.57, 2.02, 1.25
Tasks:   6 total,   2 running,   4 sleeping,   0 stopped,   0 zombie
%Cpu(s): 64.8 us,  0.1 sy,  0.0 ni, 35.1 id,  0.0 wa,  0.0 hi,  0.0 si,  0.0 st
MiB Mem :   7877.2 total,   1001.6 free,   4163.7 used,   2711.9 buff/cache
MiB Swap:   2048.0 total,   2048.0 free,      0.0 used.   3402.2 avail Mem 

  PID USER      PR  NI    VIRT    RES    SHR S  %CPU  %MEM     TIME+ COMMAND
 1894 root      20   0 3117472   2.7g   5200 R 773.0  35.5   1:03.81 /zkay/zkay/jsnark_interface/run_snark proofgen /tmp/tmpkm6gxao0 /tmp/tmpkm6gxao0/proo+
    1 root      20   0    3984   3232   2736 S   0.0   0.0   0:00.06 bash
    7 root      20   0    3992   3108   2608 S   0.0   0.0   0:00.08 bash
   13 root      20   0    3988   3228   2716 S   0.0   0.0   0:00.10 bash
  844 root      20   0    7864   2984   2628 R   0.0   0.0   0:00.39 top -bc -d 1 -n 6000
  845 root      20   0   96380  90004  12488 S   0.0   1.1   6:21.13 /usr/local/bin/python3.8 /usr/local/bin/zkay run --blockchain-backend w3-eth-tester .+

top - 22:06:37 up 1 day,  2:00,  0 users,  load average: 2.57, 2.02, 1.25
Tasks:   6 total,   2 running,   4 sleeping,   0 stopped,   0 zombie
%Cpu(s): 98.7 us,  0.0 sy,  0.0 ni,  1.3 id,  0.0 wa,  0.0 hi,  0.0 si,  0.0 st
MiB Mem :   7877.2 total,   1001.6 free,   4163.7 used,   2711.9 buff/cache
MiB Swap:   2048.0 total,   2048.0 free,      0.0 used.   3402.2 avail Mem 

  PID USER      PR  NI    VIRT    RES    SHR S  %CPU  %MEM     TIME+ COMMAND
 1894 root      20   0 3117472   2.7g   5200 R  1185  35.5   1:15.66 /zkay/zkay/jsnark_interface/run_snark proofgen /tmp/tmpkm6gxao0 /tmp/tmpkm6gxao0/proo+
    1 root      20   0    3984   3232   2736 S   0.0   0.0   0:00.06 bash
    7 root      20   0    3992   3108   2608 S   0.0   0.0   0:00.08 bash
   13 root      20   0    3988   3228   2716 S   0.0   0.0   0:00.10 bash
  844 root      20   0    7864   2984   2628 R   0.0   0.0   0:00.39 top -bc -d 1 -n 6000
  845 root      20   0   96380  90004  12488 S   0.0   1.1   6:21.13 /usr/local/bin/python3.8 /usr/local/bin/zkay run --blockchain-backend w3-eth-tester .+

top - 22:06:38 up 1 day,  2:00,  0 users,  load average: 2.57, 2.02, 1.25
Tasks:   6 total,   2 running,   4 sleeping,   0 stopped,   0 zombie
%Cpu(s): 99.8 us,  0.2 sy,  0.0 ni,  0.0 id,  0.0 wa,  0.0 hi,  0.0 si,  0.0 st
MiB Mem :   7877.2 total,    993.2 free,   4172.1 used,   2711.9 buff/cache
MiB Swap:   2048.0 total,   2048.0 free,      0.0 used.   3393.7 avail Mem 

  PID USER      PR  NI    VIRT    RES    SHR S  %CPU  %MEM     TIME+ COMMAND
 1894 root      20   0 3117472   2.7g   5200 R  1195  35.5   1:27.61 /zkay/zkay/jsnark_interface/run_snark proofgen /tmp/tmpkm6gxao0 /tmp/tmpkm6gxao0/proo+
    1 root      20   0    3984   3232   2736 S   0.0   0.0   0:00.06 bash
    7 root      20   0    3992   3108   2608 S   0.0   0.0   0:00.08 bash
   13 root      20   0    3988   3228   2716 S   0.0   0.0   0:00.10 bash
  844 root      20   0    7864   2984   2628 R   0.0   0.0   0:00.39 top -bc -d 1 -n 6000
  845 root      20   0   96380  90004  12488 S   0.0   1.1   6:21.13 /usr/local/bin/python3.8 /usr/local/bin/zkay run --blockchain-backend w3-eth-tester .+

top - 22:06:39 up 1 day,  2:00,  0 users,  load average: 2.57, 2.02, 1.25
Tasks:   6 total,   2 running,   4 sleeping,   0 stopped,   0 zombie
%Cpu(s): 99.7 us,  0.3 sy,  0.0 ni,  0.0 id,  0.0 wa,  0.0 hi,  0.1 si,  0.0 st
MiB Mem :   7877.2 total,    993.2 free,   4172.1 used,   2711.9 buff/cache
MiB Swap:   2048.0 total,   2048.0 free,      0.0 used.   3393.7 avail Mem 

  PID USER      PR  NI    VIRT    RES    SHR S  %CPU  %MEM     TIME+ COMMAND
 1894 root      20   0 3117472   2.7g   5200 R  1173  35.5   1:39.34 /zkay/zkay/jsnark_interface/run_snark proofgen /tmp/tmpkm6gxao0 /tmp/tmpkm6gxao0/proo+
    1 root      20   0    3984   3232   2736 S   0.0   0.0   0:00.06 bash
    7 root      20   0    3992   3108   2608 S   0.0   0.0   0:00.08 bash
   13 root      20   0    3988   3228   2716 S   0.0   0.0   0:00.10 bash
  844 root      20   0    7864   2984   2628 R   0.0   0.0   0:00.39 top -bc -d 1 -n 6000
  845 root      20   0   96380  90004  12488 S   0.0   1.1   6:21.13 /usr/local/bin/python3.8 /usr/local/bin/zkay run --blockchain-backend w3-eth-tester .+

top - 22:06:40 up 1 day,  2:00,  0 users,  load average: 2.57, 2.02, 1.25
Tasks:   5 total,   2 running,   3 sleeping,   0 stopped,   0 zombie
%Cpu(s): 44.4 us,  0.8 sy,  0.0 ni, 54.3 id,  0.0 wa,  0.0 hi,  0.4 si,  0.0 st
MiB Mem :   7877.2 total,    993.2 free,   4172.1 used,   2711.9 buff/cache
MiB Swap:   2048.0 total,   2048.0 free,      0.0 used.   3393.7 avail Mem 

  PID USER      PR  NI    VIRT    RES    SHR S  %CPU  %MEM     TIME+ COMMAND
  845 root      20   0   96380  90004  12488 R   2.0   1.1   6:21.15 /usr/local/bin/python3.8 /usr/local/bin/zkay run --blockchain-backend w3-eth-tester .+
    1 root      20   0    3984   3232   2736 S   0.0   0.0   0:00.06 bash
    7 root      20   0    3992   3108   2608 S   0.0   0.0   0:00.08 bash
   13 root      20   0    3988   3228   2716 S   0.0   0.0   0:00.10 bash
  844 root      20   0    7864   2984   2628 R   0.0   0.0   0:00.39 top -bc -d 1 -n 6000

top - 22:06:41 up 1 day,  2:00,  0 users,  load average: 2.44, 2.00, 1.25
Tasks:   5 total,   2 running,   3 sleeping,   0 stopped,   0 zombie
%Cpu(s):  8.3 us,  0.0 sy,  0.0 ni, 91.5 id,  0.0 wa,  0.0 hi,  0.2 si,  0.0 st
MiB Mem :   7877.2 total,   3863.6 free,   1371.8 used,   2641.7 buff/cache
MiB Swap:   2048.0 total,   2048.0 free,      0.0 used.   6194.0 avail Mem 

  PID USER      PR  NI    VIRT    RES    SHR S  %CPU  %MEM     TIME+ COMMAND
  845 root      20   0   96380  90004  12488 R 100.0   1.1   6:22.15 /usr/local/bin/python3.8 /usr/local/bin/zkay run --blockchain-backend w3-eth-tester .+
    1 root      20   0    3984   3232   2736 S   0.0   0.0   0:00.06 bash
    7 root      20   0    3992   3108   2608 S   0.0   0.0   0:00.08 bash
   13 root      20   0    3988   3228   2716 S   0.0   0.0   0:00.10 bash
  844 root      20   0    7864   2984   2628 R   0.0   0.0   0:00.39 top -bc -d 1 -n 6000

top - 22:06:42 up 1 day,  2:00,  0 users,  load average: 2.44, 2.00, 1.25
Tasks:   5 total,   2 running,   3 sleeping,   0 stopped,   0 zombie
%Cpu(s):  8.3 us,  0.1 sy,  0.0 ni, 91.6 id,  0.0 wa,  0.0 hi,  0.0 si,  0.0 st
MiB Mem :   7877.2 total,   3863.6 free,   1371.8 used,   2641.7 buff/cache
MiB Swap:   2048.0 total,   2048.0 free,      0.0 used.   6194.0 avail Mem 

  PID USER      PR  NI    VIRT    RES    SHR S  %CPU  %MEM     TIME+ COMMAND
  845 root      20   0   96380  90004  12488 R 100.0   1.1   6:23.15 /usr/local/bin/python3.8 /usr/local/bin/zkay run --blockchain-backend w3-eth-tester .+
    1 root      20   0    3984   3232   2736 S   0.0   0.0   0:00.06 bash
    7 root      20   0    3992   3108   2608 S   0.0   0.0   0:00.08 bash
   13 root      20   0    3988   3228   2716 S   0.0   0.0   0:00.10 bash
  844 root      20   0    7864   2984   2628 R   0.0   0.0   0:00.39 top -bc -d 1 -n 6000

top - 22:06:43 up 1 day,  2:00,  0 users,  load average: 2.44, 2.00, 1.25
Tasks:   5 total,   2 running,   3 sleeping,   0 stopped,   0 zombie
%Cpu(s):  8.3 us,  0.3 sy,  0.0 ni, 91.3 id,  0.0 wa,  0.0 hi,  0.0 si,  0.0 st
MiB Mem :   7877.2 total,   3863.6 free,   1371.8 used,   2641.7 buff/cache
MiB Swap:   2048.0 total,   2048.0 free,      0.0 used.   6194.0 avail Mem 

  PID USER      PR  NI    VIRT    RES    SHR S  %CPU  %MEM     TIME+ COMMAND
  845 root      20   0   96380  90004  12488 R 100.0   1.1   6:24.15 /usr/local/bin/python3.8 /usr/local/bin/zkay run --blockchain-backend w3-eth-tester .+
    1 root      20   0    3984   3232   2736 S   0.0   0.0   0:00.06 bash
    7 root      20   0    3992   3108   2608 S   0.0   0.0   0:00.08 bash
   13 root      20   0    3988   3228   2716 S   0.0   0.0   0:00.10 bash
  844 root      20   0    7864   2984   2628 R   0.0   0.0   0:00.39 top -bc -d 1 -n 6000

top - 22:06:44 up 1 day,  2:00,  0 users,  load average: 2.44, 2.00, 1.25
Tasks:   5 total,   2 running,   3 sleeping,   0 stopped,   0 zombie
%Cpu(s):  8.3 us,  0.0 sy,  0.0 ni, 91.7 id,  0.0 wa,  0.0 hi,  0.0 si,  0.0 st
MiB Mem :   7877.2 total,   3860.9 free,   1374.5 used,   2641.7 buff/cache
MiB Swap:   2048.0 total,   2048.0 free,      0.0 used.   6191.3 avail Mem 

  PID USER      PR  NI    VIRT    RES    SHR S  %CPU  %MEM     TIME+ COMMAND
  845 root      20   0   96380  90004  12488 R 100.0   1.1   6:25.15 /usr/local/bin/python3.8 /usr/local/bin/zkay run --blockchain-backend w3-eth-tester .+
    1 root      20   0    3984   3232   2736 S   0.0   0.0   0:00.06 bash
    7 root      20   0    3992   3108   2608 S   0.0   0.0   0:00.08 bash
   13 root      20   0    3988   3228   2716 S   0.0   0.0   0:00.10 bash
  844 root      20   0    7864   2984   2628 R   0.0   0.0   0:00.39 top -bc -d 1 -n 6000

top - 22:06:45 up 1 day,  2:00,  0 users,  load average: 2.44, 2.00, 1.25
Tasks:   5 total,   2 running,   3 sleeping,   0 stopped,   0 zombie
%Cpu(s):  8.3 us,  0.3 sy,  0.0 ni, 91.4 id,  0.0 wa,  0.0 hi,  0.0 si,  0.0 st
MiB Mem :   7877.2 total,   3860.9 free,   1374.5 used,   2641.7 buff/cache
MiB Swap:   2048.0 total,   2048.0 free,      0.0 used.   6191.3 avail Mem 

  PID USER      PR  NI    VIRT    RES    SHR S  %CPU  %MEM     TIME+ COMMAND
  845 root      20   0   96380  90004  12488 R 100.0   1.1   6:26.15 /usr/local/bin/python3.8 /usr/local/bin/zkay run --blockchain-backend w3-eth-tester .+
    1 root      20   0    3984   3232   2736 S   0.0   0.0   0:00.06 bash
    7 root      20   0    3992   3108   2608 S   0.0   0.0   0:00.08 bash
   13 root      20   0    3988   3228   2716 S   0.0   0.0   0:00.10 bash
  844 root      20   0    7864   2984   2628 R   0.0   0.0   0:00.39 top -bc -d 1 -n 6000

top - 22:06:46 up 1 day,  2:00,  0 users,  load average: 2.33, 1.98, 1.25
Tasks:   5 total,   2 running,   3 sleeping,   0 stopped,   0 zombie
%Cpu(s):  8.4 us,  0.1 sy,  0.0 ni, 91.5 id,  0.0 wa,  0.0 hi,  0.0 si,  0.0 st
MiB Mem :   7877.2 total,   3860.9 free,   1374.5 used,   2641.7 buff/cache
MiB Swap:   2048.0 total,   2048.0 free,      0.0 used.   6191.3 avail Mem 

  PID USER      PR  NI    VIRT    RES    SHR S  %CPU  %MEM     TIME+ COMMAND
  845 root      20   0   96380  90004  12488 R 100.0   1.1   6:27.15 /usr/local/bin/python3.8 /usr/local/bin/zkay run --blockchain-backend w3-eth-tester .+
    1 root      20   0    3984   3232   2736 S   0.0   0.0   0:00.06 bash
    7 root      20   0    3992   3108   2608 S   0.0   0.0   0:00.08 bash
   13 root      20   0    3988   3228   2716 S   0.0   0.0   0:00.10 bash
  844 root      20   0    7864   2984   2628 R   0.0   0.0   0:00.39 top -bc -d 1 -n 6000

top - 22:06:47 up 1 day,  2:00,  0 users,  load average: 2.33, 1.98, 1.25
Tasks:   5 total,   2 running,   3 sleeping,   0 stopped,   0 zombie
%Cpu(s):  8.4 us,  0.2 sy,  0.0 ni, 91.3 id,  0.0 wa,  0.0 hi,  0.0 si,  0.0 st
MiB Mem :   7877.2 total,   3860.9 free,   1374.5 used,   2641.7 buff/cache
MiB Swap:   2048.0 total,   2048.0 free,      0.0 used.   6191.3 avail Mem 

  PID USER      PR  NI    VIRT    RES    SHR S  %CPU  %MEM     TIME+ COMMAND
  845 root      20   0   96380  90004  12488 R 100.0   1.1   6:28.16 /usr/local/bin/python3.8 /usr/local/bin/zkay run --blockchain-backend w3-eth-tester .+
    1 root      20   0    3984   3232   2736 S   0.0   0.0   0:00.06 bash
    7 root      20   0    3992   3108   2608 S   0.0   0.0   0:00.08 bash
   13 root      20   0    3988   3228   2716 S   0.0   0.0   0:00.10 bash
  844 root      20   0    7864   2984   2628 R   0.0   0.0   0:00.39 top -bc -d 1 -n 6000

top - 22:06:48 up 1 day,  2:00,  0 users,  load average: 2.33, 1.98, 1.25
Tasks:   5 total,   2 running,   3 sleeping,   0 stopped,   0 zombie
%Cpu(s):  8.7 us,  0.6 sy,  0.0 ni, 90.2 id,  0.0 wa,  0.0 hi,  0.5 si,  0.0 st
MiB Mem :   7877.2 total,   3860.9 free,   1374.5 used,   2641.7 buff/cache
MiB Swap:   2048.0 total,   2048.0 free,      0.0 used.   6191.3 avail Mem 

  PID USER      PR  NI    VIRT    RES    SHR S  %CPU  %MEM     TIME+ COMMAND
  845 root      20   0   96380  90004  12488 R 100.0   1.1   6:29.16 /usr/local/bin/python3.8 /usr/local/bin/zkay run --blockchain-backend w3-eth-tester .+
    1 root      20   0    3984   3232   2736 S   0.0   0.0   0:00.06 bash
    7 root      20   0    3992   3108   2608 S   0.0   0.0   0:00.08 bash
   13 root      20   0    3988   3228   2716 S   0.0   0.0   0:00.10 bash
  844 root      20   0    7864   2984   2628 R   0.0   0.0   0:00.39 top -bc -d 1 -n 6000

top - 22:06:49 up 1 day,  2:00,  0 users,  load average: 2.33, 1.98, 1.25
Tasks:   5 total,   2 running,   3 sleeping,   0 stopped,   0 zombie
%Cpu(s):  8.2 us,  0.2 sy,  0.0 ni, 89.9 id,  0.0 wa,  0.0 hi,  1.6 si,  0.0 st
MiB Mem :   7877.2 total,   3860.9 free,   1374.5 used,   2641.7 buff/cache
MiB Swap:   2048.0 total,   2048.0 free,      0.0 used.   6191.3 avail Mem 

  PID USER      PR  NI    VIRT    RES    SHR S  %CPU  %MEM     TIME+ COMMAND
  845 root      20   0   96380  90004  12488 R 100.0   1.1   6:30.16 /usr/local/bin/python3.8 /usr/local/bin/zkay run --blockchain-backend w3-eth-tester .+
  844 root      20   0    7864   2984   2628 R   1.0   0.0   0:00.40 top -bc -d 1 -n 6000
    1 root      20   0    3984   3232   2736 S   0.0   0.0   0:00.06 bash
    7 root      20   0    3992   3108   2608 S   0.0   0.0   0:00.08 bash
   13 root      20   0    3988   3228   2716 S   0.0   0.0   0:00.10 bash

top - 22:06:50 up 1 day,  2:00,  0 users,  load average: 2.33, 1.98, 1.25
Tasks:   5 total,   2 running,   3 sleeping,   0 stopped,   0 zombie
%Cpu(s):  8.4 us,  0.0 sy,  0.0 ni, 91.5 id,  0.1 wa,  0.0 hi,  0.0 si,  0.0 st
MiB Mem :   7877.2 total,   3860.6 free,   1374.8 used,   2641.7 buff/cache
MiB Swap:   2048.0 total,   2048.0 free,      0.0 used.   6191.0 avail Mem 

  PID USER      PR  NI    VIRT    RES    SHR S  %CPU  %MEM     TIME+ COMMAND
  845 root      20   0   96380  90004  12488 R 100.0   1.1   6:31.16 /usr/local/bin/python3.8 /usr/local/bin/zkay run --blockchain-backend w3-eth-tester .+
    1 root      20   0    3984   3232   2736 S   0.0   0.0   0:00.06 bash
    7 root      20   0    3992   3108   2608 S   0.0   0.0   0:00.08 bash
   13 root      20   0    3988   3228   2716 S   0.0   0.0   0:00.10 bash
  844 root      20   0    7864   2984   2628 R   0.0   0.0   0:00.40 top -bc -d 1 -n 6000

top - 22:06:51 up 1 day,  2:00,  0 users,  load average: 2.22, 1.97, 1.25
Tasks:   5 total,   2 running,   3 sleeping,   0 stopped,   0 zombie
%Cpu(s):  8.5 us,  0.3 sy,  0.0 ni, 91.2 id,  0.0 wa,  0.0 hi,  0.0 si,  0.0 st
MiB Mem :   7877.2 total,   3860.6 free,   1374.8 used,   2641.7 buff/cache
MiB Swap:   2048.0 total,   2048.0 free,      0.0 used.   6191.0 avail Mem 

  PID USER      PR  NI    VIRT    RES    SHR S  %CPU  %MEM     TIME+ COMMAND
  845 root      20   0   96380  90004  12488 R 100.0   1.1   6:32.16 /usr/local/bin/python3.8 /usr/local/bin/zkay run --blockchain-backend w3-eth-tester .+
    1 root      20   0    3984   3232   2736 S   0.0   0.0   0:00.06 bash
    7 root      20   0    3992   3108   2608 S   0.0   0.0   0:00.08 bash
   13 root      20   0    3988   3228   2716 S   0.0   0.0   0:00.10 bash
  844 root      20   0    7864   2984   2628 R   0.0   0.0   0:00.40 top -bc -d 1 -n 6000

top - 22:06:52 up 1 day,  2:00,  0 users,  load average: 2.22, 1.97, 1.25
Tasks:   5 total,   2 running,   3 sleeping,   0 stopped,   0 zombie
%Cpu(s):  8.3 us,  0.1 sy,  0.0 ni, 91.5 id,  0.1 wa,  0.0 hi,  0.0 si,  0.0 st
MiB Mem :   7877.2 total,   3860.6 free,   1374.8 used,   2641.7 buff/cache
MiB Swap:   2048.0 total,   2048.0 free,      0.0 used.   6191.0 avail Mem 

  PID USER      PR  NI    VIRT    RES    SHR S  %CPU  %MEM     TIME+ COMMAND
  845 root      20   0   96380  90004  12488 R 100.0   1.1   6:33.16 /usr/local/bin/python3.8 /usr/local/bin/zkay run --blockchain-backend w3-eth-tester .+
    1 root      20   0    3984   3232   2736 S   0.0   0.0   0:00.06 bash
    7 root      20   0    3992   3108   2608 S   0.0   0.0   0:00.08 bash
   13 root      20   0    3988   3228   2716 S   0.0   0.0   0:00.10 bash
  844 root      20   0    7864   2984   2628 R   0.0   0.0   0:00.40 top -bc -d 1 -n 6000

top - 22:06:53 up 1 day,  2:00,  0 users,  load average: 2.22, 1.97, 1.25
Tasks:   5 total,   2 running,   3 sleeping,   0 stopped,   0 zombie
%Cpu(s):  8.4 us,  0.3 sy,  0.0 ni, 91.3 id,  0.0 wa,  0.0 hi,  0.0 si,  0.0 st
MiB Mem :   7877.2 total,   3858.6 free,   1376.8 used,   2641.7 buff/cache
MiB Swap:   2048.0 total,   2048.0 free,      0.0 used.   6189.0 avail Mem 

  PID USER      PR  NI    VIRT    RES    SHR S  %CPU  %MEM     TIME+ COMMAND
  845 root      20   0   96380  90004  12488 R 100.0   1.1   6:34.16 /usr/local/bin/python3.8 /usr/local/bin/zkay run --blockchain-backend w3-eth-tester .+
    1 root      20   0    3984   3232   2736 S   0.0   0.0   0:00.06 bash
    7 root      20   0    3992   3108   2608 S   0.0   0.0   0:00.08 bash
   13 root      20   0    3988   3228   2716 S   0.0   0.0   0:00.10 bash
  844 root      20   0    7864   2984   2628 R   0.0   0.0   0:00.40 top -bc -d 1 -n 6000

top - 22:06:54 up 1 day,  2:01,  0 users,  load average: 2.22, 1.97, 1.25
Tasks:   5 total,   2 running,   3 sleeping,   0 stopped,   0 zombie
%Cpu(s):  8.5 us,  0.1 sy,  0.0 ni, 91.4 id,  0.0 wa,  0.0 hi,  0.0 si,  0.0 st
MiB Mem :   7877.2 total,   3858.6 free,   1376.8 used,   2641.7 buff/cache
MiB Swap:   2048.0 total,   2048.0 free,      0.0 used.   6189.0 avail Mem 

  PID USER      PR  NI    VIRT    RES    SHR S  %CPU  %MEM     TIME+ COMMAND
  845 root      20   0   96380  90004  12488 R 100.0   1.1   6:35.17 /usr/local/bin/python3.8 /usr/local/bin/zkay run --blockchain-backend w3-eth-tester .+
    1 root      20   0    3984   3232   2736 S   0.0   0.0   0:00.06 bash
    7 root      20   0    3992   3108   2608 S   0.0   0.0   0:00.08 bash
   13 root      20   0    3988   3228   2716 S   0.0   0.0   0:00.10 bash
  844 root      20   0    7864   2984   2628 R   0.0   0.0   0:00.40 top -bc -d 1 -n 6000

top - 22:06:55 up 1 day,  2:01,  0 users,  load average: 2.22, 1.97, 1.25
Tasks:   5 total,   2 running,   3 sleeping,   0 stopped,   0 zombie
%Cpu(s):  8.3 us,  0.1 sy,  0.0 ni, 91.6 id,  0.0 wa,  0.0 hi,  0.0 si,  0.0 st
MiB Mem :   7877.2 total,   3858.6 free,   1376.8 used,   2641.7 buff/cache
MiB Swap:   2048.0 total,   2048.0 free,      0.0 used.   6189.0 avail Mem 

  PID USER      PR  NI    VIRT    RES    SHR S  %CPU  %MEM     TIME+ COMMAND
  845 root      20   0   96380  90004  12488 R  99.0   1.1   6:36.17 /usr/local/bin/python3.8 /usr/local/bin/zkay run --blockchain-backend w3-eth-tester .+
    1 root      20   0    3984   3232   2736 S   0.0   0.0   0:00.06 bash
    7 root      20   0    3992   3108   2608 S   0.0   0.0   0:00.08 bash
   13 root      20   0    3988   3228   2716 S   0.0   0.0   0:00.10 bash
  844 root      20   0    7864   2984   2628 R   0.0   0.0   0:00.40 top -bc -d 1 -n 6000

top - 22:06:56 up 1 day,  2:01,  0 users,  load average: 2.12, 1.95, 1.25
Tasks:   5 total,   2 running,   3 sleeping,   0 stopped,   0 zombie
%Cpu(s):  8.3 us,  0.0 sy,  0.0 ni, 91.7 id,  0.0 wa,  0.0 hi,  0.0 si,  0.0 st
MiB Mem :   7877.2 total,   3858.6 free,   1376.8 used,   2641.7 buff/cache
MiB Swap:   2048.0 total,   2048.0 free,      0.0 used.   6189.0 avail Mem 

  PID USER      PR  NI    VIRT    RES    SHR S  %CPU  %MEM     TIME+ COMMAND
  845 root      20   0   96380  90004  12488 R 100.0   1.1   6:37.17 /usr/local/bin/python3.8 /usr/local/bin/zkay run --blockchain-backend w3-eth-tester .+
    1 root      20   0    3984   3232   2736 S   0.0   0.0   0:00.06 bash
    7 root      20   0    3992   3108   2608 S   0.0   0.0   0:00.08 bash
   13 root      20   0    3988   3228   2716 S   0.0   0.0   0:00.10 bash
  844 root      20   0    7864   2984   2628 R   0.0   0.0   0:00.40 top -bc -d 1 -n 6000

top - 22:06:57 up 1 day,  2:01,  0 users,  load average: 2.12, 1.95, 1.25
Tasks:   6 total,   1 running,   5 sleeping,   0 stopped,   0 zombie
%Cpu(s): 22.9 us,  3.2 sy,  0.0 ni, 73.9 id,  0.0 wa,  0.0 hi,  0.0 si,  0.0 st
MiB Mem :   7877.2 total,   3858.6 free,   1376.8 used,   2641.7 buff/cache
MiB Swap:   2048.0 total,   2048.0 free,      0.0 used.   6189.0 avail Mem 

  PID USER      PR  NI    VIRT    RES    SHR S  %CPU  %MEM     TIME+ COMMAND
 1906 root      20   0   20.2g 403076  25652 S 290.0   5.0   0:02.90 java -Xms4096m -Xmx16384m -cp /zkay/zkay/jsnark_interface/JsnarkCircuitBuilder.jar:/z+
  845 root      20   0   96380  90004  12488 S  30.0   1.1   6:37.47 /usr/local/bin/python3.8 /usr/local/bin/zkay run --blockchain-backend w3-eth-tester .+
    1 root      20   0    3984   3232   2736 S   0.0   0.0   0:00.06 bash
    7 root      20   0    3992   3108   2608 S   0.0   0.0   0:00.08 bash
   13 root      20   0    3988   3228   2716 S   0.0   0.0   0:00.10 bash
  844 root      20   0    7864   2984   2628 R   0.0   0.0   0:00.40 top -bc -d 1 -n 6000

top - 22:06:58 up 1 day,  2:01,  0 users,  load average: 2.12, 1.95, 1.25
Tasks:   6 total,   2 running,   4 sleeping,   0 stopped,   0 zombie
%Cpu(s): 20.3 us,  2.7 sy,  0.0 ni, 75.7 id,  0.1 wa,  0.0 hi,  1.2 si,  0.0 st
MiB Mem :   7877.2 total,   3858.6 free,   1376.8 used,   2641.7 buff/cache
MiB Swap:   2048.0 total,   2048.0 free,      0.0 used.   6189.0 avail Mem 

  PID USER      PR  NI    VIRT    RES    SHR S  %CPU  %MEM     TIME+ COMMAND
 1944 root      20   0   48640  43980   5036 R  37.0   0.5   0:00.37 /zkay/zkay/jsnark_interface/run_snark proofgen /tmp/tmpwqxsjx7p /tmp/tmpwqxsjx7p/proo+
  845 root      20   0   96380  90004  12488 S   1.0   1.1   6:37.48 /usr/local/bin/python3.8 /usr/local/bin/zkay run --blockchain-backend w3-eth-tester .+
    1 root      20   0    3984   3232   2736 S   0.0   0.0   0:00.06 bash
    7 root      20   0    3992   3108   2608 S   0.0   0.0   0:00.08 bash
   13 root      20   0    3988   3228   2716 S   0.0   0.0   0:00.10 bash
  844 root      20   0    7864   2984   2628 R   0.0   0.0   0:00.40 top -bc -d 1 -n 6000

top - 22:06:59 up 1 day,  2:01,  0 users,  load average: 2.12, 1.95, 1.25
Tasks:   6 total,   2 running,   4 sleeping,   0 stopped,   0 zombie
%Cpu(s):  8.1 us,  0.2 sy,  0.0 ni, 91.2 id,  0.0 wa,  0.0 hi,  0.4 si,  0.0 st
MiB Mem :   7877.2 total,   3543.5 free,   1663.4 used,   2670.3 buff/cache
MiB Swap:   2048.0 total,   2048.0 free,      0.0 used.   5902.4 avail Mem 

  PID USER      PR  NI    VIRT    RES    SHR S  %CPU  %MEM     TIME+ COMMAND
 1944 root      20   0  218356 213044   5096 R  99.0   2.6   0:01.36 /zkay/zkay/jsnark_interface/run_snark proofgen /tmp/tmpwqxsjx7p /tmp/tmpwqxsjx7p/proo+
    1 root      20   0    3984   3232   2736 S   0.0   0.0   0:00.06 bash
    7 root      20   0    3992   3108   2608 S   0.0   0.0   0:00.08 bash
   13 root      20   0    3988   3228   2716 S   0.0   0.0   0:00.10 bash
  844 root      20   0    7864   2984   2628 R   0.0   0.0   0:00.40 top -bc -d 1 -n 6000
  845 root      20   0   96380  90004  12488 S   0.0   1.1   6:37.48 /usr/local/bin/python3.8 /usr/local/bin/zkay run --blockchain-backend w3-eth-tester .+

top - 22:07:00 up 1 day,  2:01,  0 users,  load average: 2.12, 1.95, 1.25
Tasks:   6 total,   2 running,   4 sleeping,   0 stopped,   0 zombie
%Cpu(s):  7.8 us,  0.7 sy,  0.0 ni, 91.4 id,  0.1 wa,  0.0 hi,  0.0 si,  0.0 st
MiB Mem :   7877.2 total,   3543.5 free,   1663.4 used,   2670.3 buff/cache
MiB Swap:   2048.0 total,   2048.0 free,      0.0 used.   5902.4 avail Mem 

  PID USER      PR  NI    VIRT    RES    SHR S  %CPU  %MEM     TIME+ COMMAND
 1944 root      20   0  477244 470568   5096 R 100.0   5.8   0:02.36 /zkay/zkay/jsnark_interface/run_snark proofgen /tmp/tmpwqxsjx7p /tmp/tmpwqxsjx7p/proo+
    1 root      20   0    3984   3232   2736 S   0.0   0.0   0:00.06 bash
    7 root      20   0    3992   3108   2608 S   0.0   0.0   0:00.08 bash
   13 root      20   0    3988   3228   2716 S   0.0   0.0   0:00.10 bash
  844 root      20   0    7864   2984   2628 R   0.0   0.0   0:00.40 top -bc -d 1 -n 6000
  845 root      20   0   96380  90004  12488 S   0.0   1.1   6:37.48 /usr/local/bin/python3.8 /usr/local/bin/zkay run --blockchain-backend w3-eth-tester .+

top - 22:07:01 up 1 day,  2:01,  0 users,  load average: 2.03, 1.93, 1.25
Tasks:   6 total,   2 running,   4 sleeping,   0 stopped,   0 zombie
%Cpu(s):  7.9 us,  0.5 sy,  0.0 ni, 91.6 id,  0.0 wa,  0.0 hi,  0.0 si,  0.0 st
MiB Mem :   7877.2 total,   3543.5 free,   1663.4 used,   2670.3 buff/cache
MiB Swap:   2048.0 total,   2048.0 free,      0.0 used.   5902.4 avail Mem 

  PID USER      PR  NI    VIRT    RES    SHR S  %CPU  %MEM     TIME+ COMMAND
 1944 root      20   0  692580 685272   5096 R 100.0   8.5   0:03.37 /zkay/zkay/jsnark_interface/run_snark proofgen /tmp/tmpwqxsjx7p /tmp/tmpwqxsjx7p/proo+
    1 root      20   0    3984   3232   2736 S   0.0   0.0   0:00.06 bash
    7 root      20   0    3992   3108   2608 S   0.0   0.0   0:00.08 bash
   13 root      20   0    3988   3228   2716 S   0.0   0.0   0:00.10 bash
  844 root      20   0    7864   2984   2628 R   0.0   0.0   0:00.40 top -bc -d 1 -n 6000
  845 root      20   0   96380  90004  12488 S   0.0   1.1   6:37.48 /usr/local/bin/python3.8 /usr/local/bin/zkay run --blockchain-backend w3-eth-tester .+

top - 22:07:02 up 1 day,  2:01,  0 users,  load average: 2.03, 1.93, 1.25
Tasks:   6 total,   2 running,   4 sleeping,   0 stopped,   0 zombie
%Cpu(s):  8.0 us,  0.4 sy,  0.0 ni, 91.6 id,  0.0 wa,  0.0 hi,  0.0 si,  0.0 st
MiB Mem :   7877.2 total,   3054.9 free,   2152.0 used,   2670.3 buff/cache
MiB Swap:   2048.0 total,   2048.0 free,      0.0 used.   5413.8 avail Mem 

  PID USER      PR  NI    VIRT    RES    SHR S  %CPU  %MEM     TIME+ COMMAND
 1944 root      20   0  804036 798264   5096 R 100.0   9.9   0:04.37 /zkay/zkay/jsnark_interface/run_snark proofgen /tmp/tmpwqxsjx7p /tmp/tmpwqxsjx7p/proo+
    1 root      20   0    3984   3232   2736 S   0.0   0.0   0:00.06 bash
    7 root      20   0    3992   3108   2608 S   0.0   0.0   0:00.08 bash
   13 root      20   0    3988   3228   2716 S   0.0   0.0   0:00.10 bash
  844 root      20   0    7864   2984   2628 R   0.0   0.0   0:00.40 top -bc -d 1 -n 6000
  845 root      20   0   96380  90004  12488 S   0.0   1.1   6:37.48 /usr/local/bin/python3.8 /usr/local/bin/zkay run --blockchain-backend w3-eth-tester .+

top - 22:07:03 up 1 day,  2:01,  0 users,  load average: 2.03, 1.93, 1.25
Tasks:   6 total,   2 running,   4 sleeping,   0 stopped,   0 zombie
%Cpu(s):  8.2 us,  0.2 sy,  0.0 ni, 91.7 id,  0.0 wa,  0.0 hi,  0.0 si,  0.0 st
MiB Mem :   7877.2 total,   3054.9 free,   2152.0 used,   2670.3 buff/cache
MiB Swap:   2048.0 total,   2048.0 free,      0.0 used.   5413.8 avail Mem 

  PID USER      PR  NI    VIRT    RES    SHR S  %CPU  %MEM     TIME+ COMMAND
 1944 root      20   0  897188 814412   5096 R 100.0  10.1   0:05.37 /zkay/zkay/jsnark_interface/run_snark proofgen /tmp/tmpwqxsjx7p /tmp/tmpwqxsjx7p/proo+
    1 root      20   0    3984   3232   2736 S   0.0   0.0   0:00.06 bash
    7 root      20   0    3992   3108   2608 S   0.0   0.0   0:00.08 bash
   13 root      20   0    3988   3228   2716 S   0.0   0.0   0:00.10 bash
  844 root      20   0    7864   2984   2628 R   0.0   0.0   0:00.40 top -bc -d 1 -n 6000
  845 root      20   0   96380  90004  12488 S   0.0   1.1   6:37.48 /usr/local/bin/python3.8 /usr/local/bin/zkay run --blockchain-backend w3-eth-tester .+

top - 22:07:04 up 1 day,  2:01,  0 users,  load average: 2.03, 1.93, 1.25
Tasks:   6 total,   2 running,   4 sleeping,   0 stopped,   0 zombie
%Cpu(s):  8.0 us,  0.3 sy,  0.0 ni, 91.7 id,  0.0 wa,  0.0 hi,  0.0 si,  0.0 st
MiB Mem :   7877.2 total,   3054.9 free,   2152.0 used,   2670.3 buff/cache
MiB Swap:   2048.0 total,   2048.0 free,      0.0 used.   5413.8 avail Mem 

  PID USER      PR  NI    VIRT    RES    SHR S  %CPU  %MEM     TIME+ COMMAND
 1944 root      20   0 1004540 935904   5096 R 100.0  11.6   0:06.37 /zkay/zkay/jsnark_interface/run_snark proofgen /tmp/tmpwqxsjx7p /tmp/tmpwqxsjx7p/proo+
  844 root      20   0    7864   2984   2628 R   1.0   0.0   0:00.41 top -bc -d 1 -n 6000
    1 root      20   0    3984   3232   2736 S   0.0   0.0   0:00.06 bash
    7 root      20   0    3992   3108   2608 S   0.0   0.0   0:00.08 bash
   13 root      20   0    3988   3228   2716 S   0.0   0.0   0:00.10 bash
  845 root      20   0   96380  90004  12488 S   0.0   1.1   6:37.48 /usr/local/bin/python3.8 /usr/local/bin/zkay run --blockchain-backend w3-eth-tester .+

top - 22:07:05 up 1 day,  2:01,  0 users,  load average: 2.03, 1.93, 1.25
Tasks:   6 total,   2 running,   4 sleeping,   0 stopped,   0 zombie
%Cpu(s): 16.3 us,  2.9 sy,  0.0 ni, 80.7 id,  0.1 wa,  0.0 hi,  0.0 si,  0.0 st
MiB Mem :   7877.2 total,   2676.8 free,   2530.1 used,   2670.3 buff/cache
MiB Swap:   2048.0 total,   2048.0 free,      0.0 used.   5035.7 avail Mem 

  PID USER      PR  NI    VIRT    RES    SHR S  %CPU  %MEM     TIME+ COMMAND
 1944 root      20   0 1946984   1.1g   5096 R 226.0  14.8   0:08.63 /zkay/zkay/jsnark_interface/run_snark proofgen /tmp/tmpwqxsjx7p /tmp/tmpwqxsjx7p/proo+
    1 root      20   0    3984   3232   2736 S   0.0   0.0   0:00.06 bash
    7 root      20   0    3992   3108   2608 S   0.0   0.0   0:00.08 bash
   13 root      20   0    3988   3228   2716 S   0.0   0.0   0:00.10 bash
  844 root      20   0    7864   2984   2628 R   0.0   0.0   0:00.41 top -bc -d 1 -n 6000
  845 root      20   0   96380  90004  12488 S   0.0   1.1   6:37.48 /usr/local/bin/python3.8 /usr/local/bin/zkay run --blockchain-backend w3-eth-tester .+

top - 22:07:06 up 1 day,  2:01,  0 users,  load average: 2.83, 2.10, 1.30
Tasks:   6 total,   2 running,   4 sleeping,   0 stopped,   0 zombie
%Cpu(s): 28.6 us,  5.3 sy,  0.0 ni, 65.9 id,  0.1 wa,  0.0 hi,  0.0 si,  0.0 st
MiB Mem :   7877.2 total,   2676.8 free,   2530.1 used,   2670.3 buff/cache
MiB Swap:   2048.0 total,   2048.0 free,      0.0 used.   5035.7 avail Mem 

  PID USER      PR  NI    VIRT    RES    SHR S  %CPU  %MEM     TIME+ COMMAND
 1944 root      20   0 1860136   1.2g   5100 R 403.0  15.6   0:12.66 /zkay/zkay/jsnark_interface/run_snark proofgen /tmp/tmpwqxsjx7p /tmp/tmpwqxsjx7p/proo+
    1 root      20   0    3984   3232   2736 S   0.0   0.0   0:00.06 bash
    7 root      20   0    3992   3108   2608 S   0.0   0.0   0:00.08 bash
   13 root      20   0    3988   3228   2716 S   0.0   0.0   0:00.10 bash
  844 root      20   0    7864   2984   2628 R   0.0   0.0   0:00.41 top -bc -d 1 -n 6000
  845 root      20   0   96380  90004  12488 S   0.0   1.1   6:37.48 /usr/local/bin/python3.8 /usr/local/bin/zkay run --blockchain-backend w3-eth-tester .+

top - 22:07:07 up 1 day,  2:01,  0 users,  load average: 2.83, 2.10, 1.30
Tasks:   6 total,   2 running,   4 sleeping,   0 stopped,   0 zombie
%Cpu(s):  7.7 us,  0.6 sy,  0.0 ni, 91.7 id,  0.0 wa,  0.0 hi,  0.0 si,  0.0 st
MiB Mem :   7877.2 total,   2676.8 free,   2530.1 used,   2670.3 buff/cache
MiB Swap:   2048.0 total,   2048.0 free,      0.0 used.   5035.7 avail Mem 

  PID USER      PR  NI    VIRT    RES    SHR S  %CPU  %MEM     TIME+ COMMAND
 1944 root      20   0 1886580   1.2g   5100 R 100.0  15.9   0:13.66 /zkay/zkay/jsnark_interface/run_snark proofgen /tmp/tmpwqxsjx7p /tmp/tmpwqxsjx7p/proo+
    1 root      20   0    3984   3232   2736 S   0.0   0.0   0:00.06 bash
    7 root      20   0    3992   3108   2608 S   0.0   0.0   0:00.08 bash
   13 root      20   0    3988   3228   2716 S   0.0   0.0   0:00.10 bash
  844 root      20   0    7864   2984   2628 R   0.0   0.0   0:00.41 top -bc -d 1 -n 6000
  845 root      20   0   96380  90004  12488 S   0.0   1.1   6:37.48 /usr/local/bin/python3.8 /usr/local/bin/zkay run --blockchain-backend w3-eth-tester .+

top - 22:07:08 up 1 day,  2:01,  0 users,  load average: 2.83, 2.10, 1.30
Tasks:   6 total,   2 running,   4 sleeping,   0 stopped,   0 zombie
%Cpu(s): 15.6 us,  1.1 sy,  0.0 ni, 82.8 id,  0.0 wa,  0.0 hi,  0.6 si,  0.0 st
MiB Mem :   7877.2 total,   2588.5 free,   2618.3 used,   2670.3 buff/cache
MiB Swap:   2048.0 total,   2048.0 free,      0.0 used.   4947.5 avail Mem 

  PID USER      PR  NI    VIRT    RES    SHR S  %CPU  %MEM     TIME+ COMMAND
 1944 root      20   0 1886580   1.2g   5100 R 195.0  15.9   0:15.63 /zkay/zkay/jsnark_interface/run_snark proofgen /tmp/tmpwqxsjx7p /tmp/tmpwqxsjx7p/proo+
    1 root      20   0    3984   3232   2736 S   0.0   0.0   0:00.06 bash
    7 root      20   0    3992   3108   2608 S   0.0   0.0   0:00.08 bash
   13 root      20   0    3988   3228   2716 S   0.0   0.0   0:00.10 bash
  844 root      20   0    7864   2984   2628 R   0.0   0.0   0:00.41 top -bc -d 1 -n 6000
  845 root      20   0   96380  90004  12488 S   0.0   1.1   6:37.48 /usr/local/bin/python3.8 /usr/local/bin/zkay run --blockchain-backend w3-eth-tester .+

top - 22:07:09 up 1 day,  2:01,  0 users,  load average: 2.83, 2.10, 1.30
Tasks:   6 total,   2 running,   4 sleeping,   0 stopped,   0 zombie
%Cpu(s): 29.3 us,  0.2 sy,  0.0 ni, 69.3 id,  0.0 wa,  0.0 hi,  1.1 si,  0.0 st
MiB Mem :   7877.2 total,   2588.5 free,   2618.3 used,   2670.3 buff/cache
MiB Swap:   2048.0 total,   2048.0 free,      0.0 used.   4947.5 avail Mem 

  PID USER      PR  NI    VIRT    RES    SHR S  %CPU  %MEM     TIME+ COMMAND
 1944 root      20   0 1886580   1.2g   5100 R 351.0  15.9   0:19.14 /zkay/zkay/jsnark_interface/run_snark proofgen /tmp/tmpwqxsjx7p /tmp/tmpwqxsjx7p/proo+
    1 root      20   0    3984   3232   2736 S   0.0   0.0   0:00.06 bash
    7 root      20   0    3992   3108   2608 S   0.0   0.0   0:00.08 bash
   13 root      20   0    3988   3228   2716 S   0.0   0.0   0:00.10 bash
  844 root      20   0    7864   2984   2628 R   0.0   0.0   0:00.41 top -bc -d 1 -n 6000
  845 root      20   0   96380  90004  12488 S   0.0   1.1   6:37.48 /usr/local/bin/python3.8 /usr/local/bin/zkay run --blockchain-backend w3-eth-tester .+

top - 22:07:10 up 1 day,  2:01,  0 users,  load average: 2.83, 2.10, 1.30
Tasks:   6 total,   2 running,   4 sleeping,   0 stopped,   0 zombie
%Cpu(s): 48.8 us,  0.1 sy,  0.0 ni, 51.1 id,  0.0 wa,  0.0 hi,  0.0 si,  0.0 st
MiB Mem :   7877.2 total,   2588.5 free,   2618.3 used,   2670.3 buff/cache
MiB Swap:   2048.0 total,   2048.0 free,      0.0 used.   4947.5 avail Mem 

  PID USER      PR  NI    VIRT    RES    SHR S  %CPU  %MEM     TIME+ COMMAND
 1944 root      20   0 1886580   1.2g   5100 R 574.0  15.9   0:24.88 /zkay/zkay/jsnark_interface/run_snark proofgen /tmp/tmpwqxsjx7p /tmp/tmpwqxsjx7p/proo+
    1 root      20   0    3984   3232   2736 S   0.0   0.0   0:00.06 bash
    7 root      20   0    3992   3108   2608 S   0.0   0.0   0:00.08 bash
   13 root      20   0    3988   3228   2716 S   0.0   0.0   0:00.10 bash
  844 root      20   0    7864   2984   2628 R   0.0   0.0   0:00.41 top -bc -d 1 -n 6000
  845 root      20   0   96380  90004  12488 S   0.0   1.1   6:37.48 /usr/local/bin/python3.8 /usr/local/bin/zkay run --blockchain-backend w3-eth-tester .+

top - 22:07:11 up 1 day,  2:01,  0 users,  load average: 3.57, 2.27, 1.36
Tasks:   6 total,   2 running,   4 sleeping,   0 stopped,   0 zombie
%Cpu(s): 99.2 us,  0.1 sy,  0.0 ni,  0.7 id,  0.0 wa,  0.0 hi,  0.0 si,  0.0 st
MiB Mem :   7877.2 total,   2587.8 free,   2619.0 used,   2670.3 buff/cache
MiB Swap:   2048.0 total,   2048.0 free,      0.0 used.   4946.8 avail Mem 

  PID USER      PR  NI    VIRT    RES    SHR S  %CPU  %MEM     TIME+ COMMAND
 1944 root      20   0 1886580   1.2g   5100 R  1191  15.9   0:36.79 /zkay/zkay/jsnark_interface/run_snark proofgen /tmp/tmpwqxsjx7p /tmp/tmpwqxsjx7p/proo+
    1 root      20   0    3984   3232   2736 S   0.0   0.0   0:00.06 bash
    7 root      20   0    3992   3108   2608 S   0.0   0.0   0:00.08 bash
   13 root      20   0    3988   3228   2716 S   0.0   0.0   0:00.10 bash
  844 root      20   0    7864   2984   2628 R   0.0   0.0   0:00.41 top -bc -d 1 -n 6000
  845 root      20   0   96380  90004  12488 S   0.0   1.1   6:37.48 /usr/local/bin/python3.8 /usr/local/bin/zkay run --blockchain-backend w3-eth-tester .+

top - 22:07:12 up 1 day,  2:01,  0 users,  load average: 3.57, 2.27, 1.36
Tasks:   5 total,   2 running,   3 sleeping,   0 stopped,   0 zombie
%Cpu(s): 64.2 us,  0.4 sy,  0.0 ni, 35.3 id,  0.0 wa,  0.0 hi,  0.1 si,  0.0 st
MiB Mem :   7877.2 total,   2587.8 free,   2619.0 used,   2670.3 buff/cache
MiB Swap:   2048.0 total,   2048.0 free,      0.0 used.   4946.8 avail Mem 

  PID USER      PR  NI    VIRT    RES    SHR S  %CPU  %MEM     TIME+ COMMAND
  845 root      20   0   96380  90004  12488 R  15.0   1.1   6:37.63 /usr/local/bin/python3.8 /usr/local/bin/zkay run --blockchain-backend w3-eth-tester .+
    1 root      20   0    3984   3232   2736 S   0.0   0.0   0:00.06 bash
    7 root      20   0    3992   3108   2608 S   0.0   0.0   0:00.08 bash
   13 root      20   0    3988   3228   2716 S   0.0   0.0   0:00.10 bash
  844 root      20   0    7864   2984   2628 R   0.0   0.0   0:00.41 top -bc -d 1 -n 6000

top - 22:07:13 up 1 day,  2:01,  0 users,  load average: 3.57, 2.27, 1.36
Tasks:   5 total,   2 running,   3 sleeping,   0 stopped,   0 zombie
%Cpu(s):  8.2 us,  0.2 sy,  0.0 ni, 91.7 id,  0.0 wa,  0.0 hi,  0.0 si,  0.0 st
MiB Mem :   7877.2 total,   2587.8 free,   2619.0 used,   2670.3 buff/cache
MiB Swap:   2048.0 total,   2048.0 free,      0.0 used.   4946.8 avail Mem 

  PID USER      PR  NI    VIRT    RES    SHR S  %CPU  %MEM     TIME+ COMMAND
  845 root      20   0   96380  90004  12488 R 100.0   1.1   6:38.63 /usr/local/bin/python3.8 /usr/local/bin/zkay run --blockchain-backend w3-eth-tester .+
    1 root      20   0    3984   3232   2736 S   0.0   0.0   0:00.06 bash
    7 root      20   0    3992   3108   2608 S   0.0   0.0   0:00.08 bash
   13 root      20   0    3988   3228   2716 S   0.0   0.0   0:00.10 bash
  844 root      20   0    7864   2984   2628 R   0.0   0.0   0:00.41 top -bc -d 1 -n 6000

top - 22:07:14 up 1 day,  2:01,  0 users,  load average: 3.57, 2.27, 1.36
Tasks:   5 total,   2 running,   3 sleeping,   0 stopped,   0 zombie
%Cpu(s):  8.2 us,  0.7 sy,  0.0 ni, 91.2 id,  0.0 wa,  0.0 hi,  0.0 si,  0.0 st
MiB Mem :   7877.2 total,   3864.4 free,   1370.9 used,   2641.9 buff/cache
MiB Swap:   2048.0 total,   2048.0 free,      0.0 used.   6194.9 avail Mem 

  PID USER      PR  NI    VIRT    RES    SHR S  %CPU  %MEM     TIME+ COMMAND
  845 root      20   0   96380  90004  12488 R 100.0   1.1   6:39.63 /usr/local/bin/python3.8 /usr/local/bin/zkay run --blockchain-backend w3-eth-tester .+
    1 root      20   0    3984   3232   2736 S   0.0   0.0   0:00.06 bash
    7 root      20   0    3992   3108   2608 S   0.0   0.0   0:00.08 bash
   13 root      20   0    3988   3228   2716 S   0.0   0.0   0:00.10 bash
  844 root      20   0    7864   2984   2628 R   0.0   0.0   0:00.41 top -bc -d 1 -n 6000

top - 22:07:15 up 1 day,  2:01,  0 users,  load average: 3.57, 2.27, 1.36
Tasks:   5 total,   2 running,   3 sleeping,   0 stopped,   0 zombie
%Cpu(s):  8.4 us,  0.0 sy,  0.0 ni, 91.6 id,  0.0 wa,  0.0 hi,  0.0 si,  0.0 st
MiB Mem :   7877.2 total,   3864.4 free,   1370.9 used,   2641.9 buff/cache
MiB Swap:   2048.0 total,   2048.0 free,      0.0 used.   6194.9 avail Mem 

  PID USER      PR  NI    VIRT    RES    SHR S  %CPU  %MEM     TIME+ COMMAND
  845 root      20   0   96380  90004  12488 R 100.0   1.1   6:40.64 /usr/local/bin/python3.8 /usr/local/bin/zkay run --blockchain-backend w3-eth-tester .+
    1 root      20   0    3984   3232   2736 S   0.0   0.0   0:00.06 bash
    7 root      20   0    3992   3108   2608 S   0.0   0.0   0:00.08 bash
   13 root      20   0    3988   3228   2716 S   0.0   0.0   0:00.10 bash
  844 root      20   0    7864   2984   2628 R   0.0   0.0   0:00.41 top -bc -d 1 -n 6000

top - 22:07:16 up 1 day,  2:01,  0 users,  load average: 3.36, 2.24, 1.36
Tasks:   5 total,   2 running,   3 sleeping,   0 stopped,   0 zombie
%Cpu(s):  8.2 us,  0.1 sy,  0.0 ni, 91.7 id,  0.0 wa,  0.0 hi,  0.0 si,  0.0 st
MiB Mem :   7877.2 total,   3864.4 free,   1370.9 used,   2641.9 buff/cache
MiB Swap:   2048.0 total,   2048.0 free,      0.0 used.   6194.9 avail Mem 

  PID USER      PR  NI    VIRT    RES    SHR S  %CPU  %MEM     TIME+ COMMAND
  845 root      20   0   96380  90004  12488 R 100.0   1.1   6:41.64 /usr/local/bin/python3.8 /usr/local/bin/zkay run --blockchain-backend w3-eth-tester .+
    1 root      20   0    3984   3232   2736 S   0.0   0.0   0:00.06 bash
    7 root      20   0    3992   3108   2608 S   0.0   0.0   0:00.08 bash
   13 root      20   0    3988   3228   2716 S   0.0   0.0   0:00.10 bash
  844 root      20   0    7864   2984   2628 R   0.0   0.0   0:00.41 top -bc -d 1 -n 6000

top - 22:07:17 up 1 day,  2:01,  0 users,  load average: 3.36, 2.24, 1.36
Tasks:   5 total,   2 running,   3 sleeping,   0 stopped,   0 zombie
%Cpu(s):  8.3 us,  0.3 sy,  0.0 ni, 91.3 id,  0.0 wa,  0.0 hi,  0.1 si,  0.0 st
MiB Mem :   7877.2 total,   3863.9 free,   1371.4 used,   2641.9 buff/cache
MiB Swap:   2048.0 total,   2048.0 free,      0.0 used.   6194.4 avail Mem 

  PID USER      PR  NI    VIRT    RES    SHR S  %CPU  %MEM     TIME+ COMMAND
  845 root      20   0   96380  90004  12488 R 100.0   1.1   6:42.64 /usr/local/bin/python3.8 /usr/local/bin/zkay run --blockchain-backend w3-eth-tester .+
    1 root      20   0    3984   3232   2736 S   0.0   0.0   0:00.06 bash
    7 root      20   0    3992   3108   2608 S   0.0   0.0   0:00.08 bash
   13 root      20   0    3988   3228   2716 S   0.0   0.0   0:00.10 bash
  844 root      20   0    7864   2984   2628 R   0.0   0.0   0:00.41 top -bc -d 1 -n 6000

top - 22:07:18 up 1 day,  2:01,  0 users,  load average: 3.36, 2.24, 1.36
Tasks:   5 total,   2 running,   3 sleeping,   0 stopped,   0 zombie
%Cpu(s):  8.5 us,  0.5 sy,  0.0 ni, 90.3 id,  0.0 wa,  0.0 hi,  0.7 si,  0.0 st
MiB Mem :   7877.2 total,   3863.9 free,   1371.4 used,   2641.9 buff/cache
MiB Swap:   2048.0 total,   2048.0 free,      0.0 used.   6194.4 avail Mem 

  PID USER      PR  NI    VIRT    RES    SHR S  %CPU  %MEM     TIME+ COMMAND
  845 root      20   0   96380  90004  12488 R 100.0   1.1   6:43.64 /usr/local/bin/python3.8 /usr/local/bin/zkay run --blockchain-backend w3-eth-tester .+
    1 root      20   0    3984   3232   2736 S   0.0   0.0   0:00.06 bash
    7 root      20   0    3992   3108   2608 S   0.0   0.0   0:00.08 bash
   13 root      20   0    3988   3228   2716 S   0.0   0.0   0:00.10 bash
  844 root      20   0    7864   2984   2628 R   0.0   0.0   0:00.41 top -bc -d 1 -n 6000

top - 22:07:19 up 1 day,  2:01,  0 users,  load average: 3.36, 2.24, 1.36
Tasks:   5 total,   2 running,   3 sleeping,   0 stopped,   0 zombie
%Cpu(s):  8.3 us,  0.2 sy,  0.0 ni, 90.5 id,  0.0 wa,  0.0 hi,  0.9 si,  0.0 st
MiB Mem :   7877.2 total,   3863.9 free,   1371.4 used,   2641.9 buff/cache
MiB Swap:   2048.0 total,   2048.0 free,      0.0 used.   6194.4 avail Mem 

  PID USER      PR  NI    VIRT    RES    SHR S  %CPU  %MEM     TIME+ COMMAND
  845 root      20   0   96380  90004  12488 R 100.0   1.1   6:44.64 /usr/local/bin/python3.8 /usr/local/bin/zkay run --blockchain-backend w3-eth-tester .+
    1 root      20   0    3984   3232   2736 S   0.0   0.0   0:00.06 bash
    7 root      20   0    3992   3108   2608 S   0.0   0.0   0:00.08 bash
   13 root      20   0    3988   3228   2716 S   0.0   0.0   0:00.10 bash
  844 root      20   0    7864   2984   2628 R   0.0   0.0   0:00.41 top -bc -d 1 -n 6000

top - 22:07:20 up 1 day,  2:01,  0 users,  load average: 3.36, 2.24, 1.36
Tasks:   5 total,   2 running,   3 sleeping,   0 stopped,   0 zombie
%Cpu(s):  8.3 us,  0.1 sy,  0.0 ni, 91.6 id,  0.0 wa,  0.0 hi,  0.0 si,  0.0 st
MiB Mem :   7877.2 total,   3863.6 free,   1371.6 used,   2641.9 buff/cache
MiB Swap:   2048.0 total,   2048.0 free,      0.0 used.   6194.1 avail Mem 

  PID USER      PR  NI    VIRT    RES    SHR S  %CPU  %MEM     TIME+ COMMAND
  845 root      20   0   96380  90004  12488 R 100.0   1.1   6:45.64 /usr/local/bin/python3.8 /usr/local/bin/zkay run --blockchain-backend w3-eth-tester .+
    1 root      20   0    3984   3232   2736 S   0.0   0.0   0:00.06 bash
    7 root      20   0    3992   3108   2608 S   0.0   0.0   0:00.08 bash
   13 root      20   0    3988   3228   2716 S   0.0   0.0   0:00.10 bash
  844 root      20   0    7864   2984   2628 R   0.0   0.0   0:00.41 top -bc -d 1 -n 6000

top - 22:07:21 up 1 day,  2:01,  0 users,  load average: 3.17, 2.22, 1.36
Tasks:   5 total,   2 running,   3 sleeping,   0 stopped,   0 zombie
%Cpu(s):  8.3 us,  0.0 sy,  0.0 ni, 91.6 id,  0.0 wa,  0.0 hi,  0.1 si,  0.0 st
MiB Mem :   7877.2 total,   3863.6 free,   1371.6 used,   2641.9 buff/cache
MiB Swap:   2048.0 total,   2048.0 free,      0.0 used.   6194.1 avail Mem 

  PID USER      PR  NI    VIRT    RES    SHR S  %CPU  %MEM     TIME+ COMMAND
  845 root      20   0   96380  90004  12488 R 100.0   1.1   6:46.64 /usr/local/bin/python3.8 /usr/local/bin/zkay run --blockchain-backend w3-eth-tester .+
    1 root      20   0    3984   3232   2736 S   0.0   0.0   0:00.06 bash
    7 root      20   0    3992   3108   2608 S   0.0   0.0   0:00.08 bash
   13 root      20   0    3988   3228   2716 S   0.0   0.0   0:00.10 bash
  844 root      20   0    7864   2984   2628 R   0.0   0.0   0:00.41 top -bc -d 1 -n 6000

top - 22:07:22 up 1 day,  2:01,  0 users,  load average: 3.17, 2.22, 1.36
Tasks:   5 total,   2 running,   3 sleeping,   0 stopped,   0 zombie
%Cpu(s):  8.4 us,  0.0 sy,  0.0 ni, 91.5 id,  0.1 wa,  0.0 hi,  0.0 si,  0.0 st
MiB Mem :   7877.2 total,   3863.6 free,   1371.6 used,   2641.9 buff/cache
MiB Swap:   2048.0 total,   2048.0 free,      0.0 used.   6194.1 avail Mem 

  PID USER      PR  NI    VIRT    RES    SHR S  %CPU  %MEM     TIME+ COMMAND
  845 root      20   0   96380  90004  12488 R 100.0   1.1   6:47.65 /usr/local/bin/python3.8 /usr/local/bin/zkay run --blockchain-backend w3-eth-tester .+
    1 root      20   0    3984   3232   2736 S   0.0   0.0   0:00.06 bash
    7 root      20   0    3992   3108   2608 S   0.0   0.0   0:00.08 bash
   13 root      20   0    3988   3228   2716 S   0.0   0.0   0:00.10 bash
  844 root      20   0    7864   2984   2628 R   0.0   0.0   0:00.41 top -bc -d 1 -n 6000

top - 22:07:23 up 1 day,  2:01,  0 users,  load average: 3.17, 2.22, 1.36
Tasks:   5 total,   2 running,   3 sleeping,   0 stopped,   0 zombie
%Cpu(s):  8.3 us,  0.2 sy,  0.0 ni, 91.4 id,  0.1 wa,  0.0 hi,  0.0 si,  0.0 st
MiB Mem :   7877.2 total,   3861.6 free,   1373.6 used,   2641.9 buff/cache
MiB Swap:   2048.0 total,   2048.0 free,      0.0 used.   6192.2 avail Mem 

  PID USER      PR  NI    VIRT    RES    SHR S  %CPU  %MEM     TIME+ COMMAND
  845 root      20   0   96380  90004  12488 R 100.0   1.1   6:48.65 /usr/local/bin/python3.8 /usr/local/bin/zkay run --blockchain-backend w3-eth-tester .+
    1 root      20   0    3984   3232   2736 S   0.0   0.0   0:00.06 bash
    7 root      20   0    3992   3108   2608 S   0.0   0.0   0:00.08 bash
   13 root      20   0    3988   3228   2716 S   0.0   0.0   0:00.10 bash
  844 root      20   0    7864   2984   2628 R   0.0   0.0   0:00.41 top -bc -d 1 -n 6000

top - 22:07:24 up 1 day,  2:01,  0 users,  load average: 3.17, 2.22, 1.36
Tasks:   5 total,   2 running,   3 sleeping,   0 stopped,   0 zombie
%Cpu(s):  8.3 us,  0.1 sy,  0.0 ni, 91.6 id,  0.0 wa,  0.0 hi,  0.0 si,  0.0 st
MiB Mem :   7877.2 total,   3861.6 free,   1373.6 used,   2641.9 buff/cache
MiB Swap:   2048.0 total,   2048.0 free,      0.0 used.   6192.2 avail Mem 

  PID USER      PR  NI    VIRT    RES    SHR S  %CPU  %MEM     TIME+ COMMAND
  845 root      20   0   96380  90004  12488 R 100.0   1.1   6:49.65 /usr/local/bin/python3.8 /usr/local/bin/zkay run --blockchain-backend w3-eth-tester .+
    1 root      20   0    3984   3232   2736 S   0.0   0.0   0:00.06 bash
    7 root      20   0    3992   3108   2608 S   0.0   0.0   0:00.08 bash
   13 root      20   0    3988   3228   2716 S   0.0   0.0   0:00.10 bash
  844 root      20   0    7864   2984   2628 R   0.0   0.0   0:00.41 top -bc -d 1 -n 6000

top - 22:07:25 up 1 day,  2:01,  0 users,  load average: 3.17, 2.22, 1.36
Tasks:   5 total,   2 running,   3 sleeping,   0 stopped,   0 zombie
%Cpu(s):  8.3 us,  0.0 sy,  0.0 ni, 91.7 id,  0.0 wa,  0.0 hi,  0.0 si,  0.0 st
MiB Mem :   7877.2 total,   3861.6 free,   1373.6 used,   2641.9 buff/cache
MiB Swap:   2048.0 total,   2048.0 free,      0.0 used.   6192.2 avail Mem 

  PID USER      PR  NI    VIRT    RES    SHR S  %CPU  %MEM     TIME+ COMMAND
  845 root      20   0   96380  90004  12488 R 100.0   1.1   6:50.65 /usr/local/bin/python3.8 /usr/local/bin/zkay run --blockchain-backend w3-eth-tester .+
    1 root      20   0    3984   3232   2736 S   0.0   0.0   0:00.06 bash
    7 root      20   0    3992   3108   2608 S   0.0   0.0   0:00.08 bash
   13 root      20   0    3988   3228   2716 S   0.0   0.0   0:00.10 bash
  844 root      20   0    7864   2984   2628 R   0.0   0.0   0:00.41 top -bc -d 1 -n 6000

top - 22:07:26 up 1 day,  2:01,  0 users,  load average: 3.00, 2.20, 1.36
Tasks:   5 total,   2 running,   3 sleeping,   0 stopped,   0 zombie
%Cpu(s):  8.3 us,  0.0 sy,  0.0 ni, 91.7 id,  0.0 wa,  0.0 hi,  0.0 si,  0.0 st
MiB Mem :   7877.2 total,   3861.6 free,   1373.6 used,   2641.9 buff/cache
MiB Swap:   2048.0 total,   2048.0 free,      0.0 used.   6192.2 avail Mem 

  PID USER      PR  NI    VIRT    RES    SHR S  %CPU  %MEM     TIME+ COMMAND
  845 root      20   0   96380  90004  12488 R 100.0   1.1   6:51.65 /usr/local/bin/python3.8 /usr/local/bin/zkay run --blockchain-backend w3-eth-tester .+
    1 root      20   0    3984   3232   2736 S   0.0   0.0   0:00.06 bash
    7 root      20   0    3992   3108   2608 S   0.0   0.0   0:00.08 bash
   13 root      20   0    3988   3228   2716 S   0.0   0.0   0:00.10 bash
  844 root      20   0    7864   2984   2628 R   0.0   0.0   0:00.41 top -bc -d 1 -n 6000

top - 22:07:27 up 1 day,  2:01,  0 users,  load average: 3.00, 2.20, 1.36
Tasks:   5 total,   2 running,   3 sleeping,   0 stopped,   0 zombie
%Cpu(s):  8.4 us,  0.0 sy,  0.0 ni, 91.6 id,  0.0 wa,  0.0 hi,  0.0 si,  0.0 st
MiB Mem :   7877.2 total,   3861.6 free,   1373.6 used,   2641.9 buff/cache
MiB Swap:   2048.0 total,   2048.0 free,      0.0 used.   6192.2 avail Mem 

  PID USER      PR  NI    VIRT    RES    SHR S  %CPU  %MEM     TIME+ COMMAND
  845 root      20   0   96380  90004  12488 R 100.0   1.1   6:52.65 /usr/local/bin/python3.8 /usr/local/bin/zkay run --blockchain-backend w3-eth-tester .+
    1 root      20   0    3984   3232   2736 S   0.0   0.0   0:00.06 bash
    7 root      20   0    3992   3108   2608 S   0.0   0.0   0:00.08 bash
   13 root      20   0    3988   3228   2716 S   0.0   0.0   0:00.10 bash
  844 root      20   0    7864   2984   2628 R   0.0   0.0   0:00.41 top -bc -d 1 -n 6000

top - 22:07:28 up 1 day,  2:01,  0 users,  load average: 3.00, 2.20, 1.36
Tasks:   5 total,   2 running,   3 sleeping,   0 stopped,   0 zombie
%Cpu(s):  8.4 us,  0.2 sy,  0.0 ni, 90.3 id,  0.0 wa,  0.0 hi,  1.1 si,  0.0 st
MiB Mem :   7877.2 total,   3861.6 free,   1373.6 used,   2641.9 buff/cache
MiB Swap:   2048.0 total,   2048.0 free,      0.0 used.   6192.2 avail Mem 

  PID USER      PR  NI    VIRT    RES    SHR S  %CPU  %MEM     TIME+ COMMAND
  845 root      20   0   96380  90004  12488 R 100.0   1.1   6:53.65 /usr/local/bin/python3.8 /usr/local/bin/zkay run --blockchain-backend w3-eth-tester .+
    1 root      20   0    3984   3232   2736 S   0.0   0.0   0:00.06 bash
    7 root      20   0    3992   3108   2608 S   0.0   0.0   0:00.08 bash
   13 root      20   0    3988   3228   2716 S   0.0   0.0   0:00.10 bash
  844 root      20   0    7864   2984   2628 R   0.0   0.0   0:00.41 top -bc -d 1 -n 6000

top - 22:07:29 up 1 day,  2:01,  0 users,  load average: 3.00, 2.20, 1.36
Tasks:   5 total,   2 running,   3 sleeping,   0 stopped,   0 zombie
%Cpu(s):  8.6 us,  0.2 sy,  0.0 ni, 90.3 id,  0.1 wa,  0.0 hi,  0.9 si,  0.0 st
MiB Mem :   7877.2 total,   3860.2 free,   1375.0 used,   2641.9 buff/cache
MiB Swap:   2048.0 total,   2048.0 free,      0.0 used.   6190.7 avail Mem 

  PID USER      PR  NI    VIRT    RES    SHR S  %CPU  %MEM     TIME+ COMMAND
  845 root      20   0   96380  90004  12488 R 100.0   1.1   6:54.65 /usr/local/bin/python3.8 /usr/local/bin/zkay run --blockchain-backend w3-eth-tester .+
    1 root      20   0    3984   3232   2736 S   0.0   0.0   0:00.06 bash
    7 root      20   0    3992   3108   2608 S   0.0   0.0   0:00.08 bash
   13 root      20   0    3988   3228   2716 S   0.0   0.0   0:00.10 bash
  844 root      20   0    7864   2984   2628 R   0.0   0.0   0:00.41 top -bc -d 1 -n 6000

top - 22:07:30 up 1 day,  2:01,  0 users,  load average: 3.00, 2.20, 1.36
Tasks:   5 total,   2 running,   3 sleeping,   0 stopped,   0 zombie
%Cpu(s):  8.4 us,  0.0 sy,  0.0 ni, 91.6 id,  0.0 wa,  0.0 hi,  0.0 si,  0.0 st
MiB Mem :   7877.2 total,   3860.2 free,   1375.0 used,   2641.9 buff/cache
MiB Swap:   2048.0 total,   2048.0 free,      0.0 used.   6190.7 avail Mem 

  PID USER      PR  NI    VIRT    RES    SHR S  %CPU  %MEM     TIME+ COMMAND
  845 root      20   0   96380  90004  12488 R 100.0   1.1   6:55.66 /usr/local/bin/python3.8 /usr/local/bin/zkay run --blockchain-backend w3-eth-tester .+
    1 root      20   0    3984   3232   2736 S   0.0   0.0   0:00.06 bash
    7 root      20   0    3992   3108   2608 S   0.0   0.0   0:00.08 bash
   13 root      20   0    3988   3228   2716 S   0.0   0.0   0:00.10 bash
  844 root      20   0    7864   2984   2628 R   0.0   0.0   0:00.41 top -bc -d 1 -n 6000

top - 22:07:31 up 1 day,  2:01,  0 users,  load average: 2.84, 2.18, 1.35
Tasks:   5 total,   2 running,   3 sleeping,   0 stopped,   0 zombie
%Cpu(s):  8.3 us,  0.0 sy,  0.0 ni, 91.7 id,  0.0 wa,  0.0 hi,  0.0 si,  0.0 st
MiB Mem :   7877.2 total,   3860.2 free,   1375.0 used,   2641.9 buff/cache
MiB Swap:   2048.0 total,   2048.0 free,      0.0 used.   6190.7 avail Mem 

  PID USER      PR  NI    VIRT    RES    SHR S  %CPU  %MEM     TIME+ COMMAND
  845 root      20   0   96380  90004  12488 R 100.0   1.1   6:56.66 /usr/local/bin/python3.8 /usr/local/bin/zkay run --blockchain-backend w3-eth-tester .+
    1 root      20   0    3984   3232   2736 S   0.0   0.0   0:00.06 bash
    7 root      20   0    3992   3108   2608 S   0.0   0.0   0:00.08 bash
   13 root      20   0    3988   3228   2716 S   0.0   0.0   0:00.10 bash
  844 root      20   0    7864   2984   2628 R   0.0   0.0   0:00.41 top -bc -d 1 -n 6000

top - 22:07:32 up 1 day,  2:01,  0 users,  load average: 2.84, 2.18, 1.35
Tasks:   5 total,   2 running,   3 sleeping,   0 stopped,   0 zombie
%Cpu(s):  8.3 us,  0.0 sy,  0.0 ni, 91.7 id,  0.0 wa,  0.0 hi,  0.0 si,  0.0 st
MiB Mem :   7877.2 total,   3860.2 free,   1375.0 used,   2642.0 buff/cache
MiB Swap:   2048.0 total,   2048.0 free,      0.0 used.   6190.7 avail Mem 

  PID USER      PR  NI    VIRT    RES    SHR S  %CPU  %MEM     TIME+ COMMAND
  845 root      20   0   96380  90004  12488 R 100.0   1.1   6:57.66 /usr/local/bin/python3.8 /usr/local/bin/zkay run --blockchain-backend w3-eth-tester .+
  844 root      20   0    7864   2984   2628 R   1.0   0.0   0:00.42 top -bc -d 1 -n 6000
    1 root      20   0    3984   3232   2736 S   0.0   0.0   0:00.06 bash
    7 root      20   0    3992   3108   2608 S   0.0   0.0   0:00.08 bash
   13 root      20   0    3988   3228   2716 S   0.0   0.0   0:00.10 bash

top - 22:07:33 up 1 day,  2:01,  0 users,  load average: 2.84, 2.18, 1.35
Tasks:   5 total,   2 running,   3 sleeping,   0 stopped,   0 zombie
%Cpu(s):  8.3 us,  0.1 sy,  0.0 ni, 91.6 id,  0.0 wa,  0.0 hi,  0.0 si,  0.0 st
MiB Mem :   7877.2 total,   3860.2 free,   1375.0 used,   2642.0 buff/cache
MiB Swap:   2048.0 total,   2048.0 free,      0.0 used.   6190.7 avail Mem 

  PID USER      PR  NI    VIRT    RES    SHR S  %CPU  %MEM     TIME+ COMMAND
  845 root      20   0   96380  90004  12488 R 100.0   1.1   6:58.66 /usr/local/bin/python3.8 /usr/local/bin/zkay run --blockchain-backend w3-eth-tester .+
    1 root      20   0    3984   3232   2736 S   0.0   0.0   0:00.06 bash
    7 root      20   0    3992   3108   2608 S   0.0   0.0   0:00.08 bash
   13 root      20   0    3988   3228   2716 S   0.0   0.0   0:00.10 bash
  844 root      20   0    7864   2984   2628 R   0.0   0.0   0:00.42 top -bc -d 1 -n 6000

top - 22:07:34 up 1 day,  2:01,  0 users,  load average: 2.84, 2.18, 1.35
Tasks:   5 total,   2 running,   3 sleeping,   0 stopped,   0 zombie
%Cpu(s):  8.3 us,  0.0 sy,  0.0 ni, 91.7 id,  0.0 wa,  0.0 hi,  0.0 si,  0.0 st
MiB Mem :   7877.2 total,   3860.2 free,   1375.0 used,   2642.0 buff/cache
MiB Swap:   2048.0 total,   2048.0 free,      0.0 used.   6190.7 avail Mem 

  PID USER      PR  NI    VIRT    RES    SHR S  %CPU  %MEM     TIME+ COMMAND
  845 root      20   0   96380  90004  12488 R 100.0   1.1   6:59.66 /usr/local/bin/python3.8 /usr/local/bin/zkay run --blockchain-backend w3-eth-tester .+
    1 root      20   0    3984   3232   2736 S   0.0   0.0   0:00.06 bash
    7 root      20   0    3992   3108   2608 S   0.0   0.0   0:00.08 bash
   13 root      20   0    3988   3228   2716 S   0.0   0.0   0:00.10 bash
  844 root      20   0    7864   2984   2628 R   0.0   0.0   0:00.42 top -bc -d 1 -n 6000

top - 22:07:35 up 1 day,  2:01,  0 users,  load average: 2.84, 2.18, 1.35
Tasks:   5 total,   2 running,   3 sleeping,   0 stopped,   0 zombie
%Cpu(s):  8.3 us,  0.0 sy,  0.0 ni, 91.6 id,  0.1 wa,  0.0 hi,  0.0 si,  0.0 st
MiB Mem :   7877.2 total,   3858.2 free,   1377.0 used,   2642.0 buff/cache
MiB Swap:   2048.0 total,   2048.0 free,      0.0 used.   6188.8 avail Mem 

  PID USER      PR  NI    VIRT    RES    SHR S  %CPU  %MEM     TIME+ COMMAND
  845 root      20   0   96380  90004  12488 R 100.0   1.1   7:00.66 /usr/local/bin/python3.8 /usr/local/bin/zkay run --blockchain-backend w3-eth-tester .+
    1 root      20   0    3984   3232   2736 S   0.0   0.0   0:00.06 bash
    7 root      20   0    3992   3108   2608 S   0.0   0.0   0:00.08 bash
   13 root      20   0    3988   3228   2716 S   0.0   0.0   0:00.10 bash
  844 root      20   0    7864   2984   2628 R   0.0   0.0   0:00.42 top -bc -d 1 -n 6000

top - 22:07:36 up 1 day,  2:01,  0 users,  load average: 2.69, 2.16, 1.35
Tasks:   5 total,   2 running,   3 sleeping,   0 stopped,   0 zombie
%Cpu(s):  8.3 us,  0.0 sy,  0.0 ni, 91.6 id,  0.1 wa,  0.0 hi,  0.0 si,  0.0 st
MiB Mem :   7877.2 total,   3858.2 free,   1377.0 used,   2642.0 buff/cache
MiB Swap:   2048.0 total,   2048.0 free,      0.0 used.   6188.8 avail Mem 

  PID USER      PR  NI    VIRT    RES    SHR S  %CPU  %MEM     TIME+ COMMAND
  845 root      20   0   96380  90004  12488 R 100.0   1.1   7:01.66 /usr/local/bin/python3.8 /usr/local/bin/zkay run --blockchain-backend w3-eth-tester .+
    1 root      20   0    3984   3232   2736 S   0.0   0.0   0:00.06 bash
    7 root      20   0    3992   3108   2608 S   0.0   0.0   0:00.08 bash
   13 root      20   0    3988   3228   2716 S   0.0   0.0   0:00.10 bash
  844 root      20   0    7864   2984   2628 R   0.0   0.0   0:00.42 top -bc -d 1 -n 6000

top - 22:07:37 up 1 day,  2:01,  0 users,  load average: 2.69, 2.16, 1.35
Tasks:   5 total,   2 running,   3 sleeping,   0 stopped,   0 zombie
%Cpu(s):  8.4 us,  0.0 sy,  0.0 ni, 91.6 id,  0.0 wa,  0.0 hi,  0.0 si,  0.0 st
MiB Mem :   7877.2 total,   3858.2 free,   1377.0 used,   2642.0 buff/cache
MiB Swap:   2048.0 total,   2048.0 free,      0.0 used.   6188.8 avail Mem 

  PID USER      PR  NI    VIRT    RES    SHR S  %CPU  %MEM     TIME+ COMMAND
  845 root      20   0   96380  90004  12488 R 100.0   1.1   7:02.67 /usr/local/bin/python3.8 /usr/local/bin/zkay run --blockchain-backend w3-eth-tester .+
    1 root      20   0    3984   3232   2736 S   0.0   0.0   0:00.06 bash
    7 root      20   0    3992   3108   2608 S   0.0   0.0   0:00.08 bash
   13 root      20   0    3988   3228   2716 S   0.0   0.0   0:00.10 bash
  844 root      20   0    7864   2984   2628 R   0.0   0.0   0:00.42 top -bc -d 1 -n 6000

top - 22:07:38 up 1 day,  2:01,  0 users,  load average: 2.69, 2.16, 1.35
Tasks:   5 total,   2 running,   3 sleeping,   0 stopped,   0 zombie
%Cpu(s):  8.9 us,  0.7 sy,  0.0 ni, 89.8 id,  0.0 wa,  0.0 hi,  0.7 si,  0.0 st
MiB Mem :   7877.2 total,   3857.7 free,   1377.6 used,   2642.0 buff/cache
MiB Swap:   2048.0 total,   2048.0 free,      0.0 used.   6188.2 avail Mem 

  PID USER      PR  NI    VIRT    RES    SHR S  %CPU  %MEM     TIME+ COMMAND
  845 root      20   0   96380  90004  12488 R 100.0   1.1   7:03.67 /usr/local/bin/python3.8 /usr/local/bin/zkay run --blockchain-backend w3-eth-tester .+
    1 root      20   0    3984   3232   2736 S   0.0   0.0   0:00.06 bash
    7 root      20   0    3992   3108   2608 S   0.0   0.0   0:00.08 bash
   13 root      20   0    3988   3228   2716 S   0.0   0.0   0:00.10 bash
  844 root      20   0    7864   2984   2628 R   0.0   0.0   0:00.42 top -bc -d 1 -n 6000

top - 22:07:39 up 1 day,  2:01,  0 users,  load average: 2.69, 2.16, 1.35
Tasks:   6 total,   1 running,   5 sleeping,   0 stopped,   0 zombie
%Cpu(s): 25.9 us,  3.7 sy,  0.0 ni, 70.3 id,  0.1 wa,  0.0 hi,  0.0 si,  0.0 st
MiB Mem :   7877.2 total,   3857.7 free,   1377.6 used,   2642.0 buff/cache
MiB Swap:   2048.0 total,   2048.0 free,      0.0 used.   6188.2 avail Mem 

  PID USER      PR  NI    VIRT    RES    SHR S  %CPU  %MEM     TIME+ COMMAND
 1956 root      20   0   20.3g 471900  25876 S 308.0   5.9   0:03.08 java -Xms4096m -Xmx16384m -cp /zkay/zkay/jsnark_interface/JsnarkCircuitBuilder.jar:/z+
  845 root      20   0   96380  90004  12488 S  37.0   1.1   7:04.04 /usr/local/bin/python3.8 /usr/local/bin/zkay run --blockchain-backend w3-eth-tester .+
    1 root      20   0    3984   3232   2736 S   0.0   0.0   0:00.06 bash
    7 root      20   0    3992   3108   2608 S   0.0   0.0   0:00.08 bash
   13 root      20   0    3988   3228   2716 S   0.0   0.0   0:00.10 bash
  844 root      20   0    7864   2984   2628 R   0.0   0.0   0:00.42 top -bc -d 1 -n 6000

top - 22:07:40 up 1 day,  2:01,  0 users,  load average: 2.69, 2.16, 1.35
Tasks:   6 total,   1 running,   5 sleeping,   0 stopped,   0 zombie
%Cpu(s): 34.8 us,  1.0 sy,  0.0 ni, 63.9 id,  0.2 wa,  0.0 hi,  0.2 si,  0.0 st
MiB Mem :   7877.2 total,   3857.7 free,   1377.6 used,   2642.0 buff/cache
MiB Swap:   2048.0 total,   2048.0 free,      0.0 used.   6188.2 avail Mem 

  PID USER      PR  NI    VIRT    RES    SHR S  %CPU  %MEM     TIME+ COMMAND
 1956 root      20   0   20.3g 695748  26000 S 429.0   8.6   0:07.37 java -Xms4096m -Xmx16384m -cp /zkay/zkay/jsnark_interface/JsnarkCircuitBuilder.jar:/z+
    1 root      20   0    3984   3232   2736 S   0.0   0.0   0:00.06 bash
    7 root      20   0    3992   3108   2608 S   0.0   0.0   0:00.08 bash
   13 root      20   0    3988   3228   2716 S   0.0   0.0   0:00.10 bash
  844 root      20   0    7864   2984   2628 R   0.0   0.0   0:00.42 top -bc -d 1 -n 6000
  845 root      20   0   96380  90004  12488 S   0.0   1.1   7:04.04 /usr/local/bin/python3.8 /usr/local/bin/zkay run --blockchain-backend w3-eth-tester .+

top - 22:07:41 up 1 day,  2:01,  0 users,  load average: 2.55, 2.14, 1.35
Tasks:   6 total,   2 running,   4 sleeping,   0 stopped,   0 zombie
%Cpu(s): 11.9 us,  1.8 sy,  0.0 ni, 86.2 id,  0.1 wa,  0.0 hi,  0.1 si,  0.0 st
MiB Mem :   7877.2 total,   3703.2 free,   1462.1 used,   2711.9 buff/cache
MiB Swap:   2048.0 total,   2048.0 free,      0.0 used.   6103.7 avail Mem 

  PID USER      PR  NI    VIRT    RES    SHR S  %CPU  %MEM     TIME+ COMMAND
 1994 root      20   0  100804  96068   5032 R  12.0   1.2   0:00.12 /zkay/zkay/jsnark_interface/run_snark proofgen /tmp/tmp8pz41dzb /tmp/tmp8pz41dzb/proo+
  845 root      20   0   96380  90004  12488 S   1.0   1.1   7:04.05 /usr/local/bin/python3.8 /usr/local/bin/zkay run --blockchain-backend w3-eth-tester .+
    1 root      20   0    3984   3232   2736 S   0.0   0.0   0:00.06 bash
    7 root      20   0    3992   3108   2608 S   0.0   0.0   0:00.08 bash
   13 root      20   0    3988   3228   2716 S   0.0   0.0   0:00.10 bash
  844 root      20   0    7864   2984   2628 R   0.0   0.0   0:00.42 top -bc -d 1 -n 6000

top - 22:07:42 up 1 day,  2:01,  0 users,  load average: 2.55, 2.14, 1.35
Tasks:   6 total,   2 running,   4 sleeping,   0 stopped,   0 zombie
%Cpu(s):  8.3 us,  0.0 sy,  0.0 ni, 91.7 id,  0.0 wa,  0.0 hi,  0.0 si,  0.0 st
MiB Mem :   7877.2 total,   3703.2 free,   1462.1 used,   2711.9 buff/cache
MiB Swap:   2048.0 total,   2048.0 free,      0.0 used.   6103.7 avail Mem 

  PID USER      PR  NI    VIRT    RES    SHR S  %CPU  %MEM     TIME+ COMMAND
 1994 root      20   0  100880  96460   5144 R 100.0   1.2   0:01.12 /zkay/zkay/jsnark_interface/run_snark proofgen /tmp/tmp8pz41dzb /tmp/tmp8pz41dzb/proo+
    1 root      20   0    3984   3232   2736 S   0.0   0.0   0:00.06 bash
    7 root      20   0    3992   3108   2608 S   0.0   0.0   0:00.08 bash
   13 root      20   0    3988   3228   2716 S   0.0   0.0   0:00.10 bash
  844 root      20   0    7864   2984   2628 R   0.0   0.0   0:00.42 top -bc -d 1 -n 6000
  845 root      20   0   96380  90004  12488 S   0.0   1.1   7:04.05 /usr/local/bin/python3.8 /usr/local/bin/zkay run --blockchain-backend w3-eth-tester .+

top - 22:07:43 up 1 day,  2:01,  0 users,  load average: 2.55, 2.14, 1.35
Tasks:   6 total,   2 running,   4 sleeping,   0 stopped,   0 zombie
%Cpu(s):  8.1 us,  0.2 sy,  0.0 ni, 91.7 id,  0.0 wa,  0.0 hi,  0.0 si,  0.0 st
MiB Mem :   7877.2 total,   3703.2 free,   1462.1 used,   2711.9 buff/cache
MiB Swap:   2048.0 total,   2048.0 free,      0.0 used.   6103.7 avail Mem 

  PID USER      PR  NI    VIRT    RES    SHR S  %CPU  %MEM     TIME+ COMMAND
 1994 root      20   0  171352 166260   5144 R 100.0   2.1   0:02.12 /zkay/zkay/jsnark_interface/run_snark proofgen /tmp/tmp8pz41dzb /tmp/tmp8pz41dzb/proo+
    1 root      20   0    3984   3232   2736 S   0.0   0.0   0:00.06 bash
    7 root      20   0    3992   3108   2608 S   0.0   0.0   0:00.08 bash
   13 root      20   0    3988   3228   2716 S   0.0   0.0   0:00.10 bash
  844 root      20   0    7864   2984   2628 R   0.0   0.0   0:00.42 top -bc -d 1 -n 6000
  845 root      20   0   96380  90004  12488 S   0.0   1.1   7:04.05 /usr/local/bin/python3.8 /usr/local/bin/zkay run --blockchain-backend w3-eth-tester .+

top - 22:07:44 up 1 day,  2:01,  0 users,  load average: 2.55, 2.14, 1.35
Tasks:   6 total,   2 running,   4 sleeping,   0 stopped,   0 zombie
%Cpu(s):  7.7 us,  1.1 sy,  0.0 ni, 91.2 id,  0.0 wa,  0.0 hi,  0.0 si,  0.0 st
MiB Mem :   7877.2 total,   3345.2 free,   1820.2 used,   2711.8 buff/cache
MiB Swap:   2048.0 total,   2048.0 free,      0.0 used.   5745.6 avail Mem 

  PID USER      PR  NI    VIRT    RES    SHR S  %CPU  %MEM     TIME+ COMMAND
 1994 root      20   0  465620 459944   5144 R 100.0   5.7   0:03.13 /zkay/zkay/jsnark_interface/run_snark proofgen /tmp/tmp8pz41dzb /tmp/tmp8pz41dzb/proo+
    1 root      20   0    3984   3232   2736 S   0.0   0.0   0:00.06 bash
    7 root      20   0    3992   3108   2608 S   0.0   0.0   0:00.08 bash
   13 root      20   0    3988   3228   2716 S   0.0   0.0   0:00.10 bash
  844 root      20   0    7864   2984   2628 R   0.0   0.0   0:00.42 top -bc -d 1 -n 6000
  845 root      20   0   96380  90004  12488 S   0.0   1.1   7:04.05 /usr/local/bin/python3.8 /usr/local/bin/zkay run --blockchain-backend w3-eth-tester .+

top - 22:07:45 up 1 day,  2:01,  0 users,  load average: 2.55, 2.14, 1.35
Tasks:   6 total,   2 running,   4 sleeping,   0 stopped,   0 zombie
%Cpu(s):  7.4 us,  0.9 sy,  0.0 ni, 91.7 id,  0.0 wa,  0.0 hi,  0.0 si,  0.0 st
MiB Mem :   7877.2 total,   3345.2 free,   1820.2 used,   2711.8 buff/cache
MiB Swap:   2048.0 total,   2048.0 free,      0.0 used.   5745.6 avail Mem 

  PID USER      PR  NI    VIRT    RES    SHR S  %CPU  %MEM     TIME+ COMMAND
 1994 root      20   0  766012 759236   5144 R 100.0   9.4   0:04.13 /zkay/zkay/jsnark_interface/run_snark proofgen /tmp/tmp8pz41dzb /tmp/tmp8pz41dzb/proo+
    1 root      20   0    3984   3232   2736 S   0.0   0.0   0:00.06 bash
    7 root      20   0    3992   3108   2608 S   0.0   0.0   0:00.08 bash
   13 root      20   0    3988   3228   2716 S   0.0   0.0   0:00.10 bash
  844 root      20   0    7864   2984   2628 R   0.0   0.0   0:00.42 top -bc -d 1 -n 6000
  845 root      20   0   96380  90004  12488 S   0.0   1.1   7:04.05 /usr/local/bin/python3.8 /usr/local/bin/zkay run --blockchain-backend w3-eth-tester .+

top - 22:07:46 up 1 day,  2:01,  0 users,  load average: 2.43, 2.12, 1.35
Tasks:   6 total,   2 running,   4 sleeping,   0 stopped,   0 zombie
%Cpu(s):  7.7 us,  0.7 sy,  0.0 ni, 90.9 id,  0.2 wa,  0.0 hi,  0.6 si,  0.0 st
MiB Mem :   7877.2 total,   3345.2 free,   1820.2 used,   2711.8 buff/cache
MiB Swap:   2048.0 total,   2048.0 free,      0.0 used.   5745.6 avail Mem 

  PID USER      PR  NI    VIRT    RES    SHR S  %CPU  %MEM     TIME+ COMMAND
 1994 root      20   0  983208 976704   5144 R 100.0  12.1   0:05.13 /zkay/zkay/jsnark_interface/run_snark proofgen /tmp/tmp8pz41dzb /tmp/tmp8pz41dzb/proo+
    1 root      20   0    3984   3232   2736 S   0.0   0.0   0:00.06 bash
    7 root      20   0    3992   3108   2608 S   0.0   0.0   0:00.08 bash
   13 root      20   0    3988   3228   2716 S   0.0   0.0   0:00.10 bash
  844 root      20   0    7864   2984   2628 R   0.0   0.0   0:00.42 top -bc -d 1 -n 6000
  845 root      20   0   96380  90004  12488 S   0.0   1.1   7:04.05 /usr/local/bin/python3.8 /usr/local/bin/zkay run --blockchain-backend w3-eth-tester .+

top - 22:07:47 up 1 day,  2:01,  0 users,  load average: 2.43, 2.12, 1.35
Tasks:   6 total,   2 running,   4 sleeping,   0 stopped,   0 zombie
%Cpu(s):  7.7 us,  0.7 sy,  0.0 ni, 91.6 id,  0.0 wa,  0.0 hi,  0.0 si,  0.0 st
MiB Mem :   7877.2 total,   2631.7 free,   2533.6 used,   2711.8 buff/cache
MiB Swap:   2048.0 total,   2048.0 free,      0.0 used.   5032.2 avail Mem 

  PID USER      PR  NI    VIRT    RES    SHR S  %CPU  %MEM     TIME+ COMMAND
 1994 root      20   0 1206616   1.1g   5144 R 100.0  14.8   0:06.13 /zkay/zkay/jsnark_interface/run_snark proofgen /tmp/tmp8pz41dzb /tmp/tmp8pz41dzb/proo+
    1 root      20   0    3984   3232   2736 S   0.0   0.0   0:00.06 bash
    7 root      20   0    3992   3108   2608 S   0.0   0.0   0:00.08 bash
   13 root      20   0    3988   3228   2716 S   0.0   0.0   0:00.10 bash
  844 root      20   0    7864   2984   2628 R   0.0   0.0   0:00.42 top -bc -d 1 -n 6000
  845 root      20   0   96380  90004  12488 S   0.0   1.1   7:04.05 /usr/local/bin/python3.8 /usr/local/bin/zkay run --blockchain-backend w3-eth-tester .+

top - 22:07:48 up 1 day,  2:01,  0 users,  load average: 2.43, 2.12, 1.35
Tasks:   6 total,   2 running,   4 sleeping,   0 stopped,   0 zombie
%Cpu(s):  7.8 us,  1.1 sy,  0.0 ni, 90.2 id,  0.0 wa,  0.0 hi,  0.9 si,  0.0 st
MiB Mem :   7877.2 total,   2631.7 free,   2533.6 used,   2711.8 buff/cache
MiB Swap:   2048.0 total,   2048.0 free,      0.0 used.   5032.2 avail Mem 

  PID USER      PR  NI    VIRT    RES    SHR S  %CPU  %MEM     TIME+ COMMAND
 1994 root      20   0 1404624   1.3g   5144 R 100.0  17.3   0:07.13 /zkay/zkay/jsnark_interface/run_snark proofgen /tmp/tmp8pz41dzb /tmp/tmp8pz41dzb/proo+
    1 root      20   0    3984   3232   2736 S   0.0   0.0   0:00.06 bash
    7 root      20   0    3992   3108   2608 S   0.0   0.0   0:00.08 bash
   13 root      20   0    3988   3228   2716 S   0.0   0.0   0:00.10 bash
  844 root      20   0    7864   2984   2628 R   0.0   0.0   0:00.42 top -bc -d 1 -n 6000
  845 root      20   0   96380  90004  12488 S   0.0   1.1   7:04.05 /usr/local/bin/python3.8 /usr/local/bin/zkay run --blockchain-backend w3-eth-tester .+

top - 22:07:49 up 1 day,  2:01,  0 users,  load average: 2.43, 2.12, 1.35
Tasks:   6 total,   2 running,   4 sleeping,   0 stopped,   0 zombie
%Cpu(s):  7.7 us,  0.8 sy,  0.0 ni, 90.2 id,  0.0 wa,  0.0 hi,  1.2 si,  0.0 st
MiB Mem :   7877.2 total,   2631.7 free,   2533.6 used,   2711.8 buff/cache
MiB Swap:   2048.0 total,   2048.0 free,      0.0 used.   5032.2 avail Mem 

  PID USER      PR  NI    VIRT    RES    SHR S  %CPU  %MEM     TIME+ COMMAND
 1994 root      20   0 1633716   1.5g   5144 R 100.0  19.8   0:08.13 /zkay/zkay/jsnark_interface/run_snark proofgen /tmp/tmp8pz41dzb /tmp/tmp8pz41dzb/proo+
    1 root      20   0    3984   3232   2736 S   0.0   0.0   0:00.06 bash
    7 root      20   0    3992   3108   2608 S   0.0   0.0   0:00.08 bash
   13 root      20   0    3988   3228   2716 S   0.0   0.0   0:00.10 bash
  844 root      20   0    7864   2984   2628 R   0.0   0.0   0:00.42 top -bc -d 1 -n 6000
  845 root      20   0   96380  90004  12488 S   0.0   1.1   7:04.05 /usr/local/bin/python3.8 /usr/local/bin/zkay run --blockchain-backend w3-eth-tester .+

top - 22:07:50 up 1 day,  2:01,  0 users,  load average: 2.43, 2.12, 1.35
Tasks:   6 total,   2 running,   4 sleeping,   0 stopped,   0 zombie
%Cpu(s):  8.1 us,  0.2 sy,  0.0 ni, 91.7 id,  0.0 wa,  0.0 hi,  0.0 si,  0.0 st
MiB Mem :   7877.2 total,   2036.8 free,   3128.5 used,   2711.8 buff/cache
MiB Swap:   2048.0 total,   2048.0 free,      0.0 used.   4437.2 avail Mem 

  PID USER      PR  NI    VIRT    RES    SHR S  %CPU  %MEM     TIME+ COMMAND
 1994 root      20   0 1832044   1.7g   5144 R 100.0  22.3   0:09.13 /zkay/zkay/jsnark_interface/run_snark proofgen /tmp/tmp8pz41dzb /tmp/tmp8pz41dzb/proo+
    1 root      20   0    3984   3232   2736 S   0.0   0.0   0:00.06 bash
    7 root      20   0    3992   3108   2608 S   0.0   0.0   0:00.08 bash
   13 root      20   0    3988   3228   2716 S   0.0   0.0   0:00.10 bash
  844 root      20   0    7864   2984   2628 R   0.0   0.0   0:00.42 top -bc -d 1 -n 6000
  845 root      20   0   96380  90004  12488 S   0.0   1.1   7:04.05 /usr/local/bin/python3.8 /usr/local/bin/zkay run --blockchain-backend w3-eth-tester .+

top - 22:07:51 up 1 day,  2:01,  0 users,  load average: 2.31, 2.10, 1.35
Tasks:   6 total,   2 running,   4 sleeping,   0 stopped,   0 zombie
%Cpu(s):  8.4 us,  0.0 sy,  0.0 ni, 91.5 id,  0.1 wa,  0.0 hi,  0.0 si,  0.0 st
MiB Mem :   7877.2 total,   2036.8 free,   3128.5 used,   2711.8 buff/cache
MiB Swap:   2048.0 total,   2048.0 free,      0.0 used.   4437.2 avail Mem 

  PID USER      PR  NI    VIRT    RES    SHR S  %CPU  %MEM     TIME+ COMMAND
 1994 root      20   0 1832044   1.7g   5144 R 100.0  22.3   0:10.14 /zkay/zkay/jsnark_interface/run_snark proofgen /tmp/tmp8pz41dzb /tmp/tmp8pz41dzb/proo+
    1 root      20   0    3984   3232   2736 S   0.0   0.0   0:00.06 bash
    7 root      20   0    3992   3108   2608 S   0.0   0.0   0:00.08 bash
   13 root      20   0    3988   3228   2716 S   0.0   0.0   0:00.10 bash
  844 root      20   0    7864   2984   2628 R   0.0   0.0   0:00.42 top -bc -d 1 -n 6000
  845 root      20   0   96380  90004  12488 S   0.0   1.1   7:04.05 /usr/local/bin/python3.8 /usr/local/bin/zkay run --blockchain-backend w3-eth-tester .+

top - 22:07:52 up 1 day,  2:01,  0 users,  load average: 2.31, 2.10, 1.35
Tasks:   6 total,   2 running,   4 sleeping,   0 stopped,   0 zombie
%Cpu(s):  8.3 us,  0.0 sy,  0.0 ni, 91.3 id,  0.3 wa,  0.0 hi,  0.0 si,  0.0 st
MiB Mem :   7877.2 total,   2036.8 free,   3128.5 used,   2711.8 buff/cache
MiB Swap:   2048.0 total,   2048.0 free,      0.0 used.   4437.2 avail Mem 

  PID USER      PR  NI    VIRT    RES    SHR S  %CPU  %MEM     TIME+ COMMAND
 1994 root      20   0 1832044   1.7g   5144 R 100.0  22.3   0:11.14 /zkay/zkay/jsnark_interface/run_snark proofgen /tmp/tmp8pz41dzb /tmp/tmp8pz41dzb/proo+
    1 root      20   0    3984   3232   2736 S   0.0   0.0   0:00.06 bash
    7 root      20   0    3992   3108   2608 S   0.0   0.0   0:00.08 bash
   13 root      20   0    3988   3228   2716 S   0.0   0.0   0:00.10 bash
  844 root      20   0    7864   2984   2628 R   0.0   0.0   0:00.42 top -bc -d 1 -n 6000
  845 root      20   0   96380  90004  12488 S   0.0   1.1   7:04.05 /usr/local/bin/python3.8 /usr/local/bin/zkay run --blockchain-backend w3-eth-tester .+

top - 22:07:53 up 1 day,  2:01,  0 users,  load average: 2.31, 2.10, 1.35
Tasks:   6 total,   2 running,   4 sleeping,   0 stopped,   0 zombie
%Cpu(s):  8.3 us,  0.0 sy,  0.0 ni, 91.7 id,  0.0 wa,  0.0 hi,  0.0 si,  0.0 st
MiB Mem :   7877.2 total,   2034.8 free,   3130.5 used,   2711.9 buff/cache
MiB Swap:   2048.0 total,   2048.0 free,      0.0 used.   4435.2 avail Mem 

  PID USER      PR  NI    VIRT    RES    SHR S  %CPU  %MEM     TIME+ COMMAND
 1994 root      20   0 1832044   1.7g   5144 R 100.0  22.3   0:12.14 /zkay/zkay/jsnark_interface/run_snark proofgen /tmp/tmp8pz41dzb /tmp/tmp8pz41dzb/proo+
    1 root      20   0    3984   3232   2736 S   0.0   0.0   0:00.06 bash
    7 root      20   0    3992   3108   2608 S   0.0   0.0   0:00.08 bash
   13 root      20   0    3988   3228   2716 S   0.0   0.0   0:00.10 bash
  844 root      20   0    7864   2984   2628 R   0.0   0.0   0:00.42 top -bc -d 1 -n 6000
  845 root      20   0   96380  90004  12488 S   0.0   1.1   7:04.05 /usr/local/bin/python3.8 /usr/local/bin/zkay run --blockchain-backend w3-eth-tester .+

top - 22:07:54 up 1 day,  2:02,  0 users,  load average: 2.31, 2.10, 1.35
Tasks:   6 total,   2 running,   4 sleeping,   0 stopped,   0 zombie
%Cpu(s):  8.2 us,  0.2 sy,  0.0 ni, 91.7 id,  0.0 wa,  0.0 hi,  0.0 si,  0.0 st
MiB Mem :   7877.2 total,   2034.8 free,   3130.5 used,   2711.9 buff/cache
MiB Swap:   2048.0 total,   2048.0 free,      0.0 used.   4435.2 avail Mem 

  PID USER      PR  NI    VIRT    RES    SHR S  %CPU  %MEM     TIME+ COMMAND
 1994 root      20   0 2039316   1.7g   5144 R 100.0  22.7   0:13.14 /zkay/zkay/jsnark_interface/run_snark proofgen /tmp/tmp8pz41dzb /tmp/tmp8pz41dzb/proo+
    1 root      20   0    3984   3232   2736 S   0.0   0.0   0:00.06 bash
    7 root      20   0    3992   3108   2608 S   0.0   0.0   0:00.08 bash
   13 root      20   0    3988   3228   2716 S   0.0   0.0   0:00.10 bash
  844 root      20   0    7864   2984   2628 R   0.0   0.0   0:00.42 top -bc -d 1 -n 6000
  845 root      20   0   96380  90004  12488 S   0.0   1.1   7:04.05 /usr/local/bin/python3.8 /usr/local/bin/zkay run --blockchain-backend w3-eth-tester .+

top - 22:07:55 up 1 day,  2:02,  0 users,  load average: 2.31, 2.10, 1.35
Tasks:   6 total,   2 running,   4 sleeping,   0 stopped,   0 zombie
%Cpu(s):  8.0 us,  0.3 sy,  0.0 ni, 91.7 id,  0.0 wa,  0.0 hi,  0.0 si,  0.0 st
MiB Mem :   7877.2 total,   2034.8 free,   3130.5 used,   2711.9 buff/cache
MiB Swap:   2048.0 total,   2048.0 free,      0.0 used.   4435.2 avail Mem 

  PID USER      PR  NI    VIRT    RES    SHR S  %CPU  %MEM     TIME+ COMMAND
 1994 root      20   0 2149520   1.9g   5144 R 100.0  24.3   0:14.14 /zkay/zkay/jsnark_interface/run_snark proofgen /tmp/tmp8pz41dzb /tmp/tmp8pz41dzb/proo+
    1 root      20   0    3984   3232   2736 S   0.0   0.0   0:00.06 bash
    7 root      20   0    3992   3108   2608 S   0.0   0.0   0:00.08 bash
   13 root      20   0    3988   3228   2716 S   0.0   0.0   0:00.10 bash
  844 root      20   0    7864   2984   2628 R   0.0   0.0   0:00.42 top -bc -d 1 -n 6000
  845 root      20   0   96380  90004  12488 S   0.0   1.1   7:04.05 /usr/local/bin/python3.8 /usr/local/bin/zkay run --blockchain-backend w3-eth-tester .+

top - 22:07:56 up 1 day,  2:02,  0 users,  load average: 2.21, 2.09, 1.34
Tasks:   6 total,   2 running,   4 sleeping,   0 stopped,   0 zombie
%Cpu(s):  8.2 us,  0.1 sy,  0.0 ni, 91.7 id,  0.0 wa,  0.0 hi,  0.0 si,  0.0 st
MiB Mem :   7877.2 total,   1757.2 free,   3408.1 used,   2711.9 buff/cache
MiB Swap:   2048.0 total,   2048.0 free,      0.0 used.   4157.6 avail Mem 

  PID USER      PR  NI    VIRT    RES    SHR S  %CPU  %MEM     TIME+ COMMAND
 1994 root      20   0 2257256   2.0g   5144 R 100.0  25.8   0:15.14 /zkay/zkay/jsnark_interface/run_snark proofgen /tmp/tmp8pz41dzb /tmp/tmp8pz41dzb/proo+
    1 root      20   0    3984   3232   2736 S   0.0   0.0   0:00.06 bash
    7 root      20   0    3992   3108   2608 S   0.0   0.0   0:00.08 bash
   13 root      20   0    3988   3228   2716 S   0.0   0.0   0:00.10 bash
  844 root      20   0    7864   2984   2628 R   0.0   0.0   0:00.42 top -bc -d 1 -n 6000
  845 root      20   0   96380  90004  12488 S   0.0   1.1   7:04.05 /usr/local/bin/python3.8 /usr/local/bin/zkay run --blockchain-backend w3-eth-tester .+

top - 22:07:57 up 1 day,  2:02,  0 users,  load average: 2.21, 2.09, 1.34
Tasks:   6 total,   2 running,   4 sleeping,   0 stopped,   0 zombie
%Cpu(s):  7.8 us,  0.5 sy,  0.0 ni, 91.5 id,  0.2 wa,  0.0 hi,  0.0 si,  0.0 st
MiB Mem :   7877.2 total,   1757.2 free,   3408.1 used,   2711.9 buff/cache
MiB Swap:   2048.0 total,   2048.0 free,      0.0 used.   4157.6 avail Mem 

  PID USER      PR  NI    VIRT    RES    SHR S  %CPU  %MEM     TIME+ COMMAND
 1994 root      20   0 2411964   2.2g   5144 R 100.0  29.0   0:16.14 /zkay/zkay/jsnark_interface/run_snark proofgen /tmp/tmp8pz41dzb /tmp/tmp8pz41dzb/proo+
    1 root      20   0    3984   3232   2736 S   0.0   0.0   0:00.06 bash
    7 root      20   0    3992   3108   2608 S   0.0   0.0   0:00.08 bash
   13 root      20   0    3988   3228   2716 S   0.0   0.0   0:00.10 bash
  844 root      20   0    7864   2984   2628 R   0.0   0.0   0:00.42 top -bc -d 1 -n 6000
  845 root      20   0   96380  90004  12488 S   0.0   1.1   7:04.05 /usr/local/bin/python3.8 /usr/local/bin/zkay run --blockchain-backend w3-eth-tester .+

top - 22:07:58 up 1 day,  2:02,  0 users,  load average: 2.21, 2.09, 1.34
Tasks:   6 total,   1 running,   5 sleeping,   0 stopped,   0 zombie
%Cpu(s): 14.2 us,  3.2 sy,  0.0 ni, 82.3 id,  0.0 wa,  0.0 hi,  0.2 si,  0.0 st
MiB Mem :   7877.2 total,   1757.2 free,   3408.1 used,   2711.9 buff/cache
MiB Swap:   2048.0 total,   2048.0 free,      0.0 used.   4157.6 avail Mem 

  PID USER      PR  NI    VIRT    RES    SHR S  %CPU  %MEM     TIME+ COMMAND
 1994 root      20   0 3386428   2.5g   5144 S 193.1  32.3   0:18.09 /zkay/zkay/jsnark_interface/run_snark proofgen /tmp/tmp8pz41dzb /tmp/tmp8pz41dzb/proo+
    1 root      20   0    3984   3232   2736 S   0.0   0.0   0:00.06 bash
    7 root      20   0    3992   3108   2608 S   0.0   0.0   0:00.08 bash
   13 root      20   0    3988   3228   2716 S   0.0   0.0   0:00.10 bash
  844 root      20   0    7864   2984   2628 R   0.0   0.0   0:00.42 top -bc -d 1 -n 6000
  845 root      20   0   96380  90004  12488 S   0.0   1.1   7:04.05 /usr/local/bin/python3.8 /usr/local/bin/zkay run --blockchain-backend w3-eth-tester .+

top - 22:07:59 up 1 day,  2:02,  0 users,  load average: 2.21, 2.09, 1.34
Tasks:   6 total,   1 running,   5 sleeping,   0 stopped,   0 zombie
%Cpu(s): 70.7 us,  6.6 sy,  0.0 ni, 22.8 id,  0.0 wa,  0.0 hi,  0.0 si,  0.0 st
MiB Mem :   7877.2 total,    931.1 free,   4234.2 used,   2711.9 buff/cache
MiB Swap:   2048.0 total,   2048.0 free,      0.0 used.   3331.6 avail Mem 

  PID USER      PR  NI    VIRT    RES    SHR S  %CPU  %MEM     TIME+ COMMAND
 1994 root      20   0 3386428   2.8g   5144 S 916.0  36.4   0:27.25 /zkay/zkay/jsnark_interface/run_snark proofgen /tmp/tmp8pz41dzb /tmp/tmp8pz41dzb/proo+
  844 root      20   0    7864   2984   2628 R   1.0   0.0   0:00.43 top -bc -d 1 -n 6000
    1 root      20   0    3984   3232   2736 S   0.0   0.0   0:00.06 bash
    7 root      20   0    3992   3108   2608 S   0.0   0.0   0:00.08 bash
   13 root      20   0    3988   3228   2716 S   0.0   0.0   0:00.10 bash
  845 root      20   0   96380  90004  12488 S   0.0   1.1   7:04.05 /usr/local/bin/python3.8 /usr/local/bin/zkay run --blockchain-backend w3-eth-tester .+

top - 22:08:00 up 1 day,  2:02,  0 users,  load average: 2.21, 2.09, 1.34
Tasks:   6 total,   2 running,   4 sleeping,   0 stopped,   0 zombie
%Cpu(s): 45.0 us,  5.2 sy,  0.0 ni, 49.8 id,  0.0 wa,  0.0 hi,  0.0 si,  0.0 st
MiB Mem :   7877.2 total,    931.1 free,   4234.2 used,   2711.9 buff/cache
MiB Swap:   2048.0 total,   2048.0 free,      0.0 used.   3331.6 avail Mem 

  PID USER      PR  NI    VIRT    RES    SHR S  %CPU  %MEM     TIME+ COMMAND
 1994 root      20   0 3195840   2.8g   5144 R 595.0  36.2   0:33.20 /zkay/zkay/jsnark_interface/run_snark proofgen /tmp/tmp8pz41dzb /tmp/tmp8pz41dzb/proo+
    1 root      20   0    3984   3232   2736 S   0.0   0.0   0:00.06 bash
    7 root      20   0    3992   3108   2608 S   0.0   0.0   0:00.08 bash
   13 root      20   0    3988   3228   2716 S   0.0   0.0   0:00.10 bash
  844 root      20   0    7864   2984   2628 R   0.0   0.0   0:00.43 top -bc -d 1 -n 6000
  845 root      20   0   96380  90004  12488 S   0.0   1.1   7:04.05 /usr/local/bin/python3.8 /usr/local/bin/zkay run --blockchain-backend w3-eth-tester .+

top - 22:08:01 up 1 day,  2:02,  0 users,  load average: 2.11, 2.07, 1.34
Tasks:   6 total,   2 running,   4 sleeping,   0 stopped,   0 zombie
%Cpu(s):  8.3 us,  0.0 sy,  0.0 ni, 91.7 id,  0.0 wa,  0.0 hi,  0.0 si,  0.0 st
MiB Mem :   7877.2 total,    931.1 free,   4234.2 used,   2711.9 buff/cache
MiB Swap:   2048.0 total,   2048.0 free,      0.0 used.   3331.6 avail Mem 

  PID USER      PR  NI    VIRT    RES    SHR S  %CPU  %MEM     TIME+ COMMAND
 1994 root      20   0 3163068   2.8g   5144 R 100.0  36.0   0:34.20 /zkay/zkay/jsnark_interface/run_snark proofgen /tmp/tmp8pz41dzb /tmp/tmp8pz41dzb/proo+
    1 root      20   0    3984   3232   2736 S   0.0   0.0   0:00.06 bash
    7 root      20   0    3992   3108   2608 S   0.0   0.0   0:00.08 bash
   13 root      20   0    3988   3228   2716 S   0.0   0.0   0:00.10 bash
  844 root      20   0    7864   2984   2628 R   0.0   0.0   0:00.43 top -bc -d 1 -n 6000
  845 root      20   0   96380  90004  12488 S   0.0   1.1   7:04.05 /usr/local/bin/python3.8 /usr/local/bin/zkay run --blockchain-backend w3-eth-tester .+

top - 22:08:02 up 1 day,  2:02,  0 users,  load average: 2.11, 2.07, 1.34
Tasks:   6 total,   2 running,   4 sleeping,   0 stopped,   0 zombie
%Cpu(s):  8.2 us,  0.2 sy,  0.0 ni, 91.7 id,  0.0 wa,  0.0 hi,  0.0 si,  0.0 st
MiB Mem :   7877.2 total,    895.4 free,   4269.5 used,   2712.2 buff/cache
MiB Swap:   2048.0 total,   2048.0 free,      0.0 used.   3296.2 avail Mem 

  PID USER      PR  NI    VIRT    RES    SHR S  %CPU  %MEM     TIME+ COMMAND
 1994 root      20   0 3235236   2.8g   5144 R 100.0  36.9   0:35.20 /zkay/zkay/jsnark_interface/run_snark proofgen /tmp/tmp8pz41dzb /tmp/tmp8pz41dzb/proo+
    1 root      20   0    3984   3232   2736 S   0.0   0.0   0:00.06 bash
    7 root      20   0    3992   3108   2608 S   0.0   0.0   0:00.08 bash
   13 root      20   0    3988   3228   2716 S   0.0   0.0   0:00.10 bash
  844 root      20   0    7864   2984   2628 R   0.0   0.0   0:00.43 top -bc -d 1 -n 6000
  845 root      20   0   96380  90004  12488 S   0.0   1.1   7:04.05 /usr/local/bin/python3.8 /usr/local/bin/zkay run --blockchain-backend w3-eth-tester .+

top - 22:08:03 up 1 day,  2:02,  0 users,  load average: 2.11, 2.07, 1.34
Tasks:   6 total,   2 running,   4 sleeping,   0 stopped,   0 zombie
%Cpu(s):  7.4 us,  0.9 sy,  0.0 ni, 91.5 id,  0.1 wa,  0.0 hi,  0.1 si,  0.0 st
MiB Mem :   7877.2 total,    895.4 free,   4269.5 used,   2712.2 buff/cache
MiB Swap:   2048.0 total,   2048.0 free,      0.0 used.   3296.2 avail Mem 

  PID USER      PR  NI    VIRT    RES    SHR S  %CPU  %MEM     TIME+ COMMAND
 1994 root      20   0 3117472   2.7g   5144 R  98.0  35.4   0:36.18 /zkay/zkay/jsnark_interface/run_snark proofgen /tmp/tmp8pz41dzb /tmp/tmp8pz41dzb/proo+
    1 root      20   0    3984   3232   2736 S   0.0   0.0   0:00.06 bash
    7 root      20   0    3992   3108   2608 S   0.0   0.0   0:00.08 bash
   13 root      20   0    3988   3228   2716 S   0.0   0.0   0:00.10 bash
  844 root      20   0    7864   2984   2628 R   0.0   0.0   0:00.43 top -bc -d 1 -n 6000
  845 root      20   0   96380  90004  12488 S   0.0   1.1   7:04.05 /usr/local/bin/python3.8 /usr/local/bin/zkay run --blockchain-backend w3-eth-tester .+

top - 22:08:04 up 1 day,  2:02,  0 users,  load average: 2.11, 2.07, 1.34
Tasks:   6 total,   2 running,   4 sleeping,   0 stopped,   0 zombie
%Cpu(s):  7.7 us,  0.6 sy,  0.0 ni, 91.7 id,  0.0 wa,  0.0 hi,  0.0 si,  0.0 st
MiB Mem :   7877.2 total,    895.4 free,   4269.5 used,   2712.2 buff/cache
MiB Swap:   2048.0 total,   2048.0 free,      0.0 used.   3296.2 avail Mem 

  PID USER      PR  NI    VIRT    RES    SHR S  %CPU  %MEM     TIME+ COMMAND
 1994 root      20   0 3117472   2.7g   5144 R 100.0  35.4   0:37.18 /zkay/zkay/jsnark_interface/run_snark proofgen /tmp/tmp8pz41dzb /tmp/tmp8pz41dzb/proo+
    1 root      20   0    3984   3232   2736 S   0.0   0.0   0:00.06 bash
    7 root      20   0    3992   3108   2608 S   0.0   0.0   0:00.08 bash
   13 root      20   0    3988   3228   2716 S   0.0   0.0   0:00.10 bash
  844 root      20   0    7864   2984   2628 R   0.0   0.0   0:00.43 top -bc -d 1 -n 6000
  845 root      20   0   96380  90004  12488 S   0.0   1.1   7:04.05 /usr/local/bin/python3.8 /usr/local/bin/zkay run --blockchain-backend w3-eth-tester .+

top - 22:08:05 up 1 day,  2:02,  0 users,  load average: 2.11, 2.07, 1.34
Tasks:   6 total,   1 running,   5 sleeping,   0 stopped,   0 zombie
%Cpu(s): 16.8 us,  0.2 sy,  0.0 ni, 83.0 id,  0.0 wa,  0.0 hi,  0.0 si,  0.0 st
MiB Mem :   7877.2 total,   1009.8 free,   4155.2 used,   2712.2 buff/cache
MiB Swap:   2048.0 total,   2048.0 free,      0.0 used.   3410.6 avail Mem 

  PID USER      PR  NI    VIRT    RES    SHR S  %CPU  %MEM     TIME+ COMMAND
 1994 root      20   0 3117472   2.7g   5144 S 205.0  35.4   0:39.25 /zkay/zkay/jsnark_interface/run_snark proofgen /tmp/tmp8pz41dzb /tmp/tmp8pz41dzb/proo+
    1 root      20   0    3984   3232   2736 S   0.0   0.0   0:00.06 bash
    7 root      20   0    3992   3108   2608 S   0.0   0.0   0:00.08 bash
   13 root      20   0    3988   3228   2716 S   0.0   0.0   0:00.10 bash
  844 root      20   0    7864   2984   2628 R   0.0   0.0   0:00.43 top -bc -d 1 -n 6000
  845 root      20   0   96380  90004  12488 S   0.0   1.1   7:04.05 /usr/local/bin/python3.8 /usr/local/bin/zkay run --blockchain-backend w3-eth-tester .+

top - 22:08:06 up 1 day,  2:02,  0 users,  load average: 2.26, 2.10, 1.36
Tasks:   6 total,   2 running,   4 sleeping,   0 stopped,   0 zombie
%Cpu(s): 22.4 us,  0.0 sy,  0.0 ni, 77.6 id,  0.0 wa,  0.0 hi,  0.0 si,  0.0 st
MiB Mem :   7877.2 total,   1009.8 free,   4155.2 used,   2712.2 buff/cache
MiB Swap:   2048.0 total,   2048.0 free,      0.0 used.   3410.6 avail Mem 

  PID USER      PR  NI    VIRT    RES    SHR S  %CPU  %MEM     TIME+ COMMAND
 1994 root      20   0 3117472   2.7g   5144 R 284.0  35.4   0:42.09 /zkay/zkay/jsnark_interface/run_snark proofgen /tmp/tmp8pz41dzb /tmp/tmp8pz41dzb/proo+
    1 root      20   0    3984   3232   2736 S   0.0   0.0   0:00.06 bash
    7 root      20   0    3992   3108   2608 S   0.0   0.0   0:00.08 bash
   13 root      20   0    3988   3228   2716 S   0.0   0.0   0:00.10 bash
  844 root      20   0    7864   2984   2628 R   0.0   0.0   0:00.43 top -bc -d 1 -n 6000
  845 root      20   0   96380  90004  12488 S   0.0   1.1   7:04.05 /usr/local/bin/python3.8 /usr/local/bin/zkay run --blockchain-backend w3-eth-tester .+

top - 22:08:07 up 1 day,  2:02,  0 users,  load average: 2.26, 2.10, 1.36
Tasks:   6 total,   2 running,   4 sleeping,   0 stopped,   0 zombie
%Cpu(s): 26.8 us,  0.0 sy,  0.0 ni, 73.1 id,  0.0 wa,  0.0 hi,  0.1 si,  0.0 st
MiB Mem :   7877.2 total,   1009.8 free,   4155.2 used,   2712.2 buff/cache
MiB Swap:   2048.0 total,   2048.0 free,      0.0 used.   3410.6 avail Mem 

  PID USER      PR  NI    VIRT    RES    SHR S  %CPU  %MEM     TIME+ COMMAND
 1994 root      20   0 3117472   2.7g   5144 R 332.0  35.4   0:45.41 /zkay/zkay/jsnark_interface/run_snark proofgen /tmp/tmp8pz41dzb /tmp/tmp8pz41dzb/proo+
    1 root      20   0    3984   3232   2736 S   0.0   0.0   0:00.06 bash
    7 root      20   0    3992   3108   2608 S   0.0   0.0   0:00.08 bash
   13 root      20   0    3988   3228   2716 S   0.0   0.0   0:00.10 bash
  844 root      20   0    7864   2984   2628 R   0.0   0.0   0:00.43 top -bc -d 1 -n 6000
  845 root      20   0   96380  90004  12488 S   0.0   1.1   7:04.05 /usr/local/bin/python3.8 /usr/local/bin/zkay run --blockchain-backend w3-eth-tester .+

top - 22:08:08 up 1 day,  2:02,  0 users,  load average: 2.26, 2.10, 1.36
Tasks:   6 total,   2 running,   4 sleeping,   0 stopped,   0 zombie
%Cpu(s): 23.8 us,  1.0 sy,  0.0 ni, 74.8 id,  0.0 wa,  0.0 hi,  0.4 si,  0.0 st
MiB Mem :   7877.2 total,   1007.3 free,   4157.6 used,   2712.3 buff/cache
MiB Swap:   2048.0 total,   2048.0 free,      0.0 used.   3408.2 avail Mem 

  PID USER      PR  NI    VIRT    RES    SHR S  %CPU  %MEM     TIME+ COMMAND
 1994 root      20   0 3117472   2.7g   5144 R 277.0  35.4   0:48.18 /zkay/zkay/jsnark_interface/run_snark proofgen /tmp/tmp8pz41dzb /tmp/tmp8pz41dzb/proo+
    1 root      20   0    3984   3232   2736 S   0.0   0.0   0:00.06 bash
    7 root      20   0    3992   3108   2608 S   0.0   0.0   0:00.08 bash
   13 root      20   0    3988   3228   2716 S   0.0   0.0   0:00.10 bash
  844 root      20   0    7864   2984   2628 R   0.0   0.0   0:00.43 top -bc -d 1 -n 6000
  845 root      20   0   96380  90004  12488 S   0.0   1.1   7:04.05 /usr/local/bin/python3.8 /usr/local/bin/zkay run --blockchain-backend w3-eth-tester .+

top - 22:08:09 up 1 day,  2:02,  0 users,  load average: 2.26, 2.10, 1.36
Tasks:   6 total,   2 running,   4 sleeping,   0 stopped,   0 zombie
%Cpu(s): 14.8 us,  0.1 sy,  0.0 ni, 84.7 id,  0.1 wa,  0.0 hi,  0.3 si,  0.0 st
MiB Mem :   7877.2 total,   1007.3 free,   4157.6 used,   2712.3 buff/cache
MiB Swap:   2048.0 total,   2048.0 free,      0.0 used.   3408.2 avail Mem 

  PID USER      PR  NI    VIRT    RES    SHR S  %CPU  %MEM     TIME+ COMMAND
 1994 root      20   0 3117472   2.7g   5144 R 190.0  35.4   0:50.08 /zkay/zkay/jsnark_interface/run_snark proofgen /tmp/tmp8pz41dzb /tmp/tmp8pz41dzb/proo+
    1 root      20   0    3984   3232   2736 S   0.0   0.0   0:00.06 bash
    7 root      20   0    3992   3108   2608 S   0.0   0.0   0:00.08 bash
   13 root      20   0    3988   3228   2716 S   0.0   0.0   0:00.10 bash
  844 root      20   0    7864   2984   2628 R   0.0   0.0   0:00.43 top -bc -d 1 -n 6000
  845 root      20   0   96380  90004  12488 S   0.0   1.1   7:04.05 /usr/local/bin/python3.8 /usr/local/bin/zkay run --blockchain-backend w3-eth-tester .+

top - 22:08:10 up 1 day,  2:02,  0 users,  load average: 2.26, 2.10, 1.36
Tasks:   6 total,   2 running,   4 sleeping,   0 stopped,   0 zombie
%Cpu(s): 22.4 us,  0.0 sy,  0.0 ni, 77.6 id,  0.0 wa,  0.0 hi,  0.0 si,  0.0 st
MiB Mem :   7877.2 total,   1007.3 free,   4157.6 used,   2712.3 buff/cache
MiB Swap:   2048.0 total,   2048.0 free,      0.0 used.   3408.2 avail Mem 

  PID USER      PR  NI    VIRT    RES    SHR S  %CPU  %MEM     TIME+ COMMAND
 1994 root      20   0 3117472   2.7g   5144 R 267.0  35.4   0:52.75 /zkay/zkay/jsnark_interface/run_snark proofgen /tmp/tmp8pz41dzb /tmp/tmp8pz41dzb/proo+
    1 root      20   0    3984   3232   2736 S   0.0   0.0   0:00.06 bash
    7 root      20   0    3992   3108   2608 S   0.0   0.0   0:00.08 bash
   13 root      20   0    3988   3228   2716 S   0.0   0.0   0:00.10 bash
  844 root      20   0    7864   2984   2628 R   0.0   0.0   0:00.43 top -bc -d 1 -n 6000
  845 root      20   0   96380  90004  12488 S   0.0   1.1   7:04.05 /usr/local/bin/python3.8 /usr/local/bin/zkay run --blockchain-backend w3-eth-tester .+

top - 22:08:11 up 1 day,  2:02,  0 users,  load average: 2.16, 2.08, 1.36
Tasks:   6 total,   2 running,   4 sleeping,   0 stopped,   0 zombie
%Cpu(s): 54.1 us,  0.1 sy,  0.0 ni, 45.8 id,  0.0 wa,  0.0 hi,  0.1 si,  0.0 st
MiB Mem :   7877.2 total,   1007.1 free,   4157.8 used,   2712.3 buff/cache
MiB Swap:   2048.0 total,   2048.0 free,      0.0 used.   3407.9 avail Mem 

  PID USER      PR  NI    VIRT    RES    SHR S  %CPU  %MEM     TIME+ COMMAND
 1994 root      20   0 3117472   2.7g   5144 R 646.0  35.4   0:59.21 /zkay/zkay/jsnark_interface/run_snark proofgen /tmp/tmp8pz41dzb /tmp/tmp8pz41dzb/proo+
    1 root      20   0    3984   3232   2736 S   0.0   0.0   0:00.06 bash
    7 root      20   0    3992   3108   2608 S   0.0   0.0   0:00.08 bash
   13 root      20   0    3988   3228   2716 S   0.0   0.0   0:00.10 bash
  844 root      20   0    7864   2984   2628 R   0.0   0.0   0:00.43 top -bc -d 1 -n 6000
  845 root      20   0   96380  90004  12488 S   0.0   1.1   7:04.05 /usr/local/bin/python3.8 /usr/local/bin/zkay run --blockchain-backend w3-eth-tester .+

top - 22:08:12 up 1 day,  2:02,  0 users,  load average: 2.16, 2.08, 1.36
Tasks:   6 total,   2 running,   4 sleeping,   0 stopped,   0 zombie
%Cpu(s): 99.2 us,  0.1 sy,  0.0 ni,  0.7 id,  0.0 wa,  0.0 hi,  0.0 si,  0.0 st
MiB Mem :   7877.2 total,   1007.1 free,   4157.8 used,   2712.3 buff/cache
MiB Swap:   2048.0 total,   2048.0 free,      0.0 used.   3407.9 avail Mem 

  PID USER      PR  NI    VIRT    RES    SHR S  %CPU  %MEM     TIME+ COMMAND
 1994 root      20   0 3117472   2.7g   5144 R  1191  35.5   1:11.12 /zkay/zkay/jsnark_interface/run_snark proofgen /tmp/tmp8pz41dzb /tmp/tmp8pz41dzb/proo+
    1 root      20   0    3984   3232   2736 S   0.0   0.0   0:00.06 bash
    7 root      20   0    3992   3108   2608 S   0.0   0.0   0:00.08 bash
   13 root      20   0    3988   3228   2716 S   0.0   0.0   0:00.10 bash
  844 root      20   0    7864   2984   2628 R   0.0   0.0   0:00.43 top -bc -d 1 -n 6000
  845 root      20   0   96380  90004  12488 S   0.0   1.1   7:04.05 /usr/local/bin/python3.8 /usr/local/bin/zkay run --blockchain-backend w3-eth-tester .+

top - 22:08:13 up 1 day,  2:02,  0 users,  load average: 2.16, 2.08, 1.36
Tasks:   6 total,   2 running,   4 sleeping,   0 stopped,   0 zombie
%Cpu(s):100.0 us,  0.0 sy,  0.0 ni,  0.0 id,  0.0 wa,  0.0 hi,  0.0 si,  0.0 st
MiB Mem :   7877.2 total,   1007.1 free,   4157.8 used,   2712.3 buff/cache
MiB Swap:   2048.0 total,   2048.0 free,      0.0 used.   3407.9 avail Mem 

  PID USER      PR  NI    VIRT    RES    SHR S  %CPU  %MEM     TIME+ COMMAND
 1994 root      20   0 3117472   2.7g   5144 R  1198  35.5   1:23.22 /zkay/zkay/jsnark_interface/run_snark proofgen /tmp/tmp8pz41dzb /tmp/tmp8pz41dzb/proo+
    1 root      20   0    3984   3232   2736 S   0.0   0.0   0:00.06 bash
    7 root      20   0    3992   3108   2608 S   0.0   0.0   0:00.08 bash
   13 root      20   0    3988   3228   2716 S   0.0   0.0   0:00.10 bash
  844 root      20   0    7864   2984   2628 R   0.0   0.0   0:00.43 top -bc -d 1 -n 6000
  845 root      20   0   96380  90004  12488 S   0.0   1.1   7:04.05 /usr/local/bin/python3.8 /usr/local/bin/zkay run --blockchain-backend w3-eth-tester .+

top - 22:08:14 up 1 day,  2:02,  0 users,  load average: 2.16, 2.08, 1.36
Tasks:   6 total,   2 running,   4 sleeping,   0 stopped,   0 zombie
%Cpu(s):100.0 us,  0.0 sy,  0.0 ni,  0.0 id,  0.0 wa,  0.0 hi,  0.0 si,  0.0 st
MiB Mem :   7877.2 total,   1004.4 free,   4160.5 used,   2712.3 buff/cache
MiB Swap:   2048.0 total,   2048.0 free,      0.0 used.   3405.2 avail Mem 

  PID USER      PR  NI    VIRT    RES    SHR S  %CPU  %MEM     TIME+ COMMAND
 1994 root      20   0 3117472   2.7g   5144 R  1200  35.5   1:35.22 /zkay/zkay/jsnark_interface/run_snark proofgen /tmp/tmp8pz41dzb /tmp/tmp8pz41dzb/proo+
    1 root      20   0    3984   3232   2736 S   0.0   0.0   0:00.06 bash
    7 root      20   0    3992   3108   2608 S   0.0   0.0   0:00.08 bash
   13 root      20   0    3988   3228   2716 S   0.0   0.0   0:00.10 bash
  844 root      20   0    7864   2984   2628 R   0.0   0.0   0:00.43 top -bc -d 1 -n 6000
  845 root      20   0   96380  90004  12488 S   0.0   1.1   7:04.05 /usr/local/bin/python3.8 /usr/local/bin/zkay run --blockchain-backend w3-eth-tester .+

top - 22:08:15 up 1 day,  2:02,  0 users,  load average: 2.16, 2.08, 1.36
Tasks:   5 total,   2 running,   3 sleeping,   0 stopped,   0 zombie
%Cpu(s): 47.8 us,  0.8 sy,  0.0 ni, 51.0 id,  0.0 wa,  0.0 hi,  0.4 si,  0.0 st
MiB Mem :   7877.2 total,   1004.4 free,   4160.5 used,   2712.3 buff/cache
MiB Swap:   2048.0 total,   2048.0 free,      0.0 used.   3405.2 avail Mem 

  PID USER      PR  NI    VIRT    RES    SHR S  %CPU  %MEM     TIME+ COMMAND
  845 root      20   0   96380  90004  12488 R   6.0   1.1   7:04.11 /usr/local/bin/python3.8 /usr/local/bin/zkay run --blockchain-backend w3-eth-tester .+
    1 root      20   0    3984   3232   2736 S   0.0   0.0   0:00.06 bash
    7 root      20   0    3992   3108   2608 S   0.0   0.0   0:00.08 bash
   13 root      20   0    3988   3228   2716 S   0.0   0.0   0:00.10 bash
  844 root      20   0    7864   2984   2628 R   0.0   0.0   0:00.43 top -bc -d 1 -n 6000

top - 22:08:16 up 1 day,  2:02,  0 users,  load average: 2.07, 2.06, 1.35
Tasks:   5 total,   2 running,   3 sleeping,   0 stopped,   0 zombie
%Cpu(s):  8.2 us,  0.2 sy,  0.0 ni, 90.4 id,  0.2 wa,  0.0 hi,  1.0 si,  0.0 st
MiB Mem :   7877.2 total,   1004.4 free,   4160.5 used,   2712.3 buff/cache
MiB Swap:   2048.0 total,   2048.0 free,      0.0 used.   3405.2 avail Mem 

  PID USER      PR  NI    VIRT    RES    SHR S  %CPU  %MEM     TIME+ COMMAND
  845 root      20   0   96380  90004  12488 R 100.0   1.1   7:05.11 /usr/local/bin/python3.8 /usr/local/bin/zkay run --blockchain-backend w3-eth-tester .+
    1 root      20   0    3984   3232   2736 S   0.0   0.0   0:00.06 bash
    7 root      20   0    3992   3108   2608 S   0.0   0.0   0:00.08 bash
   13 root      20   0    3988   3228   2716 S   0.0   0.0   0:00.10 bash
  844 root      20   0    7864   2984   2628 R   0.0   0.0   0:00.43 top -bc -d 1 -n 6000

top - 22:08:17 up 1 day,  2:02,  0 users,  load average: 2.07, 2.06, 1.35
Tasks:   5 total,   2 running,   3 sleeping,   0 stopped,   0 zombie
%Cpu(s):  8.3 us,  0.5 sy,  0.0 ni, 91.2 id,  0.0 wa,  0.0 hi,  0.1 si,  0.0 st
MiB Mem :   7877.2 total,   3863.7 free,   1371.3 used,   2642.2 buff/cache
MiB Swap:   2048.0 total,   2048.0 free,      0.0 used.   6194.4 avail Mem 

  PID USER      PR  NI    VIRT    RES    SHR S  %CPU  %MEM     TIME+ COMMAND
  845 root      20   0   96380  90004  12488 R  98.0   1.1   7:06.09 /usr/local/bin/python3.8 /usr/local/bin/zkay run --blockchain-backend w3-eth-tester .+
    1 root      20   0    3984   3232   2736 S   0.0   0.0   0:00.06 bash
    7 root      20   0    3992   3108   2608 S   0.0   0.0   0:00.08 bash
   13 root      20   0    3988   3228   2716 S   0.0   0.0   0:00.10 bash
  844 root      20   0    7864   2984   2628 R   0.0   0.0   0:00.43 top -bc -d 1 -n 6000

top - 22:08:18 up 1 day,  2:02,  0 users,  load average: 2.07, 2.06, 1.35
Tasks:   5 total,   2 running,   3 sleeping,   0 stopped,   0 zombie
%Cpu(s):  8.3 us,  0.3 sy,  0.0 ni, 90.4 id,  0.0 wa,  0.0 hi,  0.9 si,  0.0 st
MiB Mem :   7877.2 total,   3863.7 free,   1371.3 used,   2642.2 buff/cache
MiB Swap:   2048.0 total,   2048.0 free,      0.0 used.   6194.4 avail Mem 

  PID USER      PR  NI    VIRT    RES    SHR S  %CPU  %MEM     TIME+ COMMAND
  845 root      20   0   96380  90004  12488 R 100.0   1.1   7:07.09 /usr/local/bin/python3.8 /usr/local/bin/zkay run --blockchain-backend w3-eth-tester .+
    1 root      20   0    3984   3232   2736 S   0.0   0.0   0:00.06 bash
    7 root      20   0    3992   3108   2608 S   0.0   0.0   0:00.08 bash
   13 root      20   0    3988   3228   2716 S   0.0   0.0   0:00.10 bash
  844 root      20   0    7864   2984   2628 R   0.0   0.0   0:00.43 top -bc -d 1 -n 6000

top - 22:08:19 up 1 day,  2:02,  0 users,  load average: 2.07, 2.06, 1.35
Tasks:   5 total,   2 running,   3 sleeping,   0 stopped,   0 zombie
%Cpu(s):  8.4 us,  0.1 sy,  0.0 ni, 91.1 id,  0.0 wa,  0.0 hi,  0.5 si,  0.0 st
MiB Mem :   7877.2 total,   3863.7 free,   1371.3 used,   2642.2 buff/cache
MiB Swap:   2048.0 total,   2048.0 free,      0.0 used.   6194.4 avail Mem 

  PID USER      PR  NI    VIRT    RES    SHR S  %CPU  %MEM     TIME+ COMMAND
  845 root      20   0   96380  90004  12488 R 100.0   1.1   7:08.09 /usr/local/bin/python3.8 /usr/local/bin/zkay run --blockchain-backend w3-eth-tester .+
    1 root      20   0    3984   3232   2736 S   0.0   0.0   0:00.06 bash
    7 root      20   0    3992   3108   2608 S   0.0   0.0   0:00.08 bash
   13 root      20   0    3988   3228   2716 S   0.0   0.0   0:00.10 bash
  844 root      20   0    7864   2984   2628 R   0.0   0.0   0:00.43 top -bc -d 1 -n 6000

top - 22:08:20 up 1 day,  2:02,  0 users,  load average: 2.07, 2.06, 1.35
Tasks:   5 total,   2 running,   3 sleeping,   0 stopped,   0 zombie
%Cpu(s):  8.3 us,  0.4 sy,  0.0 ni, 91.2 id,  0.0 wa,  0.0 hi,  0.0 si,  0.0 st
MiB Mem :   7877.2 total,   3861.0 free,   1374.0 used,   2642.2 buff/cache
MiB Swap:   2048.0 total,   2048.0 free,      0.0 used.   6191.8 avail Mem 

  PID USER      PR  NI    VIRT    RES    SHR S  %CPU  %MEM     TIME+ COMMAND
  845 root      20   0   96380  90004  12488 R 100.0   1.1   7:09.09 /usr/local/bin/python3.8 /usr/local/bin/zkay run --blockchain-backend w3-eth-tester .+
    1 root      20   0    3984   3232   2736 S   0.0   0.0   0:00.06 bash
    7 root      20   0    3992   3108   2608 S   0.0   0.0   0:00.08 bash
   13 root      20   0    3988   3228   2716 S   0.0   0.0   0:00.10 bash
  844 root      20   0    7864   2984   2628 R   0.0   0.0   0:00.43 top -bc -d 1 -n 6000

top - 22:08:21 up 1 day,  2:02,  0 users,  load average: 1.98, 2.05, 1.35
Tasks:   5 total,   2 running,   3 sleeping,   0 stopped,   0 zombie
%Cpu(s):  8.4 us,  0.1 sy,  0.0 ni, 91.4 id,  0.0 wa,  0.0 hi,  0.1 si,  0.0 st
MiB Mem :   7877.2 total,   3861.0 free,   1374.0 used,   2642.2 buff/cache
MiB Swap:   2048.0 total,   2048.0 free,      0.0 used.   6191.8 avail Mem 

  PID USER      PR  NI    VIRT    RES    SHR S  %CPU  %MEM     TIME+ COMMAND
  845 root      20   0   96380  90004  12488 R 100.0   1.1   7:10.10 /usr/local/bin/python3.8 /usr/local/bin/zkay run --blockchain-backend w3-eth-tester .+
    1 root      20   0    3984   3232   2736 S   0.0   0.0   0:00.06 bash
    7 root      20   0    3992   3108   2608 S   0.0   0.0   0:00.08 bash
   13 root      20   0    3988   3228   2716 S   0.0   0.0   0:00.10 bash
  844 root      20   0    7864   2984   2628 R   0.0   0.0   0:00.43 top -bc -d 1 -n 6000

top - 22:08:22 up 1 day,  2:02,  0 users,  load average: 1.98, 2.05, 1.35
Tasks:   5 total,   2 running,   3 sleeping,   0 stopped,   0 zombie
%Cpu(s):  8.3 us,  0.3 sy,  0.0 ni, 91.3 id,  0.1 wa,  0.0 hi,  0.0 si,  0.0 st
MiB Mem :   7877.2 total,   3861.0 free,   1374.0 used,   2642.2 buff/cache
MiB Swap:   2048.0 total,   2048.0 free,      0.0 used.   6191.8 avail Mem 

  PID USER      PR  NI    VIRT    RES    SHR S  %CPU  %MEM     TIME+ COMMAND
  845 root      20   0   96380  90004  12488 R 100.0   1.1   7:11.10 /usr/local/bin/python3.8 /usr/local/bin/zkay run --blockchain-backend w3-eth-tester .+
    1 root      20   0    3984   3232   2736 S   0.0   0.0   0:00.06 bash
    7 root      20   0    3992   3108   2608 S   0.0   0.0   0:00.08 bash
   13 root      20   0    3988   3228   2716 S   0.0   0.0   0:00.10 bash
  844 root      20   0    7864   2984   2628 R   0.0   0.0   0:00.43 top -bc -d 1 -n 6000

top - 22:08:23 up 1 day,  2:02,  0 users,  load average: 1.98, 2.05, 1.35
Tasks:   5 total,   2 running,   3 sleeping,   0 stopped,   0 zombie
%Cpu(s):  8.3 us,  0.1 sy,  0.0 ni, 91.5 id,  0.0 wa,  0.0 hi,  0.1 si,  0.0 st
MiB Mem :   7877.2 total,   3861.0 free,   1374.0 used,   2642.2 buff/cache
MiB Swap:   2048.0 total,   2048.0 free,      0.0 used.   6191.8 avail Mem 

  PID USER      PR  NI    VIRT    RES    SHR S  %CPU  %MEM     TIME+ COMMAND
  845 root      20   0   96380  90004  12488 R 100.0   1.1   7:12.10 /usr/local/bin/python3.8 /usr/local/bin/zkay run --blockchain-backend w3-eth-tester .+
    1 root      20   0    3984   3232   2736 S   0.0   0.0   0:00.06 bash
    7 root      20   0    3992   3108   2608 S   0.0   0.0   0:00.08 bash
   13 root      20   0    3988   3228   2716 S   0.0   0.0   0:00.10 bash
  844 root      20   0    7864   2984   2628 R   0.0   0.0   0:00.43 top -bc -d 1 -n 6000

top - 22:08:24 up 1 day,  2:02,  0 users,  load average: 1.98, 2.05, 1.35
Tasks:   5 total,   2 running,   3 sleeping,   0 stopped,   0 zombie
%Cpu(s):  8.3 us,  0.2 sy,  0.0 ni, 91.3 id,  0.0 wa,  0.0 hi,  0.1 si,  0.0 st
MiB Mem :   7877.2 total,   3861.0 free,   1374.0 used,   2642.2 buff/cache
MiB Swap:   2048.0 total,   2048.0 free,      0.0 used.   6191.8 avail Mem 

  PID USER      PR  NI    VIRT    RES    SHR S  %CPU  %MEM     TIME+ COMMAND
  845 root      20   0   96380  90004  12488 R 100.0   1.1   7:13.10 /usr/local/bin/python3.8 /usr/local/bin/zkay run --blockchain-backend w3-eth-tester .+
    1 root      20   0    3984   3232   2736 S   0.0   0.0   0:00.06 bash
    7 root      20   0    3992   3108   2608 S   0.0   0.0   0:00.08 bash
   13 root      20   0    3988   3228   2716 S   0.0   0.0   0:00.10 bash
  844 root      20   0    7864   2984   2628 R   0.0   0.0   0:00.43 top -bc -d 1 -n 6000

top - 22:08:25 up 1 day,  2:02,  0 users,  load average: 1.98, 2.05, 1.35
Tasks:   5 total,   2 running,   3 sleeping,   0 stopped,   0 zombie
%Cpu(s):  8.3 us,  0.0 sy,  0.0 ni, 91.7 id,  0.0 wa,  0.0 hi,  0.0 si,  0.0 st
MiB Mem :   7877.2 total,   3861.0 free,   1374.0 used,   2642.2 buff/cache
MiB Swap:   2048.0 total,   2048.0 free,      0.0 used.   6191.8 avail Mem 

  PID USER      PR  NI    VIRT    RES    SHR S  %CPU  %MEM     TIME+ COMMAND
  845 root      20   0   96380  90004  12488 R 100.0   1.1   7:14.10 /usr/local/bin/python3.8 /usr/local/bin/zkay run --blockchain-backend w3-eth-tester .+
    1 root      20   0    3984   3232   2736 S   0.0   0.0   0:00.06 bash
    7 root      20   0    3992   3108   2608 S   0.0   0.0   0:00.08 bash
   13 root      20   0    3988   3228   2716 S   0.0   0.0   0:00.10 bash
  844 root      20   0    7864   2984   2628 R   0.0   0.0   0:00.43 top -bc -d 1 -n 6000

top - 22:08:26 up 1 day,  2:02,  0 users,  load average: 1.90, 2.03, 1.35
Tasks:   5 total,   2 running,   3 sleeping,   0 stopped,   0 zombie
%Cpu(s):  8.3 us,  0.3 sy,  0.0 ni, 91.2 id,  0.1 wa,  0.0 hi,  0.1 si,  0.0 st
MiB Mem :   7877.2 total,   3858.8 free,   1376.1 used,   2642.2 buff/cache
MiB Swap:   2048.0 total,   2048.0 free,      0.0 used.   6189.6 avail Mem 

  PID USER      PR  NI    VIRT    RES    SHR S  %CPU  %MEM     TIME+ COMMAND
  845 root      20   0   96380  90004  12488 R 100.0   1.1   7:15.10 /usr/local/bin/python3.8 /usr/local/bin/zkay run --blockchain-backend w3-eth-tester .+
    1 root      20   0    3984   3232   2736 S   0.0   0.0   0:00.06 bash
    7 root      20   0    3992   3108   2608 S   0.0   0.0   0:00.08 bash
   13 root      20   0    3988   3228   2716 S   0.0   0.0   0:00.10 bash
  844 root      20   0    7864   2984   2628 R   0.0   0.0   0:00.43 top -bc -d 1 -n 6000

top - 22:08:27 up 1 day,  2:02,  0 users,  load average: 1.90, 2.03, 1.35
Tasks:   5 total,   2 running,   3 sleeping,   0 stopped,   0 zombie
%Cpu(s):  8.3 us,  0.1 sy,  0.0 ni, 91.6 id,  0.0 wa,  0.0 hi,  0.0 si,  0.0 st
MiB Mem :   7877.2 total,   3858.8 free,   1376.1 used,   2642.2 buff/cache
MiB Swap:   2048.0 total,   2048.0 free,      0.0 used.   6189.6 avail Mem 

  PID USER      PR  NI    VIRT    RES    SHR S  %CPU  %MEM     TIME+ COMMAND
  845 root      20   0   96380  90004  12488 R 100.0   1.1   7:16.10 /usr/local/bin/python3.8 /usr/local/bin/zkay run --blockchain-backend w3-eth-tester .+
    1 root      20   0    3984   3232   2736 S   0.0   0.0   0:00.06 bash
    7 root      20   0    3992   3108   2608 S   0.0   0.0   0:00.08 bash
   13 root      20   0    3988   3228   2716 S   0.0   0.0   0:00.10 bash
  844 root      20   0    7864   2984   2628 R   0.0   0.0   0:00.43 top -bc -d 1 -n 6000

top - 22:08:28 up 1 day,  2:02,  0 users,  load average: 1.90, 2.03, 1.35
Tasks:   5 total,   2 running,   3 sleeping,   0 stopped,   0 zombie
%Cpu(s):  8.7 us,  0.6 sy,  0.0 ni, 90.2 id,  0.0 wa,  0.0 hi,  0.5 si,  0.0 st
MiB Mem :   7877.2 total,   3858.8 free,   1376.1 used,   2642.2 buff/cache
MiB Swap:   2048.0 total,   2048.0 free,      0.0 used.   6189.6 avail Mem 

  PID USER      PR  NI    VIRT    RES    SHR S  %CPU  %MEM     TIME+ COMMAND
  845 root      20   0   96380  90004  12488 R 100.0   1.1   7:17.11 /usr/local/bin/python3.8 /usr/local/bin/zkay run --blockchain-backend w3-eth-tester .+
    1 root      20   0    3984   3232   2736 S   0.0   0.0   0:00.06 bash
    7 root      20   0    3992   3108   2608 S   0.0   0.0   0:00.08 bash
   13 root      20   0    3988   3228   2716 S   0.0   0.0   0:00.10 bash
  844 root      20   0    7864   2984   2628 R   0.0   0.0   0:00.43 top -bc -d 1 -n 6000

top - 22:08:29 up 1 day,  2:02,  0 users,  load average: 1.90, 2.03, 1.35
Tasks:   5 total,   2 running,   3 sleeping,   0 stopped,   0 zombie
%Cpu(s):  8.3 us,  0.2 sy,  0.0 ni, 90.8 id,  0.0 wa,  0.0 hi,  0.7 si,  0.0 st
MiB Mem :   7877.2 total,   3857.8 free,   1377.2 used,   2642.2 buff/cache
MiB Swap:   2048.0 total,   2048.0 free,      0.0 used.   6188.6 avail Mem 

  PID USER      PR  NI    VIRT    RES    SHR S  %CPU  %MEM     TIME+ COMMAND
  845 root      20   0   96380  90004  12488 R 100.0   1.1   7:18.11 /usr/local/bin/python3.8 /usr/local/bin/zkay run --blockchain-backend w3-eth-tester .+
    1 root      20   0    3984   3232   2736 S   0.0   0.0   0:00.06 bash
    7 root      20   0    3992   3108   2608 S   0.0   0.0   0:00.08 bash
   13 root      20   0    3988   3228   2716 S   0.0   0.0   0:00.10 bash
  844 root      20   0    7864   2984   2628 R   0.0   0.0   0:00.43 top -bc -d 1 -n 6000

top - 22:08:30 up 1 day,  2:02,  0 users,  load average: 1.90, 2.03, 1.35
Tasks:   5 total,   2 running,   3 sleeping,   0 stopped,   0 zombie
%Cpu(s):  8.3 us,  0.0 sy,  0.0 ni, 91.7 id,  0.0 wa,  0.0 hi,  0.0 si,  0.0 st
MiB Mem :   7877.2 total,   3857.8 free,   1377.2 used,   2642.2 buff/cache
MiB Swap:   2048.0 total,   2048.0 free,      0.0 used.   6188.6 avail Mem 

  PID USER      PR  NI    VIRT    RES    SHR S  %CPU  %MEM     TIME+ COMMAND
  845 root      20   0   96380  90004  12488 R 100.0   1.1   7:19.11 /usr/local/bin/python3.8 /usr/local/bin/zkay run --blockchain-backend w3-eth-tester .+
    1 root      20   0    3984   3232   2736 S   0.0   0.0   0:00.06 bash
    7 root      20   0    3992   3108   2608 S   0.0   0.0   0:00.08 bash
   13 root      20   0    3988   3228   2716 S   0.0   0.0   0:00.10 bash
  844 root      20   0    7864   2984   2628 R   0.0   0.0   0:00.43 top -bc -d 1 -n 6000

top - 22:08:31 up 1 day,  2:02,  0 users,  load average: 1.83, 2.01, 1.35
Tasks:   5 total,   2 running,   3 sleeping,   0 stopped,   0 zombie
%Cpu(s):  8.3 us,  0.0 sy,  0.0 ni, 91.7 id,  0.0 wa,  0.0 hi,  0.0 si,  0.0 st
MiB Mem :   7877.2 total,   3857.8 free,   1377.2 used,   2642.2 buff/cache
MiB Swap:   2048.0 total,   2048.0 free,      0.0 used.   6188.6 avail Mem 

  PID USER      PR  NI    VIRT    RES    SHR S  %CPU  %MEM     TIME+ COMMAND
  845 root      20   0   96380  90004  12488 R 100.0   1.1   7:20.11 /usr/local/bin/python3.8 /usr/local/bin/zkay run --blockchain-backend w3-eth-tester .+
    1 root      20   0    3984   3232   2736 S   0.0   0.0   0:00.06 bash
    7 root      20   0    3992   3108   2608 S   0.0   0.0   0:00.08 bash
   13 root      20   0    3988   3228   2716 S   0.0   0.0   0:00.10 bash
  844 root      20   0    7864   2984   2628 R   0.0   0.0   0:00.43 top -bc -d 1 -n 6000

top - 22:08:32 up 1 day,  2:02,  0 users,  load average: 1.83, 2.01, 1.35
Tasks:   6 total,   1 running,   5 sleeping,   0 stopped,   0 zombie
%Cpu(s): 23.7 us,  2.6 sy,  0.0 ni, 73.4 id,  0.0 wa,  0.0 hi,  0.3 si,  0.0 st
MiB Mem :   7877.2 total,   3462.3 free,   1772.6 used,   2642.3 buff/cache
MiB Swap:   2048.0 total,   2048.0 free,      0.0 used.   5793.1 avail Mem 

  PID USER      PR  NI    VIRT    RES    SHR S  %CPU  %MEM     TIME+ COMMAND
 2006 root      20   0   20.2g 420352  25692 S 272.0   5.2   0:02.72 java -Xms4096m -Xmx16384m -cp /zkay/zkay/jsnark_interface/JsnarkCircuitBuilder.jar:/z+
  845 root      20   0   96380  90004  12488 S  32.0   1.1   7:20.43 /usr/local/bin/python3.8 /usr/local/bin/zkay run --blockchain-backend w3-eth-tester .+
    1 root      20   0    3984   3232   2736 S   0.0   0.0   0:00.06 bash
    7 root      20   0    3992   3108   2608 S   0.0   0.0   0:00.08 bash
   13 root      20   0    3988   3228   2716 S   0.0   0.0   0:00.10 bash
  844 root      20   0    7864   2984   2628 R   0.0   0.0   0:00.43 top -bc -d 1 -n 6000

top - 22:08:33 up 1 day,  2:02,  0 users,  load average: 1.83, 2.01, 1.35
Tasks:   6 total,   2 running,   4 sleeping,   0 stopped,   0 zombie
%Cpu(s): 18.6 us,  1.2 sy,  0.0 ni, 79.1 id,  0.1 wa,  0.0 hi,  1.0 si,  0.0 st
MiB Mem :   7877.2 total,   3462.3 free,   1772.6 used,   2642.3 buff/cache
MiB Swap:   2048.0 total,   2048.0 free,      0.0 used.   5793.1 avail Mem 

  PID USER      PR  NI    VIRT    RES    SHR S  %CPU  %MEM     TIME+ COMMAND
 2044 root      20   0   48640  43912   4972 R  38.2   0.5   0:00.39 /zkay/zkay/jsnark_interface/run_snark proofgen /tmp/tmpm_3w107_ /tmp/tmpm_3w107_/proo+
  844 root      20   0    7864   2984   2628 R   1.0   0.0   0:00.44 top -bc -d 1 -n 6000
    1 root      20   0    3984   3232   2736 S   0.0   0.0   0:00.06 bash
    7 root      20   0    3992   3108   2608 S   0.0   0.0   0:00.08 bash
   13 root      20   0    3988   3228   2716 S   0.0   0.0   0:00.10 bash
  845 root      20   0   96380  90004  12488 S   0.0   1.1   7:20.43 /usr/local/bin/python3.8 /usr/local/bin/zkay run --blockchain-backend w3-eth-tester .+

top - 22:08:34 up 1 day,  2:02,  0 users,  load average: 1.83, 2.01, 1.35
Tasks:   6 total,   2 running,   4 sleeping,   0 stopped,   0 zombie
%Cpu(s):  7.8 us,  0.7 sy,  0.0 ni, 91.5 id,  0.0 wa,  0.0 hi,  0.0 si,  0.0 st
MiB Mem :   7877.2 total,   3462.3 free,   1772.6 used,   2642.3 buff/cache
MiB Swap:   2048.0 total,   2048.0 free,      0.0 used.   5793.1 avail Mem 

  PID USER      PR  NI    VIRT    RES    SHR S  %CPU  %MEM     TIME+ COMMAND
 2044 root      20   0  218488 213264   5048 R  98.0   2.6   0:01.37 /zkay/zkay/jsnark_interface/run_snark proofgen /tmp/tmpm_3w107_ /tmp/tmpm_3w107_/proo+
    1 root      20   0    3984   3232   2736 S   0.0   0.0   0:00.06 bash
    7 root      20   0    3992   3108   2608 S   0.0   0.0   0:00.08 bash
   13 root      20   0    3988   3228   2716 S   0.0   0.0   0:00.10 bash
  844 root      20   0    7864   2984   2628 R   0.0   0.0   0:00.44 top -bc -d 1 -n 6000
  845 root      20   0   96380  90004  12488 S   0.0   1.1   7:20.43 /usr/local/bin/python3.8 /usr/local/bin/zkay run --blockchain-backend w3-eth-tester .+

top - 22:08:35 up 1 day,  2:02,  0 users,  load average: 1.83, 2.01, 1.35
Tasks:   6 total,   2 running,   4 sleeping,   0 stopped,   0 zombie
%Cpu(s):  7.6 us,  0.7 sy,  0.0 ni, 91.7 id,  0.0 wa,  0.0 hi,  0.0 si,  0.0 st
MiB Mem :   7877.2 total,   3361.1 free,   1845.3 used,   2670.7 buff/cache
MiB Swap:   2048.0 total,   2048.0 free,      0.0 used.   5720.4 avail Mem 

  PID USER      PR  NI    VIRT    RES    SHR S  %CPU  %MEM     TIME+ COMMAND
 2044 root      20   0  491776 485452   5048 R 100.0   6.0   0:02.37 /zkay/zkay/jsnark_interface/run_snark proofgen /tmp/tmpm_3w107_ /tmp/tmpm_3w107_/proo+
    1 root      20   0    3984   3232   2736 S   0.0   0.0   0:00.06 bash
    7 root      20   0    3992   3108   2608 S   0.0   0.0   0:00.08 bash
   13 root      20   0    3988   3228   2716 S   0.0   0.0   0:00.10 bash
  844 root      20   0    7864   2984   2628 R   0.0   0.0   0:00.44 top -bc -d 1 -n 6000
  845 root      20   0   96380  90004  12488 S   0.0   1.1   7:20.43 /usr/local/bin/python3.8 /usr/local/bin/zkay run --blockchain-backend w3-eth-tester .+

top - 22:08:36 up 1 day,  2:02,  0 users,  load average: 1.76, 1.99, 1.35
Tasks:   6 total,   2 running,   4 sleeping,   0 stopped,   0 zombie
%Cpu(s):  7.7 us,  0.6 sy,  0.0 ni, 91.6 id,  0.0 wa,  0.0 hi,  0.1 si,  0.0 st
MiB Mem :   7877.2 total,   3361.1 free,   1845.3 used,   2670.7 buff/cache
MiB Swap:   2048.0 total,   2048.0 free,      0.0 used.   5720.4 avail Mem 

  PID USER      PR  NI    VIRT    RES    SHR S  %CPU  %MEM     TIME+ COMMAND
 2044 root      20   0  709620 702796   5048 R 100.0   8.7   0:03.37 /zkay/zkay/jsnark_interface/run_snark proofgen /tmp/tmpm_3w107_ /tmp/tmpm_3w107_/proo+
    1 root      20   0    3984   3232   2736 S   0.0   0.0   0:00.06 bash
    7 root      20   0    3992   3108   2608 S   0.0   0.0   0:00.08 bash
   13 root      20   0    3988   3228   2716 S   0.0   0.0   0:00.10 bash
  844 root      20   0    7864   2984   2628 R   0.0   0.0   0:00.44 top -bc -d 1 -n 6000
  845 root      20   0   96380  90004  12488 S   0.0   1.1   7:20.43 /usr/local/bin/python3.8 /usr/local/bin/zkay run --blockchain-backend w3-eth-tester .+

top - 22:08:37 up 1 day,  2:02,  0 users,  load average: 1.76, 1.99, 1.35
Tasks:   6 total,   2 running,   4 sleeping,   0 stopped,   0 zombie
%Cpu(s):  8.2 us,  0.2 sy,  0.0 ni, 91.4 id,  0.1 wa,  0.0 hi,  0.1 si,  0.0 st
MiB Mem :   7877.2 total,   3361.1 free,   1845.3 used,   2670.7 buff/cache
MiB Swap:   2048.0 total,   2048.0 free,      0.0 used.   5720.4 avail Mem 

  PID USER      PR  NI    VIRT    RES    SHR S  %CPU  %MEM     TIME+ COMMAND
 2044 root      20   0  804036 798100   5048 R 100.0   9.9   0:04.37 /zkay/zkay/jsnark_interface/run_snark proofgen /tmp/tmpm_3w107_ /tmp/tmpm_3w107_/proo+
    1 root      20   0    3984   3232   2736 S   0.0   0.0   0:00.06 bash
    7 root      20   0    3992   3108   2608 S   0.0   0.0   0:00.08 bash
   13 root      20   0    3988   3228   2716 S   0.0   0.0   0:00.10 bash
  844 root      20   0    7864   2984   2628 R   0.0   0.0   0:00.44 top -bc -d 1 -n 6000
  845 root      20   0   96380  90004  12488 S   0.0   1.1   7:20.43 /usr/local/bin/python3.8 /usr/local/bin/zkay run --blockchain-backend w3-eth-tester .+

top - 22:08:38 up 1 day,  2:02,  0 users,  load average: 1.76, 1.99, 1.35
Tasks:   6 total,   2 running,   4 sleeping,   0 stopped,   0 zombie
%Cpu(s):  8.3 us,  0.8 sy,  0.0 ni, 89.6 id,  0.1 wa,  0.0 hi,  1.2 si,  0.0 st
MiB Mem :   7877.2 total,   3062.5 free,   2143.9 used,   2670.7 buff/cache
MiB Swap:   2048.0 total,   2048.0 free,      0.0 used.   5421.8 avail Mem 

  PID USER      PR  NI    VIRT    RES    SHR S  %CPU  %MEM     TIME+ COMMAND
 2044 root      20   0  794732 789492   5048 R 100.0   9.8   0:05.37 /zkay/zkay/jsnark_interface/run_snark proofgen /tmp/tmpm_3w107_ /tmp/tmpm_3w107_/proo+
    1 root      20   0    3984   3232   2736 S   0.0   0.0   0:00.06 bash
    7 root      20   0    3992   3108   2608 S   0.0   0.0   0:00.08 bash
   13 root      20   0    3988   3228   2716 S   0.0   0.0   0:00.10 bash
  844 root      20   0    7864   2984   2628 R   0.0   0.0   0:00.44 top -bc -d 1 -n 6000
  845 root      20   0   96380  90004  12488 S   0.0   1.1   7:20.43 /usr/local/bin/python3.8 /usr/local/bin/zkay run --blockchain-backend w3-eth-tester .+

top - 22:08:39 up 1 day,  2:02,  0 users,  load average: 1.76, 1.99, 1.35
Tasks:   6 total,   2 running,   4 sleeping,   0 stopped,   0 zombie
%Cpu(s):  8.3 us,  0.7 sy,  0.0 ni, 90.7 id,  0.0 wa,  0.0 hi,  0.4 si,  0.0 st
MiB Mem :   7877.2 total,   3062.5 free,   2143.9 used,   2670.7 buff/cache
MiB Swap:   2048.0 total,   2048.0 free,      0.0 used.   5421.8 avail Mem 

  PID USER      PR  NI    VIRT    RES    SHR S  %CPU  %MEM     TIME+ COMMAND
 2044 root      20   0  993348 920880   5048 R 100.0  11.4   0:06.37 /zkay/zkay/jsnark_interface/run_snark proofgen /tmp/tmpm_3w107_ /tmp/tmpm_3w107_/proo+
    1 root      20   0    3984   3232   2736 S   0.0   0.0   0:00.06 bash
    7 root      20   0    3992   3108   2608 S   0.0   0.0   0:00.08 bash
   13 root      20   0    3988   3228   2716 S   0.0   0.0   0:00.10 bash
  844 root      20   0    7864   2984   2628 R   0.0   0.0   0:00.44 top -bc -d 1 -n 6000
  845 root      20   0   96380  90004  12488 S   0.0   1.1   7:20.43 /usr/local/bin/python3.8 /usr/local/bin/zkay run --blockchain-backend w3-eth-tester .+

top - 22:08:40 up 1 day,  2:02,  0 users,  load average: 1.76, 1.99, 1.35
Tasks:   6 total,   2 running,   4 sleeping,   0 stopped,   0 zombie
%Cpu(s): 10.7 us,  1.4 sy,  0.0 ni, 87.8 id,  0.0 wa,  0.0 hi,  0.0 si,  0.0 st
MiB Mem :   7877.2 total,   3062.5 free,   2143.9 used,   2670.7 buff/cache
MiB Swap:   2048.0 total,   2048.0 free,      0.0 used.   5421.8 avail Mem 

  PID USER      PR  NI    VIRT    RES    SHR S  %CPU  %MEM     TIME+ COMMAND
 2044 root      20   0 1946984   1.1g   5048 R 169.0  14.5   0:08.06 /zkay/zkay/jsnark_interface/run_snark proofgen /tmp/tmpm_3w107_ /tmp/tmpm_3w107_/proo+
    1 root      20   0    3984   3232   2736 S   0.0   0.0   0:00.06 bash
    7 root      20   0    3992   3108   2608 S   0.0   0.0   0:00.08 bash
   13 root      20   0    3988   3228   2716 S   0.0   0.0   0:00.10 bash
  844 root      20   0    7864   2984   2628 R   0.0   0.0   0:00.44 top -bc -d 1 -n 6000
  845 root      20   0   96380  90004  12488 S   0.0   1.1   7:20.43 /usr/local/bin/python3.8 /usr/local/bin/zkay run --blockchain-backend w3-eth-tester .+

top - 22:08:41 up 1 day,  2:02,  0 users,  load average: 2.10, 2.06, 1.37
Tasks:   6 total,   2 running,   4 sleeping,   0 stopped,   0 zombie
%Cpu(s): 56.4 us,  3.6 sy,  0.0 ni, 40.1 id,  0.0 wa,  0.0 hi,  0.0 si,  0.0 st
MiB Mem :   7877.2 total,   2576.4 free,   2630.0 used,   2670.8 buff/cache
MiB Swap:   2048.0 total,   2048.0 free,      0.0 used.   4935.7 avail Mem 

  PID USER      PR  NI    VIRT    RES    SHR S  %CPU  %MEM     TIME+ COMMAND
 2044 root      20   0 1866748   1.2g   5048 R 698.0  16.1   0:15.11 /zkay/zkay/jsnark_interface/run_snark proofgen /tmp/tmpm_3w107_ /tmp/tmpm_3w107_/proo+
    1 root      20   0    3984   3232   2736 S   0.0   0.0   0:00.06 bash
    7 root      20   0    3992   3108   2608 S   0.0   0.0   0:00.08 bash
   13 root      20   0    3988   3228   2716 S   0.0   0.0   0:00.10 bash
  844 root      20   0    7864   2984   2628 R   0.0   0.0   0:00.44 top -bc -d 1 -n 6000
  845 root      20   0   96380  90004  12488 S   0.0   1.1   7:20.43 /usr/local/bin/python3.8 /usr/local/bin/zkay run --blockchain-backend w3-eth-tester .+

top - 22:08:42 up 1 day,  2:02,  0 users,  load average: 2.10, 2.06, 1.37
Tasks:   6 total,   2 running,   4 sleeping,   0 stopped,   0 zombie
%Cpu(s):  8.1 us,  0.2 sy,  0.0 ni, 91.7 id,  0.0 wa,  0.0 hi,  0.0 si,  0.0 st
MiB Mem :   7877.2 total,   2576.4 free,   2630.0 used,   2670.8 buff/cache
MiB Swap:   2048.0 total,   2048.0 free,      0.0 used.   4935.7 avail Mem 

  PID USER      PR  NI    VIRT    RES    SHR S  %CPU  %MEM     TIME+ COMMAND
 2044 root      20   0 1854616   1.2g   5048 R 100.0  15.9   0:16.11 /zkay/zkay/jsnark_interface/run_snark proofgen /tmp/tmpm_3w107_ /tmp/tmpm_3w107_/proo+
    1 root      20   0    3984   3232   2736 S   0.0   0.0   0:00.06 bash
    7 root      20   0    3992   3108   2608 S   0.0   0.0   0:00.08 bash
   13 root      20   0    3988   3228   2716 S   0.0   0.0   0:00.10 bash
  844 root      20   0    7864   2984   2628 R   0.0   0.0   0:00.44 top -bc -d 1 -n 6000
  845 root      20   0   96380  90004  12488 S   0.0   1.1   7:20.43 /usr/local/bin/python3.8 /usr/local/bin/zkay run --blockchain-backend w3-eth-tester .+

top - 22:08:43 up 1 day,  2:02,  0 users,  load average: 2.10, 2.06, 1.37
Tasks:   6 total,   2 running,   4 sleeping,   0 stopped,   0 zombie
%Cpu(s): 13.0 us,  0.3 sy,  0.0 ni, 86.5 id,  0.2 wa,  0.0 hi,  0.0 si,  0.0 st
MiB Mem :   7877.2 total,   2576.4 free,   2630.0 used,   2670.8 buff/cache
MiB Swap:   2048.0 total,   2048.0 free,      0.0 used.   4935.7 avail Mem 

  PID USER      PR  NI    VIRT    RES    SHR S  %CPU  %MEM     TIME+ COMMAND
 2044 root      20   0 1854616   1.2g   5048 R 164.0  15.9   0:17.75 /zkay/zkay/jsnark_interface/run_snark proofgen /tmp/tmpm_3w107_ /tmp/tmpm_3w107_/proo+
    1 root      20   0    3984   3232   2736 S   0.0   0.0   0:00.06 bash
    7 root      20   0    3992   3108   2608 S   0.0   0.0   0:00.08 bash
   13 root      20   0    3988   3228   2716 S   0.0   0.0   0:00.10 bash
  844 root      20   0    7864   2984   2628 R   0.0   0.0   0:00.44 top -bc -d 1 -n 6000
  845 root      20   0   96380  90004  12488 S   0.0   1.1   7:20.43 /usr/local/bin/python3.8 /usr/local/bin/zkay run --blockchain-backend w3-eth-tester .+

top - 22:08:44 up 1 day,  2:02,  0 users,  load average: 2.10, 2.06, 1.37
Tasks:   6 total,   2 running,   4 sleeping,   0 stopped,   0 zombie
%Cpu(s): 28.1 us,  0.0 sy,  0.0 ni, 71.8 id,  0.0 wa,  0.0 hi,  0.1 si,  0.0 st
MiB Mem :   7877.2 total,   2589.5 free,   2616.9 used,   2670.8 buff/cache
MiB Swap:   2048.0 total,   2048.0 free,      0.0 used.   4948.8 avail Mem 

  PID USER      PR  NI    VIRT    RES    SHR S  %CPU  %MEM     TIME+ COMMAND
 2044 root      20   0 1854616   1.2g   5048 R 353.0  15.9   0:21.28 /zkay/zkay/jsnark_interface/run_snark proofgen /tmp/tmpm_3w107_ /tmp/tmpm_3w107_/proo+
  844 root      20   0    7864   2984   2628 R   1.0   0.0   0:00.45 top -bc -d 1 -n 6000
    1 root      20   0    3984   3232   2736 S   0.0   0.0   0:00.06 bash
    7 root      20   0    3992   3108   2608 S   0.0   0.0   0:00.08 bash
   13 root      20   0    3988   3228   2716 S   0.0   0.0   0:00.10 bash
  845 root      20   0   96380  90004  12488 S   0.0   1.1   7:20.43 /usr/local/bin/python3.8 /usr/local/bin/zkay run --blockchain-backend w3-eth-tester .+

top - 22:08:45 up 1 day,  2:02,  0 users,  load average: 2.10, 2.06, 1.37
Tasks:   6 total,   2 running,   4 sleeping,   0 stopped,   0 zombie
%Cpu(s): 45.5 us,  0.0 sy,  0.0 ni, 54.5 id,  0.0 wa,  0.0 hi,  0.1 si,  0.0 st
MiB Mem :   7877.2 total,   2589.5 free,   2616.9 used,   2670.8 buff/cache
MiB Swap:   2048.0 total,   2048.0 free,      0.0 used.   4948.8 avail Mem 

  PID USER      PR  NI    VIRT    RES    SHR S  %CPU  %MEM     TIME+ COMMAND
 2044 root      20   0 1854616   1.2g   5048 R 541.0  15.9   0:26.69 /zkay/zkay/jsnark_interface/run_snark proofgen /tmp/tmpm_3w107_ /tmp/tmpm_3w107_/proo+
    1 root      20   0    3984   3232   2736 S   0.0   0.0   0:00.06 bash
    7 root      20   0    3992   3108   2608 S   0.0   0.0   0:00.08 bash
   13 root      20   0    3988   3228   2716 S   0.0   0.0   0:00.10 bash
  844 root      20   0    7864   2984   2628 R   0.0   0.0   0:00.45 top -bc -d 1 -n 6000
  845 root      20   0   96380  90004  12488 S   0.0   1.1   7:20.43 /usr/local/bin/python3.8 /usr/local/bin/zkay run --blockchain-backend w3-eth-tester .+

top - 22:08:46 up 1 day,  2:02,  0 users,  load average: 2.90, 2.23, 1.43
Tasks:   6 total,   2 running,   4 sleeping,   0 stopped,   0 zombie
%Cpu(s): 99.3 us,  0.1 sy,  0.0 ni,  0.6 id,  0.0 wa,  0.0 hi,  0.0 si,  0.0 st
MiB Mem :   7877.2 total,   2589.5 free,   2616.9 used,   2670.8 buff/cache
MiB Swap:   2048.0 total,   2048.0 free,      0.0 used.   4948.8 avail Mem 

  PID USER      PR  NI    VIRT    RES    SHR S  %CPU  %MEM     TIME+ COMMAND
 2044 root      20   0 1854616   1.2g   5048 R  1192  15.9   0:38.61 /zkay/zkay/jsnark_interface/run_snark proofgen /tmp/tmpm_3w107_ /tmp/tmpm_3w107_/proo+
    1 root      20   0    3984   3232   2736 S   0.0   0.0   0:00.06 bash
    7 root      20   0    3992   3108   2608 S   0.0   0.0   0:00.08 bash
   13 root      20   0    3988   3228   2716 S   0.0   0.0   0:00.10 bash
  844 root      20   0    7864   2984   2628 R   0.0   0.0   0:00.45 top -bc -d 1 -n 6000
  845 root      20   0   96380  90004  12488 S   0.0   1.1   7:20.43 /usr/local/bin/python3.8 /usr/local/bin/zkay run --blockchain-backend w3-eth-tester .+

top - 22:08:47 up 1 day,  2:02,  0 users,  load average: 2.90, 2.23, 1.43
Tasks:   5 total,   2 running,   3 sleeping,   0 stopped,   0 zombie
%Cpu(s): 66.3 us,  0.6 sy,  0.0 ni, 32.7 id,  0.0 wa,  0.0 hi,  0.4 si,  0.0 st
MiB Mem :   7877.2 total,   3867.1 free,   1367.8 used,   2642.3 buff/cache
MiB Swap:   2048.0 total,   2048.0 free,      0.0 used.   6197.9 avail Mem 

  PID USER      PR  NI    VIRT    RES    SHR S  %CPU  %MEM     TIME+ COMMAND
  845 root      20   0   96380  90004  12488 R  12.9   1.1   7:20.56 /usr/local/bin/python3.8 /usr/local/bin/zkay run --blockchain-backend w3-eth-tester .+
    1 root      20   0    3984   3232   2736 S   0.0   0.0   0:00.06 bash
    7 root      20   0    3992   3108   2608 S   0.0   0.0   0:00.08 bash
   13 root      20   0    3988   3228   2716 S   0.0   0.0   0:00.10 bash
  844 root      20   0    7864   2984   2628 R   0.0   0.0   0:00.45 top -bc -d 1 -n 6000

top - 22:08:48 up 1 day,  2:02,  0 users,  load average: 2.90, 2.23, 1.43
Tasks:   5 total,   2 running,   3 sleeping,   0 stopped,   0 zombie
%Cpu(s):  8.7 us,  1.0 sy,  0.0 ni, 89.9 id,  0.0 wa,  0.0 hi,  0.5 si,  0.0 st
MiB Mem :   7877.2 total,   3867.1 free,   1367.8 used,   2642.3 buff/cache
MiB Swap:   2048.0 total,   2048.0 free,      0.0 used.   6197.9 avail Mem 

  PID USER      PR  NI    VIRT    RES    SHR S  %CPU  %MEM     TIME+ COMMAND
  845 root      20   0   96380  90004  12488 R 100.0   1.1   7:21.56 /usr/local/bin/python3.8 /usr/local/bin/zkay run --blockchain-backend w3-eth-tester .+
    1 root      20   0    3984   3232   2736 S   0.0   0.0   0:00.06 bash
    7 root      20   0    3992   3108   2608 S   0.0   0.0   0:00.08 bash
   13 root      20   0    3988   3228   2716 S   0.0   0.0   0:00.10 bash
  844 root      20   0    7864   2984   2628 R   0.0   0.0   0:00.45 top -bc -d 1 -n 6000

top - 22:08:49 up 1 day,  2:02,  0 users,  load average: 2.90, 2.23, 1.43
Tasks:   5 total,   2 running,   3 sleeping,   0 stopped,   0 zombie
%Cpu(s):  8.4 us,  0.6 sy,  0.0 ni, 90.6 id,  0.1 wa,  0.0 hi,  0.3 si,  0.0 st
MiB Mem :   7877.2 total,   3867.1 free,   1367.8 used,   2642.3 buff/cache
MiB Swap:   2048.0 total,   2048.0 free,      0.0 used.   6197.9 avail Mem 

  PID USER      PR  NI    VIRT    RES    SHR S  %CPU  %MEM     TIME+ COMMAND
  845 root      20   0   96380  90004  12488 R 100.0   1.1   7:22.56 /usr/local/bin/python3.8 /usr/local/bin/zkay run --blockchain-backend w3-eth-tester .+
    1 root      20   0    3984   3232   2736 S   0.0   0.0   0:00.06 bash
    7 root      20   0    3992   3108   2608 S   0.0   0.0   0:00.08 bash
   13 root      20   0    3988   3228   2716 S   0.0   0.0   0:00.10 bash
  844 root      20   0    7864   2984   2628 R   0.0   0.0   0:00.45 top -bc -d 1 -n 6000

top - 22:08:50 up 1 day,  2:02,  0 users,  load average: 2.90, 2.23, 1.43
Tasks:   5 total,   2 running,   3 sleeping,   0 stopped,   0 zombie
%Cpu(s):  8.5 us,  0.1 sy,  0.0 ni, 91.3 id,  0.0 wa,  0.0 hi,  0.1 si,  0.0 st
MiB Mem :   7877.2 total,   3863.8 free,   1371.0 used,   2642.3 buff/cache
MiB Swap:   2048.0 total,   2048.0 free,      0.0 used.   6194.7 avail Mem 

  PID USER      PR  NI    VIRT    RES    SHR S  %CPU  %MEM     TIME+ COMMAND
  845 root      20   0   96380  90004  12488 R 100.0   1.1   7:23.56 /usr/local/bin/python3.8 /usr/local/bin/zkay run --blockchain-backend w3-eth-tester .+
    1 root      20   0    3984   3232   2736 S   0.0   0.0   0:00.06 bash
    7 root      20   0    3992   3108   2608 S   0.0   0.0   0:00.08 bash
   13 root      20   0    3988   3228   2716 S   0.0   0.0   0:00.10 bash
  844 root      20   0    7864   2984   2628 R   0.0   0.0   0:00.45 top -bc -d 1 -n 6000

top - 22:08:51 up 1 day,  2:02,  0 users,  load average: 2.74, 2.21, 1.43
Tasks:   5 total,   2 running,   3 sleeping,   0 stopped,   0 zombie
%Cpu(s):  8.3 us,  0.0 sy,  0.0 ni, 91.7 id,  0.0 wa,  0.0 hi,  0.0 si,  0.0 st
MiB Mem :   7877.2 total,   3863.8 free,   1371.0 used,   2642.3 buff/cache
MiB Swap:   2048.0 total,   2048.0 free,      0.0 used.   6194.7 avail Mem 

  PID USER      PR  NI    VIRT    RES    SHR S  %CPU  %MEM     TIME+ COMMAND
  845 root      20   0   96380  90004  12488 R 100.0   1.1   7:24.56 /usr/local/bin/python3.8 /usr/local/bin/zkay run --blockchain-backend w3-eth-tester .+
  844 root      20   0    7864   2984   2628 R   1.0   0.0   0:00.46 top -bc -d 1 -n 6000
    1 root      20   0    3984   3232   2736 S   0.0   0.0   0:00.06 bash
    7 root      20   0    3992   3108   2608 S   0.0   0.0   0:00.08 bash
   13 root      20   0    3988   3228   2716 S   0.0   0.0   0:00.10 bash

top - 22:08:52 up 1 day,  2:02,  0 users,  load average: 2.74, 2.21, 1.43
Tasks:   5 total,   2 running,   3 sleeping,   0 stopped,   0 zombie
%Cpu(s):  8.3 us,  0.3 sy,  0.0 ni, 91.2 id,  0.1 wa,  0.0 hi,  0.0 si,  0.0 st
MiB Mem :   7877.2 total,   3863.8 free,   1371.0 used,   2642.3 buff/cache
MiB Swap:   2048.0 total,   2048.0 free,      0.0 used.   6194.7 avail Mem 

  PID USER      PR  NI    VIRT    RES    SHR S  %CPU  %MEM     TIME+ COMMAND
  845 root      20   0   96380  90004  12488 R 100.0   1.1   7:25.56 /usr/local/bin/python3.8 /usr/local/bin/zkay run --blockchain-backend w3-eth-tester .+
    1 root      20   0    3984   3232   2736 S   0.0   0.0   0:00.06 bash
    7 root      20   0    3992   3108   2608 S   0.0   0.0   0:00.08 bash
   13 root      20   0    3988   3228   2716 S   0.0   0.0   0:00.10 bash
  844 root      20   0    7864   2984   2628 R   0.0   0.0   0:00.46 top -bc -d 1 -n 6000

top - 22:08:53 up 1 day,  2:02,  0 users,  load average: 2.74, 2.21, 1.43
Tasks:   5 total,   2 running,   3 sleeping,   0 stopped,   0 zombie
%Cpu(s):  8.3 us,  0.1 sy,  0.0 ni, 91.6 id,  0.0 wa,  0.0 hi,  0.0 si,  0.0 st
MiB Mem :   7877.2 total,   3863.8 free,   1371.0 used,   2642.3 buff/cache
MiB Swap:   2048.0 total,   2048.0 free,      0.0 used.   6194.7 avail Mem 

  PID USER      PR  NI    VIRT    RES    SHR S  %CPU  %MEM     TIME+ COMMAND
  845 root      20   0   96380  90004  12488 R 100.0   1.1   7:26.56 /usr/local/bin/python3.8 /usr/local/bin/zkay run --blockchain-backend w3-eth-tester .+
    1 root      20   0    3984   3232   2736 S   0.0   0.0   0:00.06 bash
    7 root      20   0    3992   3108   2608 S   0.0   0.0   0:00.08 bash
   13 root      20   0    3988   3228   2716 S   0.0   0.0   0:00.10 bash
  844 root      20   0    7864   2984   2628 R   0.0   0.0   0:00.46 top -bc -d 1 -n 6000

top - 22:08:54 up 1 day,  2:03,  0 users,  load average: 2.74, 2.21, 1.43
Tasks:   5 total,   2 running,   3 sleeping,   0 stopped,   0 zombie
%Cpu(s):  8.4 us,  0.1 sy,  0.0 ni, 91.5 id,  0.0 wa,  0.0 hi,  0.0 si,  0.0 st
MiB Mem :   7877.2 total,   3863.8 free,   1371.0 used,   2642.3 buff/cache
MiB Swap:   2048.0 total,   2048.0 free,      0.0 used.   6194.7 avail Mem 

  PID USER      PR  NI    VIRT    RES    SHR S  %CPU  %MEM     TIME+ COMMAND
  845 root      20   0   96380  90004  12488 R 100.0   1.1   7:27.57 /usr/local/bin/python3.8 /usr/local/bin/zkay run --blockchain-backend w3-eth-tester .+
    1 root      20   0    3984   3232   2736 S   0.0   0.0   0:00.06 bash
    7 root      20   0    3992   3108   2608 S   0.0   0.0   0:00.08 bash
   13 root      20   0    3988   3228   2716 S   0.0   0.0   0:00.10 bash
  844 root      20   0    7864   2984   2628 R   0.0   0.0   0:00.46 top -bc -d 1 -n 6000

top - 22:08:55 up 1 day,  2:03,  0 users,  load average: 2.74, 2.21, 1.43
Tasks:   5 total,   2 running,   3 sleeping,   0 stopped,   0 zombie
%Cpu(s):  8.3 us,  0.0 sy,  0.0 ni, 91.7 id,  0.0 wa,  0.0 hi,  0.0 si,  0.0 st
MiB Mem :   7877.2 total,   3863.8 free,   1371.0 used,   2642.3 buff/cache
MiB Swap:   2048.0 total,   2048.0 free,      0.0 used.   6194.7 avail Mem 

  PID USER      PR  NI    VIRT    RES    SHR S  %CPU  %MEM     TIME+ COMMAND
  845 root      20   0   96380  90004  12488 R 100.0   1.1   7:28.57 /usr/local/bin/python3.8 /usr/local/bin/zkay run --blockchain-backend w3-eth-tester .+
    1 root      20   0    3984   3232   2736 S   0.0   0.0   0:00.06 bash
    7 root      20   0    3992   3108   2608 S   0.0   0.0   0:00.08 bash
   13 root      20   0    3988   3228   2716 S   0.0   0.0   0:00.10 bash
  844 root      20   0    7864   2984   2628 R   0.0   0.0   0:00.46 top -bc -d 1 -n 6000

top - 22:08:56 up 1 day,  2:03,  0 users,  load average: 2.60, 2.19, 1.42
Tasks:   5 total,   2 running,   3 sleeping,   0 stopped,   0 zombie
%Cpu(s):  8.4 us,  0.1 sy,  0.0 ni, 91.4 id,  0.0 wa,  0.0 hi,  0.2 si,  0.0 st
MiB Mem :   7877.2 total,   3863.8 free,   1371.0 used,   2642.3 buff/cache
MiB Swap:   2048.0 total,   2048.0 free,      0.0 used.   6194.7 avail Mem 

  PID USER      PR  NI    VIRT    RES    SHR S  %CPU  %MEM     TIME+ COMMAND
  845 root      20   0   96380  90004  12488 R 100.0   1.1   7:29.57 /usr/local/bin/python3.8 /usr/local/bin/zkay run --blockchain-backend w3-eth-tester .+
    1 root      20   0    3984   3232   2736 S   0.0   0.0   0:00.06 bash
    7 root      20   0    3992   3108   2608 S   0.0   0.0   0:00.08 bash
   13 root      20   0    3988   3228   2716 S   0.0   0.0   0:00.10 bash
  844 root      20   0    7864   2984   2628 R   0.0   0.0   0:00.46 top -bc -d 1 -n 6000

top - 22:08:57 up 1 day,  2:03,  0 users,  load average: 2.60, 2.19, 1.42
Tasks:   5 total,   2 running,   3 sleeping,   0 stopped,   0 zombie
%Cpu(s):  8.3 us,  0.0 sy,  0.0 ni, 91.7 id,  0.0 wa,  0.0 hi,  0.0 si,  0.0 st
MiB Mem :   7877.2 total,   3863.8 free,   1371.0 used,   2642.3 buff/cache
MiB Swap:   2048.0 total,   2048.0 free,      0.0 used.   6194.7 avail Mem 

  PID USER      PR  NI    VIRT    RES    SHR S  %CPU  %MEM     TIME+ COMMAND
  845 root      20   0   96380  90004  12488 R 100.0   1.1   7:30.57 /usr/local/bin/python3.8 /usr/local/bin/zkay run --blockchain-backend w3-eth-tester .+
    1 root      20   0    3984   3232   2736 S   0.0   0.0   0:00.06 bash
    7 root      20   0    3992   3108   2608 S   0.0   0.0   0:00.08 bash
   13 root      20   0    3988   3228   2716 S   0.0   0.0   0:00.10 bash
  844 root      20   0    7864   2984   2628 R   0.0   0.0   0:00.46 top -bc -d 1 -n 6000

top - 22:08:58 up 1 day,  2:03,  0 users,  load average: 2.60, 2.19, 1.42
Tasks:   5 total,   2 running,   3 sleeping,   0 stopped,   0 zombie
%Cpu(s):  8.4 us,  0.4 sy,  0.0 ni, 90.2 id,  0.0 wa,  0.0 hi,  0.9 si,  0.0 st
MiB Mem :   7877.2 total,   3863.8 free,   1371.0 used,   2642.3 buff/cache
MiB Swap:   2048.0 total,   2048.0 free,      0.0 used.   6194.7 avail Mem 

  PID USER      PR  NI    VIRT    RES    SHR S  %CPU  %MEM     TIME+ COMMAND
  845 root      20   0   96380  90004  12488 R 100.0   1.1   7:31.57 /usr/local/bin/python3.8 /usr/local/bin/zkay run --blockchain-backend w3-eth-tester .+
    1 root      20   0    3984   3232   2736 S   0.0   0.0   0:00.06 bash
    7 root      20   0    3992   3108   2608 S   0.0   0.0   0:00.08 bash
   13 root      20   0    3988   3228   2716 S   0.0   0.0   0:00.10 bash
  844 root      20   0    7864   2984   2628 R   0.0   0.0   0:00.46 top -bc -d 1 -n 6000

top - 22:08:59 up 1 day,  2:03,  0 users,  load average: 2.60, 2.19, 1.42
Tasks:   5 total,   2 running,   3 sleeping,   0 stopped,   0 zombie
%Cpu(s):  8.4 us,  0.0 sy,  0.0 ni, 91.0 id,  0.0 wa,  0.0 hi,  0.6 si,  0.0 st
MiB Mem :   7877.2 total,   3862.2 free,   1372.7 used,   2642.3 buff/cache
MiB Swap:   2048.0 total,   2048.0 free,      0.0 used.   6193.0 avail Mem 

  PID USER      PR  NI    VIRT    RES    SHR S  %CPU  %MEM     TIME+ COMMAND
  845 root      20   0   96380  90004  12488 R 100.0   1.1   7:32.57 /usr/local/bin/python3.8 /usr/local/bin/zkay run --blockchain-backend w3-eth-tester .+
    1 root      20   0    3984   3232   2736 S   0.0   0.0   0:00.06 bash
    7 root      20   0    3992   3108   2608 S   0.0   0.0   0:00.08 bash
   13 root      20   0    3988   3228   2716 S   0.0   0.0   0:00.10 bash
  844 root      20   0    7864   2984   2628 R   0.0   0.0   0:00.46 top -bc -d 1 -n 6000

top - 22:09:00 up 1 day,  2:03,  0 users,  load average: 2.60, 2.19, 1.42
Tasks:   5 total,   2 running,   3 sleeping,   0 stopped,   0 zombie
%Cpu(s):  8.3 us,  0.2 sy,  0.0 ni, 91.4 id,  0.1 wa,  0.0 hi,  0.1 si,  0.0 st
MiB Mem :   7877.2 total,   3862.2 free,   1372.7 used,   2642.3 buff/cache
MiB Swap:   2048.0 total,   2048.0 free,      0.0 used.   6193.0 avail Mem 

  PID USER      PR  NI    VIRT    RES    SHR S  %CPU  %MEM     TIME+ COMMAND
  845 root      20   0   96380  90004  12488 R 100.0   1.1   7:33.57 /usr/local/bin/python3.8 /usr/local/bin/zkay run --blockchain-backend w3-eth-tester .+
    1 root      20   0    3984   3232   2736 S   0.0   0.0   0:00.06 bash
    7 root      20   0    3992   3108   2608 S   0.0   0.0   0:00.08 bash
   13 root      20   0    3988   3228   2716 S   0.0   0.0   0:00.10 bash
  844 root      20   0    7864   2984   2628 R   0.0   0.0   0:00.46 top -bc -d 1 -n 6000

top - 22:09:01 up 1 day,  2:03,  0 users,  load average: 2.47, 2.17, 1.42
Tasks:   5 total,   2 running,   3 sleeping,   0 stopped,   0 zombie
%Cpu(s):  8.4 us,  0.0 sy,  0.0 ni, 91.5 id,  0.0 wa,  0.0 hi,  0.1 si,  0.0 st
MiB Mem :   7877.2 total,   3862.2 free,   1372.7 used,   2642.3 buff/cache
MiB Swap:   2048.0 total,   2048.0 free,      0.0 used.   6193.0 avail Mem 

  PID USER      PR  NI    VIRT    RES    SHR S  %CPU  %MEM     TIME+ COMMAND
  845 root      20   0   96380  90004  12488 R 100.0   1.1   7:34.58 /usr/local/bin/python3.8 /usr/local/bin/zkay run --blockchain-backend w3-eth-tester .+
    1 root      20   0    3984   3232   2736 S   0.0   0.0   0:00.06 bash
    7 root      20   0    3992   3108   2608 S   0.0   0.0   0:00.08 bash
   13 root      20   0    3988   3228   2716 S   0.0   0.0   0:00.10 bash
  844 root      20   0    7864   2984   2628 R   0.0   0.0   0:00.46 top -bc -d 1 -n 6000

top - 22:09:02 up 1 day,  2:03,  0 users,  load average: 2.47, 2.17, 1.42
Tasks:   5 total,   2 running,   3 sleeping,   0 stopped,   0 zombie
%Cpu(s):  8.3 us,  0.0 sy,  0.0 ni, 91.7 id,  0.0 wa,  0.0 hi,  0.0 si,  0.0 st
MiB Mem :   7877.2 total,   3862.0 free,   1372.7 used,   2642.4 buff/cache
MiB Swap:   2048.0 total,   2048.0 free,      0.0 used.   6193.0 avail Mem 

  PID USER      PR  NI    VIRT    RES    SHR S  %CPU  %MEM     TIME+ COMMAND
  845 root      20   0   96380  90004  12488 R 100.0   1.1   7:35.58 /usr/local/bin/python3.8 /usr/local/bin/zkay run --blockchain-backend w3-eth-tester .+
    1 root      20   0    3984   3232   2736 S   0.0   0.0   0:00.06 bash
    7 root      20   0    3992   3108   2608 S   0.0   0.0   0:00.08 bash
   13 root      20   0    3988   3228   2716 S   0.0   0.0   0:00.10 bash
  844 root      20   0    7864   2984   2628 R   0.0   0.0   0:00.46 top -bc -d 1 -n 6000

top - 22:09:03 up 1 day,  2:03,  0 users,  load average: 2.47, 2.17, 1.42
Tasks:   5 total,   2 running,   3 sleeping,   0 stopped,   0 zombie
%Cpu(s):  8.3 us,  0.0 sy,  0.0 ni, 91.7 id,  0.0 wa,  0.0 hi,  0.0 si,  0.0 st
MiB Mem :   7877.2 total,   3862.0 free,   1372.7 used,   2642.4 buff/cache
MiB Swap:   2048.0 total,   2048.0 free,      0.0 used.   6193.0 avail Mem 

  PID USER      PR  NI    VIRT    RES    SHR S  %CPU  %MEM     TIME+ COMMAND
  845 root      20   0   96380  90004  12488 R 100.0   1.1   7:36.58 /usr/local/bin/python3.8 /usr/local/bin/zkay run --blockchain-backend w3-eth-tester .+
    1 root      20   0    3984   3232   2736 S   0.0   0.0   0:00.06 bash
    7 root      20   0    3992   3108   2608 S   0.0   0.0   0:00.08 bash
   13 root      20   0    3988   3228   2716 S   0.0   0.0   0:00.10 bash
  844 root      20   0    7864   2984   2628 R   0.0   0.0   0:00.46 top -bc -d 1 -n 6000

top - 22:09:04 up 1 day,  2:03,  0 users,  load average: 2.47, 2.17, 1.42
Tasks:   5 total,   2 running,   3 sleeping,   0 stopped,   0 zombie
%Cpu(s):  8.3 us,  0.0 sy,  0.0 ni, 91.7 id,  0.0 wa,  0.0 hi,  0.0 si,  0.0 st
MiB Mem :   7877.2 total,   3862.0 free,   1372.7 used,   2642.4 buff/cache
MiB Swap:   2048.0 total,   2048.0 free,      0.0 used.   6193.0 avail Mem 

  PID USER      PR  NI    VIRT    RES    SHR S  %CPU  %MEM     TIME+ COMMAND
  845 root      20   0   96380  90004  12488 R 100.0   1.1   7:37.58 /usr/local/bin/python3.8 /usr/local/bin/zkay run --blockchain-backend w3-eth-tester .+
    1 root      20   0    3984   3232   2736 S   0.0   0.0   0:00.06 bash
    7 root      20   0    3992   3108   2608 S   0.0   0.0   0:00.08 bash
   13 root      20   0    3988   3228   2716 S   0.0   0.0   0:00.10 bash
  844 root      20   0    7864   2984   2628 R   0.0   0.0   0:00.46 top -bc -d 1 -n 6000

top - 22:09:05 up 1 day,  2:03,  0 users,  load average: 2.47, 2.17, 1.42
Tasks:   5 total,   2 running,   3 sleeping,   0 stopped,   0 zombie
%Cpu(s):  8.2 us,  0.1 sy,  0.0 ni, 91.6 id,  0.1 wa,  0.0 hi,  0.0 si,  0.0 st
MiB Mem :   7877.2 total,   3862.0 free,   1372.7 used,   2642.5 buff/cache
MiB Swap:   2048.0 total,   2048.0 free,      0.0 used.   6193.0 avail Mem 

  PID USER      PR  NI    VIRT    RES    SHR S  %CPU  %MEM     TIME+ COMMAND
  845 root      20   0   96380  90004  12488 R 100.0   1.1   7:38.58 /usr/local/bin/python3.8 /usr/local/bin/zkay run --blockchain-backend w3-eth-tester .+
    1 root      20   0    3984   3232   2736 S   0.0   0.0   0:00.06 bash
    7 root      20   0    3992   3108   2608 S   0.0   0.0   0:00.08 bash
   13 root      20   0    3988   3228   2716 S   0.0   0.0   0:00.10 bash
  844 root      20   0    7864   2984   2628 R   0.0   0.0   0:00.46 top -bc -d 1 -n 6000

top - 22:09:06 up 1 day,  2:03,  0 users,  load average: 2.36, 2.15, 1.42
Tasks:   5 total,   2 running,   3 sleeping,   0 stopped,   0 zombie
%Cpu(s):  8.3 us,  0.1 sy,  0.0 ni, 91.5 id,  0.0 wa,  0.0 hi,  0.1 si,  0.0 st
MiB Mem :   7877.2 total,   3862.0 free,   1372.7 used,   2642.5 buff/cache
MiB Swap:   2048.0 total,   2048.0 free,      0.0 used.   6193.0 avail Mem 

  PID USER      PR  NI    VIRT    RES    SHR S  %CPU  %MEM     TIME+ COMMAND
  845 root      20   0   96380  90004  12488 R 100.0   1.1   7:39.58 /usr/local/bin/python3.8 /usr/local/bin/zkay run --blockchain-backend w3-eth-tester .+
    1 root      20   0    3984   3232   2736 S   0.0   0.0   0:00.06 bash
    7 root      20   0    3992   3108   2608 S   0.0   0.0   0:00.08 bash
   13 root      20   0    3988   3228   2716 S   0.0   0.0   0:00.10 bash
  844 root      20   0    7864   2984   2628 R   0.0   0.0   0:00.46 top -bc -d 1 -n 6000

top - 22:09:07 up 1 day,  2:03,  0 users,  load average: 2.36, 2.15, 1.42
Tasks:   5 total,   2 running,   3 sleeping,   0 stopped,   0 zombie
%Cpu(s):  8.3 us,  0.0 sy,  0.0 ni, 91.7 id,  0.0 wa,  0.0 hi,  0.0 si,  0.0 st
MiB Mem :   7877.2 total,   3862.0 free,   1372.7 used,   2642.5 buff/cache
MiB Swap:   2048.0 total,   2048.0 free,      0.0 used.   6193.0 avail Mem 

  PID USER      PR  NI    VIRT    RES    SHR S  %CPU  %MEM     TIME+ COMMAND
  845 root      20   0   96380  90004  12488 R 100.0   1.1   7:40.58 /usr/local/bin/python3.8 /usr/local/bin/zkay run --blockchain-backend w3-eth-tester .+
    1 root      20   0    3984   3232   2736 S   0.0   0.0   0:00.06 bash
    7 root      20   0    3992   3108   2608 S   0.0   0.0   0:00.08 bash
   13 root      20   0    3988   3228   2716 S   0.0   0.0   0:00.10 bash
  844 root      20   0    7864   2984   2628 R   0.0   0.0   0:00.46 top -bc -d 1 -n 6000

top - 22:09:08 up 1 day,  2:03,  0 users,  load average: 2.36, 2.15, 1.42
Tasks:   5 total,   2 running,   3 sleeping,   0 stopped,   0 zombie
%Cpu(s):  8.6 us,  0.3 sy,  0.0 ni, 90.8 id,  0.0 wa,  0.0 hi,  0.2 si,  0.0 st
MiB Mem :   7877.2 total,   3862.1 free,   1372.7 used,   2642.5 buff/cache
MiB Swap:   2048.0 total,   2048.0 free,      0.0 used.   6193.0 avail Mem 

  PID USER      PR  NI    VIRT    RES    SHR S  %CPU  %MEM     TIME+ COMMAND
  845 root      20   0   96380  90004  12488 R 100.0   1.1   7:41.58 /usr/local/bin/python3.8 /usr/local/bin/zkay run --blockchain-backend w3-eth-tester .+
    1 root      20   0    3984   3232   2736 S   0.0   0.0   0:00.06 bash
    7 root      20   0    3992   3108   2608 S   0.0   0.0   0:00.08 bash
   13 root      20   0    3988   3228   2716 S   0.0   0.0   0:00.10 bash
  844 root      20   0    7864   2984   2628 R   0.0   0.0   0:00.46 top -bc -d 1 -n 6000

top - 22:09:09 up 1 day,  2:03,  0 users,  load average: 2.36, 2.15, 1.42
Tasks:   5 total,   2 running,   3 sleeping,   0 stopped,   0 zombie
%Cpu(s):  8.6 us,  0.1 sy,  0.0 ni, 91.1 id,  0.0 wa,  0.0 hi,  0.2 si,  0.0 st
MiB Mem :   7877.2 total,   3862.1 free,   1372.7 used,   2642.5 buff/cache
MiB Swap:   2048.0 total,   2048.0 free,      0.0 used.   6193.0 avail Mem 

  PID USER      PR  NI    VIRT    RES    SHR S  %CPU  %MEM     TIME+ COMMAND
  845 root      20   0   96380  90004  12488 R 100.0   1.1   7:42.59 /usr/local/bin/python3.8 /usr/local/bin/zkay run --blockchain-backend w3-eth-tester .+
    1 root      20   0    3984   3232   2736 S   0.0   0.0   0:00.06 bash
    7 root      20   0    3992   3108   2608 S   0.0   0.0   0:00.08 bash
   13 root      20   0    3988   3228   2716 S   0.0   0.0   0:00.10 bash
  844 root      20   0    7864   2984   2628 R   0.0   0.0   0:00.46 top -bc -d 1 -n 6000

top - 22:09:10 up 1 day,  2:03,  0 users,  load average: 2.36, 2.15, 1.42
Tasks:   5 total,   2 running,   3 sleeping,   0 stopped,   0 zombie
%Cpu(s):  8.3 us,  0.2 sy,  0.0 ni, 91.5 id,  0.0 wa,  0.0 hi,  0.0 si,  0.0 st
MiB Mem :   7877.2 total,   3862.1 free,   1372.7 used,   2642.5 buff/cache
MiB Swap:   2048.0 total,   2048.0 free,      0.0 used.   6193.0 avail Mem 

  PID USER      PR  NI    VIRT    RES    SHR S  %CPU  %MEM     TIME+ COMMAND
  845 root      20   0   96380  90004  12488 R 100.0   1.1   7:43.59 /usr/local/bin/python3.8 /usr/local/bin/zkay run --blockchain-backend w3-eth-tester .+
    1 root      20   0    3984   3232   2736 S   0.0   0.0   0:00.06 bash
    7 root      20   0    3992   3108   2608 S   0.0   0.0   0:00.08 bash
   13 root      20   0    3988   3228   2716 S   0.0   0.0   0:00.10 bash
  844 root      20   0    7864   2984   2628 R   0.0   0.0   0:00.46 top -bc -d 1 -n 6000

top - 22:09:11 up 1 day,  2:03,  0 users,  load average: 2.25, 2.13, 1.42
Tasks:   5 total,   2 running,   3 sleeping,   0 stopped,   0 zombie
%Cpu(s):  8.3 us,  0.0 sy,  0.0 ni, 91.6 id,  0.1 wa,  0.0 hi,  0.0 si,  0.0 st
MiB Mem :   7877.2 total,   3862.1 free,   1372.7 used,   2642.5 buff/cache
MiB Swap:   2048.0 total,   2048.0 free,      0.0 used.   6193.0 avail Mem 

  PID USER      PR  NI    VIRT    RES    SHR S  %CPU  %MEM     TIME+ COMMAND
  845 root      20   0   96380  90004  12488 R 100.0   1.1   7:44.59 /usr/local/bin/python3.8 /usr/local/bin/zkay run --blockchain-backend w3-eth-tester .+
    1 root      20   0    3984   3232   2736 S   0.0   0.0   0:00.06 bash
    7 root      20   0    3992   3108   2608 S   0.0   0.0   0:00.08 bash
   13 root      20   0    3988   3228   2716 S   0.0   0.0   0:00.10 bash
  844 root      20   0    7864   2984   2628 R   0.0   0.0   0:00.46 top -bc -d 1 -n 6000

top - 22:09:12 up 1 day,  2:03,  0 users,  load average: 2.25, 2.13, 1.42
Tasks:   5 total,   2 running,   3 sleeping,   0 stopped,   0 zombie
%Cpu(s):  8.3 us,  0.0 sy,  0.0 ni, 91.7 id,  0.0 wa,  0.0 hi,  0.0 si,  0.0 st
MiB Mem :   7877.2 total,   3862.1 free,   1372.7 used,   2642.5 buff/cache
MiB Swap:   2048.0 total,   2048.0 free,      0.0 used.   6193.0 avail Mem 

  PID USER      PR  NI    VIRT    RES    SHR S  %CPU  %MEM     TIME+ COMMAND
  845 root      20   0   96380  90004  12488 R 100.0   1.1   7:45.59 /usr/local/bin/python3.8 /usr/local/bin/zkay run --blockchain-backend w3-eth-tester .+
    1 root      20   0    3984   3232   2736 S   0.0   0.0   0:00.06 bash
    7 root      20   0    3992   3108   2608 S   0.0   0.0   0:00.08 bash
   13 root      20   0    3988   3228   2716 S   0.0   0.0   0:00.10 bash
  844 root      20   0    7864   2984   2628 R   0.0   0.0   0:00.46 top -bc -d 1 -n 6000

top - 22:09:13 up 1 day,  2:03,  0 users,  load average: 2.25, 2.13, 1.42
Tasks:   5 total,   2 running,   3 sleeping,   0 stopped,   0 zombie
%Cpu(s):  8.3 us,  0.0 sy,  0.0 ni, 91.6 id,  0.0 wa,  0.0 hi,  0.1 si,  0.0 st
MiB Mem :   7877.2 total,   3862.1 free,   1372.7 used,   2642.5 buff/cache
MiB Swap:   2048.0 total,   2048.0 free,      0.0 used.   6193.0 avail Mem 

  PID USER      PR  NI    VIRT    RES    SHR S  %CPU  %MEM     TIME+ COMMAND
  845 root      20   0   96380  90004  12488 R 100.0   1.1   7:46.59 /usr/local/bin/python3.8 /usr/local/bin/zkay run --blockchain-backend w3-eth-tester .+
    1 root      20   0    3984   3232   2736 S   0.0   0.0   0:00.06 bash
    7 root      20   0    3992   3108   2608 S   0.0   0.0   0:00.08 bash
   13 root      20   0    3988   3228   2716 S   0.0   0.0   0:00.10 bash
  844 root      20   0    7864   2984   2628 R   0.0   0.0   0:00.46 top -bc -d 1 -n 6000

top - 22:09:14 up 1 day,  2:03,  0 users,  load average: 2.25, 2.13, 1.42
Tasks:   6 total,   1 running,   5 sleeping,   0 stopped,   0 zombie
%Cpu(s): 15.5 us,  0.9 sy,  0.0 ni, 83.2 id,  0.1 wa,  0.0 hi,  0.3 si,  0.0 st
MiB Mem :   7877.2 total,   3609.4 free,   1625.2 used,   2642.5 buff/cache
MiB Swap:   2048.0 total,   2048.0 free,      0.0 used.   5940.5 avail Mem 

  PID USER      PR  NI    VIRT    RES    SHR S  %CPU  %MEM     TIME+ COMMAND
 2056 root      20   0   19.6g 300136  25604 S 134.0   3.7   0:01.34 java -Xms4096m -Xmx16384m -cp /zkay/zkay/jsnark_interface/JsnarkCircuitBuilder.jar:/z+
  845 root      20   0   96380  90004  12488 S  61.0   1.1   7:47.20 /usr/local/bin/python3.8 /usr/local/bin/zkay run --blockchain-backend w3-eth-tester .+
    1 root      20   0    3984   3232   2736 S   0.0   0.0   0:00.06 bash
    7 root      20   0    3992   3108   2608 S   0.0   0.0   0:00.08 bash
   13 root      20   0    3988   3228   2716 S   0.0   0.0   0:00.10 bash
  844 root      20   0    7864   2984   2628 R   0.0   0.0   0:00.46 top -bc -d 1 -n 6000

top - 22:09:15 up 1 day,  2:03,  0 users,  load average: 2.25, 2.13, 1.42
Tasks:   6 total,   1 running,   5 sleeping,   0 stopped,   0 zombie
%Cpu(s): 34.1 us,  5.9 sy,  0.0 ni, 59.2 id,  0.0 wa,  0.0 hi,  0.8 si,  0.0 st
MiB Mem :   7877.2 total,   3609.4 free,   1625.2 used,   2642.5 buff/cache
MiB Swap:   2048.0 total,   2048.0 free,      0.0 used.   5940.5 avail Mem 

  PID USER      PR  NI    VIRT    RES    SHR S  %CPU  %MEM     TIME+ COMMAND
 2056 root      20   0   20.3g 642584  25668 S 471.6   8.0   0:06.15 java -Xms4096m -Xmx16384m -cp /zkay/zkay/jsnark_interface/JsnarkCircuitBuilder.jar:/z+
  844 root      20   0    7864   2984   2628 R   1.0   0.0   0:00.47 top -bc -d 1 -n 6000
    1 root      20   0    3984   3232   2736 S   0.0   0.0   0:00.06 bash
    7 root      20   0    3992   3108   2608 S   0.0   0.0   0:00.08 bash
   13 root      20   0    3988   3228   2716 S   0.0   0.0   0:00.10 bash
  845 root      20   0   96380  90004  12488 S   0.0   1.1   7:47.20 /usr/local/bin/python3.8 /usr/local/bin/zkay run --blockchain-backend w3-eth-tester .+

top - 22:09:16 up 1 day,  2:03,  0 users,  load average: 2.15, 2.11, 1.41
Tasks:   6 total,   2 running,   4 sleeping,   0 stopped,   0 zombie
%Cpu(s): 14.6 us,  1.5 sy,  0.0 ni, 82.6 id,  0.2 wa,  0.0 hi,  1.2 si,  0.0 st
MiB Mem :   7877.2 total,   3609.4 free,   1625.2 used,   2642.5 buff/cache
MiB Swap:   2048.0 total,   2048.0 free,      0.0 used.   5940.5 avail Mem 

  PID USER      PR  NI    VIRT    RES    SHR S  %CPU  %MEM     TIME+ COMMAND
  844 root      20   0    7864   2984   2628 R   1.0   0.0   0:00.48 top -bc -d 1 -n 6000
 2096 root      20   0  100648  96080   5052 R   1.0   1.2   0:00.01 /zkay/zkay/jsnark_interface/run_snark proofgen /tmp/tmp_71isyep /tmp/tmp_71isyep/proo+
    1 root      20   0    3984   3232   2736 S   0.0   0.0   0:00.06 bash
    7 root      20   0    3992   3108   2608 S   0.0   0.0   0:00.08 bash
   13 root      20   0    3988   3228   2716 S   0.0   0.0   0:00.10 bash
  845 root      20   0   96380  90004  12488 S   0.0   1.1   7:47.20 /usr/local/bin/python3.8 /usr/local/bin/zkay run --blockchain-backend w3-eth-tester .+

top - 22:09:17 up 1 day,  2:03,  0 users,  load average: 2.15, 2.11, 1.41
Tasks:   6 total,   2 running,   4 sleeping,   0 stopped,   0 zombie
%Cpu(s):  8.3 us,  0.3 sy,  0.0 ni, 91.2 id,  0.0 wa,  0.0 hi,  0.2 si,  0.0 st
MiB Mem :   7877.2 total,   3705.9 free,   1458.7 used,   2712.6 buff/cache
MiB Swap:   2048.0 total,   2048.0 free,      0.0 used.   6107.0 avail Mem 

  PID USER      PR  NI    VIRT    RES    SHR S  %CPU  %MEM     TIME+ COMMAND
 2096 root      20   0  100880  96448   5136 R 100.0   1.2   0:01.01 /zkay/zkay/jsnark_interface/run_snark proofgen /tmp/tmp_71isyep /tmp/tmp_71isyep/proo+
    1 root      20   0    3984   3232   2736 S   0.0   0.0   0:00.06 bash
    7 root      20   0    3992   3108   2608 S   0.0   0.0   0:00.08 bash
   13 root      20   0    3988   3228   2716 S   0.0   0.0   0:00.10 bash
  844 root      20   0    7864   2984   2628 R   0.0   0.0   0:00.48 top -bc -d 1 -n 6000
  845 root      20   0   96380  90004  12488 S   0.0   1.1   7:47.20 /usr/local/bin/python3.8 /usr/local/bin/zkay run --blockchain-backend w3-eth-tester .+

top - 22:09:18 up 1 day,  2:03,  0 users,  load average: 2.15, 2.11, 1.41
Tasks:   6 total,   2 running,   4 sleeping,   0 stopped,   0 zombie
%Cpu(s):  8.8 us,  0.9 sy,  0.0 ni, 89.3 id,  0.0 wa,  0.0 hi,  1.0 si,  0.0 st
MiB Mem :   7877.2 total,   3705.9 free,   1458.7 used,   2712.6 buff/cache
MiB Swap:   2048.0 total,   2048.0 free,      0.0 used.   6107.0 avail Mem 

  PID USER      PR  NI    VIRT    RES    SHR S  %CPU  %MEM     TIME+ COMMAND
 2096 root      20   0  109776 105008   5136 R 100.0   1.3   0:02.01 /zkay/zkay/jsnark_interface/run_snark proofgen /tmp/tmp_71isyep /tmp/tmp_71isyep/proo+
    1 root      20   0    3984   3232   2736 S   0.0   0.0   0:00.06 bash
    7 root      20   0    3992   3108   2608 S   0.0   0.0   0:00.08 bash
   13 root      20   0    3988   3228   2716 S   0.0   0.0   0:00.10 bash
  844 root      20   0    7864   2984   2628 R   0.0   0.0   0:00.48 top -bc -d 1 -n 6000
  845 root      20   0   96380  90004  12488 S   0.0   1.1   7:47.20 /usr/local/bin/python3.8 /usr/local/bin/zkay run --blockchain-backend w3-eth-tester .+

top - 22:09:19 up 1 day,  2:03,  0 users,  load average: 2.15, 2.11, 1.41
Tasks:   6 total,   2 running,   4 sleeping,   0 stopped,   0 zombie
%Cpu(s):  8.0 us,  0.7 sy,  0.0 ni, 90.9 id,  0.0 wa,  0.0 hi,  0.4 si,  0.0 st
MiB Mem :   7877.2 total,   3705.9 free,   1458.7 used,   2712.6 buff/cache
MiB Swap:   2048.0 total,   2048.0 free,      0.0 used.   6107.0 avail Mem 

  PID USER      PR  NI    VIRT    RES    SHR S  %CPU  %MEM     TIME+ COMMAND
 2096 root      20   0  394872 388652   5136 R 100.0   4.8   0:03.01 /zkay/zkay/jsnark_interface/run_snark proofgen /tmp/tmp_71isyep /tmp/tmp_71isyep/proo+
    1 root      20   0    3984   3232   2736 S   0.0   0.0   0:00.06 bash
    7 root      20   0    3992   3108   2608 S   0.0   0.0   0:00.08 bash
   13 root      20   0    3988   3228   2716 S   0.0   0.0   0:00.10 bash
  844 root      20   0    7864   2984   2628 R   0.0   0.0   0:00.48 top -bc -d 1 -n 6000
  845 root      20   0   96380  90004  12488 S   0.0   1.1   7:47.20 /usr/local/bin/python3.8 /usr/local/bin/zkay run --blockchain-backend w3-eth-tester .+

top - 22:09:20 up 1 day,  2:03,  0 users,  load average: 2.15, 2.11, 1.41
Tasks:   6 total,   2 running,   4 sleeping,   0 stopped,   0 zombie
%Cpu(s):  7.6 us,  0.7 sy,  0.0 ni, 91.7 id,  0.0 wa,  0.0 hi,  0.0 si,  0.0 st
MiB Mem :   7877.2 total,   3146.1 free,   2018.5 used,   2712.6 buff/cache
MiB Swap:   2048.0 total,   2048.0 free,      0.0 used.   5547.2 avail Mem 

  PID USER      PR  NI    VIRT    RES    SHR S  %CPU  %MEM     TIME+ COMMAND
 2096 root      20   0  674944 668320   5136 R 100.0   8.3   0:04.01 /zkay/zkay/jsnark_interface/run_snark proofgen /tmp/tmp_71isyep /tmp/tmp_71isyep/proo+
    1 root      20   0    3984   3232   2736 S   0.0   0.0   0:00.06 bash
    7 root      20   0    3992   3108   2608 S   0.0   0.0   0:00.08 bash
   13 root      20   0    3988   3228   2716 S   0.0   0.0   0:00.10 bash
  844 root      20   0    7864   2984   2628 R   0.0   0.0   0:00.48 top -bc -d 1 -n 6000
  845 root      20   0   96380  90004  12488 S   0.0   1.1   7:47.20 /usr/local/bin/python3.8 /usr/local/bin/zkay run --blockchain-backend w3-eth-tester .+

top - 22:09:21 up 1 day,  2:03,  0 users,  load average: 2.06, 2.09, 1.41
Tasks:   6 total,   2 running,   4 sleeping,   0 stopped,   0 zombie
%Cpu(s):  8.0 us,  0.3 sy,  0.0 ni, 91.7 id,  0.0 wa,  0.0 hi,  0.0 si,  0.0 st
MiB Mem :   7877.2 total,   3146.1 free,   2018.5 used,   2712.6 buff/cache
MiB Swap:   2048.0 total,   2048.0 free,      0.0 used.   5547.2 avail Mem 

  PID USER      PR  NI    VIRT    RES    SHR S  %CPU  %MEM     TIME+ COMMAND
 2096 root      20   0  919520 909684   5136 R 100.0  11.3   0:05.01 /zkay/zkay/jsnark_interface/run_snark proofgen /tmp/tmp_71isyep /tmp/tmp_71isyep/proo+
    1 root      20   0    3984   3232   2736 S   0.0   0.0   0:00.06 bash
    7 root      20   0    3992   3108   2608 S   0.0   0.0   0:00.08 bash
   13 root      20   0    3988   3228   2716 S   0.0   0.0   0:00.10 bash
  844 root      20   0    7864   2984   2628 R   0.0   0.0   0:00.48 top -bc -d 1 -n 6000
  845 root      20   0   96380  90004  12488 S   0.0   1.1   7:47.20 /usr/local/bin/python3.8 /usr/local/bin/zkay run --blockchain-backend w3-eth-tester .+

top - 22:09:22 up 1 day,  2:03,  0 users,  load average: 2.06, 2.09, 1.41
Tasks:   6 total,   2 running,   4 sleeping,   0 stopped,   0 zombie
%Cpu(s):  7.7 us,  0.7 sy,  0.0 ni, 91.4 id,  0.2 wa,  0.0 hi,  0.1 si,  0.0 st
MiB Mem :   7877.2 total,   3146.1 free,   2018.5 used,   2712.6 buff/cache
MiB Swap:   2048.0 total,   2048.0 free,      0.0 used.   5547.2 avail Mem 

  PID USER      PR  NI    VIRT    RES    SHR S  %CPU  %MEM     TIME+ COMMAND
 2096 root      20   0 1138840   1.1g   5136 R 100.0  13.9   0:06.02 /zkay/zkay/jsnark_interface/run_snark proofgen /tmp/tmp_71isyep /tmp/tmp_71isyep/proo+
    1 root      20   0    3984   3232   2736 S   0.0   0.0   0:00.06 bash
    7 root      20   0    3992   3108   2608 S   0.0   0.0   0:00.08 bash
   13 root      20   0    3988   3228   2716 S   0.0   0.0   0:00.10 bash
  844 root      20   0    7864   2984   2628 R   0.0   0.0   0:00.48 top -bc -d 1 -n 6000
  845 root      20   0   96380  90004  12488 S   0.0   1.1   7:47.20 /usr/local/bin/python3.8 /usr/local/bin/zkay run --blockchain-backend w3-eth-tester .+

top - 22:09:23 up 1 day,  2:03,  0 users,  load average: 2.06, 2.09, 1.41
Tasks:   6 total,   2 running,   4 sleeping,   0 stopped,   0 zombie
%Cpu(s):  7.7 us,  0.6 sy,  0.0 ni, 91.6 id,  0.0 wa,  0.0 hi,  0.1 si,  0.0 st
MiB Mem :   7877.2 total,   2497.4 free,   2667.2 used,   2712.6 buff/cache
MiB Swap:   2048.0 total,   2048.0 free,      0.0 used.   4898.5 avail Mem 

  PID USER      PR  NI    VIRT    RES    SHR S  %CPU  %MEM     TIME+ COMMAND
 2096 root      20   0 1342008   1.3g   5136 R 100.0  16.5   0:07.02 /zkay/zkay/jsnark_interface/run_snark proofgen /tmp/tmp_71isyep /tmp/tmp_71isyep/proo+
    1 root      20   0    3984   3232   2736 S   0.0   0.0   0:00.06 bash
    7 root      20   0    3992   3108   2608 S   0.0   0.0   0:00.08 bash
   13 root      20   0    3988   3228   2716 S   0.0   0.0   0:00.10 bash
  844 root      20   0    7864   2984   2628 R   0.0   0.0   0:00.48 top -bc -d 1 -n 6000
  845 root      20   0   96380  90004  12488 S   0.0   1.1   7:47.20 /usr/local/bin/python3.8 /usr/local/bin/zkay run --blockchain-backend w3-eth-tester .+

top - 22:09:24 up 1 day,  2:03,  0 users,  load average: 2.06, 2.09, 1.41
Tasks:   6 total,   2 running,   4 sleeping,   0 stopped,   0 zombie
%Cpu(s):  7.8 us,  0.6 sy,  0.0 ni, 91.3 id,  0.2 wa,  0.0 hi,  0.0 si,  0.0 st
MiB Mem :   7877.2 total,   2497.4 free,   2667.2 used,   2712.6 buff/cache
MiB Swap:   2048.0 total,   2048.0 free,      0.0 used.   4898.5 avail Mem 

  PID USER      PR  NI    VIRT    RES    SHR S  %CPU  %MEM     TIME+ COMMAND
 2096 root      20   0 1547172   1.5g   5136 R 100.0  19.1   0:08.04 /zkay/zkay/jsnark_interface/run_snark proofgen /tmp/tmp_71isyep /tmp/tmp_71isyep/proo+
    1 root      20   0    3984   3232   2736 S   0.0   0.0   0:00.06 bash
    7 root      20   0    3992   3108   2608 S   0.0   0.0   0:00.08 bash
   13 root      20   0    3988   3228   2716 S   0.0   0.0   0:00.10 bash
  844 root      20   0    7864   2984   2628 R   0.0   0.0   0:00.48 top -bc -d 1 -n 6000
  845 root      20   0   96380  90004  12488 S   0.0   1.1   7:47.20 /usr/local/bin/python3.8 /usr/local/bin/zkay run --blockchain-backend w3-eth-tester .+

top - 22:09:25 up 1 day,  2:03,  0 users,  load average: 2.06, 2.09, 1.41
Tasks:   6 total,   2 running,   4 sleeping,   0 stopped,   0 zombie
%Cpu(s):  8.1 us,  0.3 sy,  0.0 ni, 91.6 id,  0.0 wa,  0.0 hi,  0.0 si,  0.0 st
MiB Mem :   7877.2 total,   2497.4 free,   2667.2 used,   2712.6 buff/cache
MiB Swap:   2048.0 total,   2048.0 free,      0.0 used.   4898.5 avail Mem 

  PID USER      PR  NI    VIRT    RES    SHR S  %CPU  %MEM     TIME+ COMMAND
 2096 root      20   0 1796008   1.7g   5136 R 100.0  21.9   0:09.04 /zkay/zkay/jsnark_interface/run_snark proofgen /tmp/tmp_71isyep /tmp/tmp_71isyep/proo+
    1 root      20   0    3984   3232   2736 S   0.0   0.0   0:00.06 bash
    7 root      20   0    3992   3108   2608 S   0.0   0.0   0:00.08 bash
   13 root      20   0    3988   3228   2716 S   0.0   0.0   0:00.10 bash
  844 root      20   0    7864   2984   2628 R   0.0   0.0   0:00.48 top -bc -d 1 -n 6000
  845 root      20   0   96380  90004  12488 S   0.0   1.1   7:47.20 /usr/local/bin/python3.8 /usr/local/bin/zkay run --blockchain-backend w3-eth-tester .+

top - 22:09:26 up 1 day,  2:03,  0 users,  load average: 1.97, 2.07, 1.41
Tasks:   6 total,   2 running,   4 sleeping,   0 stopped,   0 zombie
%Cpu(s):  8.4 us,  0.0 sy,  0.0 ni, 91.5 id,  0.0 wa,  0.0 hi,  0.1 si,  0.0 st
MiB Mem :   7877.2 total,   2037.0 free,   3127.5 used,   2712.7 buff/cache
MiB Swap:   2048.0 total,   2048.0 free,      0.0 used.   4438.2 avail Mem 

  PID USER      PR  NI    VIRT    RES    SHR S  %CPU  %MEM     TIME+ COMMAND
 2096 root      20   0 1832044   1.7g   5136 R 100.0  22.3   0:10.04 /zkay/zkay/jsnark_interface/run_snark proofgen /tmp/tmp_71isyep /tmp/tmp_71isyep/proo+
    1 root      20   0    3984   3232   2736 S   0.0   0.0   0:00.06 bash
    7 root      20   0    3992   3108   2608 S   0.0   0.0   0:00.08 bash
   13 root      20   0    3988   3228   2716 S   0.0   0.0   0:00.10 bash
  844 root      20   0    7864   2984   2628 R   0.0   0.0   0:00.48 top -bc -d 1 -n 6000
  845 root      20   0   96380  90004  12488 S   0.0   1.1   7:47.20 /usr/local/bin/python3.8 /usr/local/bin/zkay run --blockchain-backend w3-eth-tester .+

top - 22:09:27 up 1 day,  2:03,  0 users,  load average: 1.97, 2.07, 1.41
Tasks:   6 total,   2 running,   4 sleeping,   0 stopped,   0 zombie
%Cpu(s):  8.3 us,  0.0 sy,  0.0 ni, 91.7 id,  0.0 wa,  0.0 hi,  0.0 si,  0.0 st
MiB Mem :   7877.2 total,   2037.0 free,   3127.5 used,   2712.7 buff/cache
MiB Swap:   2048.0 total,   2048.0 free,      0.0 used.   4438.2 avail Mem 

  PID USER      PR  NI    VIRT    RES    SHR S  %CPU  %MEM     TIME+ COMMAND
 2096 root      20   0 1832044   1.7g   5136 R 100.0  22.3   0:11.04 /zkay/zkay/jsnark_interface/run_snark proofgen /tmp/tmp_71isyep /tmp/tmp_71isyep/proo+
    1 root      20   0    3984   3232   2736 S   0.0   0.0   0:00.06 bash
    7 root      20   0    3992   3108   2608 S   0.0   0.0   0:00.08 bash
   13 root      20   0    3988   3228   2716 S   0.0   0.0   0:00.10 bash
  844 root      20   0    7864   2984   2628 R   0.0   0.0   0:00.48 top -bc -d 1 -n 6000
  845 root      20   0   96380  90004  12488 S   0.0   1.1   7:47.20 /usr/local/bin/python3.8 /usr/local/bin/zkay run --blockchain-backend w3-eth-tester .+

top - 22:09:28 up 1 day,  2:03,  0 users,  load average: 1.97, 2.07, 1.41
Tasks:   6 total,   2 running,   4 sleeping,   0 stopped,   0 zombie
%Cpu(s):  9.0 us,  0.9 sy,  0.0 ni, 89.2 id,  0.1 wa,  0.0 hi,  0.8 si,  0.0 st
MiB Mem :   7877.2 total,   2037.0 free,   3127.5 used,   2712.7 buff/cache
MiB Swap:   2048.0 total,   2048.0 free,      0.0 used.   4438.2 avail Mem 

  PID USER      PR  NI    VIRT    RES    SHR S  %CPU  %MEM     TIME+ COMMAND
 2096 root      20   0 1832044   1.7g   5136 R 100.0  22.3   0:12.04 /zkay/zkay/jsnark_interface/run_snark proofgen /tmp/tmp_71isyep /tmp/tmp_71isyep/proo+
    1 root      20   0    3984   3232   2736 S   0.0   0.0   0:00.06 bash
    7 root      20   0    3992   3108   2608 S   0.0   0.0   0:00.08 bash
   13 root      20   0    3988   3228   2716 S   0.0   0.0   0:00.10 bash
  844 root      20   0    7864   2984   2628 R   0.0   0.0   0:00.48 top -bc -d 1 -n 6000
  845 root      20   0   96380  90004  12488 S   0.0   1.1   7:47.20 /usr/local/bin/python3.8 /usr/local/bin/zkay run --blockchain-backend w3-eth-tester .+

top - 22:09:29 up 1 day,  2:03,  0 users,  load average: 1.97, 2.07, 1.41
Tasks:   6 total,   2 running,   4 sleeping,   0 stopped,   0 zombie
%Cpu(s):  8.4 us,  0.0 sy,  0.0 ni, 91.2 id,  0.0 wa,  0.0 hi,  0.4 si,  0.0 st
MiB Mem :   7877.2 total,   2064.0 free,   3100.5 used,   2712.7 buff/cache
MiB Swap:   2048.0 total,   2048.0 free,      0.0 used.   4465.1 avail Mem 

  PID USER      PR  NI    VIRT    RES    SHR S  %CPU  %MEM     TIME+ COMMAND
 2096 root      20   0 1792724   1.7g   5136 R 100.0  22.0   0:13.05 /zkay/zkay/jsnark_interface/run_snark proofgen /tmp/tmp_71isyep /tmp/tmp_71isyep/proo+
    1 root      20   0    3984   3232   2736 S   0.0   0.0   0:00.06 bash
    7 root      20   0    3992   3108   2608 S   0.0   0.0   0:00.08 bash
   13 root      20   0    3988   3228   2716 S   0.0   0.0   0:00.10 bash
  844 root      20   0    7864   2984   2628 R   0.0   0.0   0:00.48 top -bc -d 1 -n 6000
  845 root      20   0   96380  90004  12488 S   0.0   1.1   7:47.20 /usr/local/bin/python3.8 /usr/local/bin/zkay run --blockchain-backend w3-eth-tester .+

top - 22:09:30 up 1 day,  2:03,  0 users,  load average: 1.97, 2.07, 1.41
Tasks:   6 total,   2 running,   4 sleeping,   0 stopped,   0 zombie
%Cpu(s):  7.7 us,  0.7 sy,  0.0 ni, 91.6 id,  0.0 wa,  0.0 hi,  0.0 si,  0.0 st
MiB Mem :   7877.2 total,   2064.0 free,   3100.5 used,   2712.7 buff/cache
MiB Swap:   2048.0 total,   2048.0 free,      0.0 used.   4465.1 avail Mem 

  PID USER      PR  NI    VIRT    RES    SHR S  %CPU  %MEM     TIME+ COMMAND
 2096 root      20   0 2115392   1.8g   5136 R 100.0  23.8   0:14.05 /zkay/zkay/jsnark_interface/run_snark proofgen /tmp/tmp_71isyep /tmp/tmp_71isyep/proo+
    1 root      20   0    3984   3232   2736 S   0.0   0.0   0:00.06 bash
    7 root      20   0    3992   3108   2608 S   0.0   0.0   0:00.08 bash
   13 root      20   0    3988   3228   2716 S   0.0   0.0   0:00.10 bash
  844 root      20   0    7864   2984   2628 R   0.0   0.0   0:00.48 top -bc -d 1 -n 6000
  845 root      20   0   96380  90004  12488 S   0.0   1.1   7:47.20 /usr/local/bin/python3.8 /usr/local/bin/zkay run --blockchain-backend w3-eth-tester .+

top - 22:09:31 up 1 day,  2:03,  0 users,  load average: 1.89, 2.05, 1.41
Tasks:   6 total,   2 running,   4 sleeping,   0 stopped,   0 zombie
%Cpu(s):  8.0 us,  0.3 sy,  0.0 ni, 91.7 id,  0.0 wa,  0.0 hi,  0.0 si,  0.0 st
MiB Mem :   7877.2 total,   2064.0 free,   3100.5 used,   2712.7 buff/cache
MiB Swap:   2048.0 total,   2048.0 free,      0.0 used.   4465.1 avail Mem 

  PID USER      PR  NI    VIRT    RES    SHR S  %CPU  %MEM     TIME+ COMMAND
 2096 root      20   0 2219480   1.9g   5136 R 100.0  25.2   0:15.05 /zkay/zkay/jsnark_interface/run_snark proofgen /tmp/tmp_71isyep /tmp/tmp_71isyep/proo+
    1 root      20   0    3984   3232   2736 S   0.0   0.0   0:00.06 bash
    7 root      20   0    3992   3108   2608 S   0.0   0.0   0:00.08 bash
   13 root      20   0    3988   3228   2716 S   0.0   0.0   0:00.10 bash
  844 root      20   0    7864   2984   2628 R   0.0   0.0   0:00.48 top -bc -d 1 -n 6000
  845 root      20   0   96380  90004  12488 S   0.0   1.1   7:47.20 /usr/local/bin/python3.8 /usr/local/bin/zkay run --blockchain-backend w3-eth-tester .+

top - 22:09:32 up 1 day,  2:03,  0 users,  load average: 1.89, 2.05, 1.41
Tasks:   6 total,   2 running,   4 sleeping,   0 stopped,   0 zombie
%Cpu(s):  8.2 us,  0.2 sy,  0.0 ni, 91.6 id,  0.0 wa,  0.0 hi,  0.0 si,  0.0 st
MiB Mem :   7877.2 total,   1603.0 free,   3561.5 used,   2712.7 buff/cache
MiB Swap:   2048.0 total,   2048.0 free,      0.0 used.   4004.2 avail Mem 

  PID USER      PR  NI    VIRT    RES    SHR S  %CPU  %MEM     TIME+ COMMAND
 2096 root      20   0 2354816   2.1g   5136 R 100.0  27.8   0:16.05 /zkay/zkay/jsnark_interface/run_snark proofgen /tmp/tmp_71isyep /tmp/tmp_71isyep/proo+
    1 root      20   0    3984   3232   2736 S   0.0   0.0   0:00.06 bash
    7 root      20   0    3992   3108   2608 S   0.0   0.0   0:00.08 bash
   13 root      20   0    3988   3228   2716 S   0.0   0.0   0:00.10 bash
  844 root      20   0    7864   2984   2628 R   0.0   0.0   0:00.48 top -bc -d 1 -n 6000
  845 root      20   0   96380  90004  12488 S   0.0   1.1   7:47.20 /usr/local/bin/python3.8 /usr/local/bin/zkay run --blockchain-backend w3-eth-tester .+

top - 22:09:33 up 1 day,  2:03,  0 users,  load average: 1.89, 2.05, 1.41
Tasks:   6 total,   2 running,   4 sleeping,   0 stopped,   0 zombie
%Cpu(s):  8.1 us,  0.4 sy,  0.0 ni, 91.5 id,  0.0 wa,  0.0 hi,  0.0 si,  0.0 st
MiB Mem :   7877.2 total,   1603.0 free,   3561.5 used,   2712.7 buff/cache
MiB Swap:   2048.0 total,   2048.0 free,      0.0 used.   4004.2 avail Mem 

  PID USER      PR  NI    VIRT    RES    SHR S  %CPU  %MEM     TIME+ COMMAND
 2096 root      20   0 2493696   2.4g   5136 R 100.0  30.7   0:17.05 /zkay/zkay/jsnark_interface/run_snark proofgen /tmp/tmp_71isyep /tmp/tmp_71isyep/proo+
    1 root      20   0    3984   3232   2736 S   0.0   0.0   0:00.06 bash
    7 root      20   0    3992   3108   2608 S   0.0   0.0   0:00.08 bash
   13 root      20   0    3988   3228   2716 S   0.0   0.0   0:00.10 bash
  844 root      20   0    7864   2984   2628 R   0.0   0.0   0:00.48 top -bc -d 1 -n 6000
  845 root      20   0   96380  90004  12488 S   0.0   1.1   7:47.20 /usr/local/bin/python3.8 /usr/local/bin/zkay run --blockchain-backend w3-eth-tester .+

top - 22:09:34 up 1 day,  2:03,  0 users,  load average: 1.89, 2.05, 1.41
Tasks:   6 total,   2 running,   4 sleeping,   0 stopped,   0 zombie
%Cpu(s): 56.0 us,  6.2 sy,  0.0 ni, 37.7 id,  0.1 wa,  0.0 hi,  0.1 si,  0.0 st
MiB Mem :   7877.2 total,   1603.0 free,   3561.5 used,   2712.7 buff/cache
MiB Swap:   2048.0 total,   2048.0 free,      0.0 used.   4004.2 avail Mem 

  PID USER      PR  NI    VIRT    RES    SHR S  %CPU  %MEM     TIME+ COMMAND
 2096 root      20   0 3386428   2.7g   5136 R 750.0  35.4   0:24.55 /zkay/zkay/jsnark_interface/run_snark proofgen /tmp/tmp_71isyep /tmp/tmp_71isyep/proo+
    1 root      20   0    3984   3232   2736 S   0.0   0.0   0:00.06 bash
    7 root      20   0    3992   3108   2608 S   0.0   0.0   0:00.08 bash
   13 root      20   0    3988   3228   2716 S   0.0   0.0   0:00.10 bash
  844 root      20   0    7864   2984   2628 R   0.0   0.0   0:00.48 top -bc -d 1 -n 6000
  845 root      20   0   96380  90004  12488 S   0.0   1.1   7:47.20 /usr/local/bin/python3.8 /usr/local/bin/zkay run --blockchain-backend w3-eth-tester .+

top - 22:09:35 up 1 day,  2:03,  0 users,  load average: 1.89, 2.05, 1.41
Tasks:   6 total,   2 running,   4 sleeping,   0 stopped,   0 zombie
%Cpu(s): 73.4 us,  6.3 sy,  0.0 ni, 20.3 id,  0.0 wa,  0.0 hi,  0.0 si,  0.0 st
MiB Mem :   7877.2 total,    761.6 free,   4402.8 used,   2712.7 buff/cache
MiB Swap:   2048.0 total,   2048.0 free,      0.0 used.   3162.9 avail Mem 

  PID USER      PR  NI    VIRT    RES    SHR S  %CPU  %MEM     TIME+ COMMAND
 2096 root      20   0 3386428   3.0g   5136 R 954.0  38.6   0:34.09 /zkay/zkay/jsnark_interface/run_snark proofgen /tmp/tmp_71isyep /tmp/tmp_71isyep/proo+
    1 root      20   0    3984   3232   2736 S   0.0   0.0   0:00.06 bash
    7 root      20   0    3992   3108   2608 S   0.0   0.0   0:00.08 bash
   13 root      20   0    3988   3228   2716 S   0.0   0.0   0:00.10 bash
  844 root      20   0    7864   2984   2628 R   0.0   0.0   0:00.48 top -bc -d 1 -n 6000
  845 root      20   0   96380  90004  12488 S   0.0   1.1   7:47.20 /usr/local/bin/python3.8 /usr/local/bin/zkay run --blockchain-backend w3-eth-tester .+

top - 22:09:36 up 1 day,  2:03,  0 users,  load average: 1.82, 2.04, 1.40
Tasks:   6 total,   2 running,   4 sleeping,   0 stopped,   0 zombie
%Cpu(s):  8.4 us,  0.0 sy,  0.0 ni, 91.6 id,  0.0 wa,  0.0 hi,  0.0 si,  0.0 st
MiB Mem :   7877.2 total,    761.6 free,   4402.8 used,   2712.7 buff/cache
MiB Swap:   2048.0 total,   2048.0 free,      0.0 used.   3162.9 avail Mem 

  PID USER      PR  NI    VIRT    RES    SHR S  %CPU  %MEM     TIME+ COMMAND
 2096 root      20   0 3163068   2.8g   5136 R 100.0  36.0   0:35.10 /zkay/zkay/jsnark_interface/run_snark proofgen /tmp/tmp_71isyep /tmp/tmp_71isyep/proo+
    1 root      20   0    3984   3232   2736 S   0.0   0.0   0:00.06 bash
    7 root      20   0    3992   3108   2608 S   0.0   0.0   0:00.08 bash
   13 root      20   0    3988   3228   2716 S   0.0   0.0   0:00.10 bash
  844 root      20   0    7864   2984   2628 R   0.0   0.0   0:00.48 top -bc -d 1 -n 6000
  845 root      20   0   96380  90004  12488 S   0.0   1.1   7:47.20 /usr/local/bin/python3.8 /usr/local/bin/zkay run --blockchain-backend w3-eth-tester .+

top - 22:09:37 up 1 day,  2:03,  0 users,  load average: 1.82, 2.04, 1.40
Tasks:   6 total,   2 running,   4 sleeping,   0 stopped,   0 zombie
%Cpu(s):  8.3 us,  0.0 sy,  0.0 ni, 91.7 id,  0.0 wa,  0.0 hi,  0.0 si,  0.0 st
MiB Mem :   7877.2 total,    761.6 free,   4402.8 used,   2712.7 buff/cache
MiB Swap:   2048.0 total,   2048.0 free,      0.0 used.   3162.9 avail Mem 

  PID USER      PR  NI    VIRT    RES    SHR S  %CPU  %MEM     TIME+ COMMAND
 2096 root      20   0 3235236   2.8g   5136 R 100.0  36.9   0:36.10 /zkay/zkay/jsnark_interface/run_snark proofgen /tmp/tmp_71isyep /tmp/tmp_71isyep/proo+
    1 root      20   0    3984   3232   2736 S   0.0   0.0   0:00.06 bash
    7 root      20   0    3992   3108   2608 S   0.0   0.0   0:00.08 bash
   13 root      20   0    3988   3228   2716 S   0.0   0.0   0:00.10 bash
  844 root      20   0    7864   2984   2628 R   0.0   0.0   0:00.48 top -bc -d 1 -n 6000
  845 root      20   0   96380  90004  12488 S   0.0   1.1   7:47.20 /usr/local/bin/python3.8 /usr/local/bin/zkay run --blockchain-backend w3-eth-tester .+

top - 22:09:38 up 1 day,  2:03,  0 users,  load average: 1.82, 2.04, 1.40
Tasks:   6 total,   2 running,   4 sleeping,   0 stopped,   0 zombie
%Cpu(s):  8.6 us,  1.0 sy,  0.0 ni, 89.7 id,  0.0 wa,  0.0 hi,  0.7 si,  0.0 st
MiB Mem :   7877.2 total,   1011.1 free,   4153.3 used,   2712.7 buff/cache
MiB Swap:   2048.0 total,   2048.0 free,      0.0 used.   3412.4 avail Mem 

  PID USER      PR  NI    VIRT    RES    SHR S  %CPU  %MEM     TIME+ COMMAND
 2096 root      20   0 3117472   2.7g   5136 R  99.0  35.5   0:37.09 /zkay/zkay/jsnark_interface/run_snark proofgen /tmp/tmp_71isyep /tmp/tmp_71isyep/proo+
  845 root      20   0   96380  90004  12488 S   1.0   1.1   7:47.21 /usr/local/bin/python3.8 /usr/local/bin/zkay run --blockchain-backend w3-eth-tester .+
    1 root      20   0    3984   3232   2736 S   0.0   0.0   0:00.06 bash
    7 root      20   0    3992   3108   2608 S   0.0   0.0   0:00.08 bash
   13 root      20   0    3988   3228   2716 S   0.0   0.0   0:00.10 bash
  844 root      20   0    7864   2984   2628 R   0.0   0.0   0:00.48 top -bc -d 1 -n 6000

top - 22:09:39 up 1 day,  2:03,  0 users,  load average: 1.82, 2.04, 1.40
Tasks:   6 total,   2 running,   4 sleeping,   0 stopped,   0 zombie
%Cpu(s):  7.8 us,  0.6 sy,  0.0 ni, 91.5 id,  0.2 wa,  0.0 hi,  0.0 si,  0.0 st
MiB Mem :   7877.2 total,   1011.1 free,   4153.3 used,   2712.7 buff/cache
MiB Swap:   2048.0 total,   2048.0 free,      0.0 used.   3412.4 avail Mem 

  PID USER      PR  NI    VIRT    RES    SHR S  %CPU  %MEM     TIME+ COMMAND
 2096 root      20   0 3117472   2.7g   5136 R 100.0  35.5   0:38.09 /zkay/zkay/jsnark_interface/run_snark proofgen /tmp/tmp_71isyep /tmp/tmp_71isyep/proo+
    1 root      20   0    3984   3232   2736 S   0.0   0.0   0:00.06 bash
    7 root      20   0    3992   3108   2608 S   0.0   0.0   0:00.08 bash
   13 root      20   0    3988   3228   2716 S   0.0   0.0   0:00.10 bash
  844 root      20   0    7864   2984   2628 R   0.0   0.0   0:00.48 top -bc -d 1 -n 6000
  845 root      20   0   96380  90004  12488 S   0.0   1.1   7:47.21 /usr/local/bin/python3.8 /usr/local/bin/zkay run --blockchain-backend w3-eth-tester .+

top - 22:09:40 up 1 day,  2:03,  0 users,  load average: 1.82, 2.04, 1.40
Tasks:   6 total,   2 running,   4 sleeping,   0 stopped,   0 zombie
%Cpu(s):  8.3 us,  0.3 sy,  0.0 ni, 91.4 id,  0.0 wa,  0.0 hi,  0.0 si,  0.0 st
MiB Mem :   7877.2 total,   1011.1 free,   4153.3 used,   2712.7 buff/cache
MiB Swap:   2048.0 total,   2048.0 free,      0.0 used.   3412.4 avail Mem 

  PID USER      PR  NI    VIRT    RES    SHR S  %CPU  %MEM     TIME+ COMMAND
 2096 root      20   0 3117472   2.7g   5136 R 101.0  35.5   0:39.10 /zkay/zkay/jsnark_interface/run_snark proofgen /tmp/tmp_71isyep /tmp/tmp_71isyep/proo+
    1 root      20   0    3984   3232   2736 S   0.0   0.0   0:00.06 bash
    7 root      20   0    3992   3108   2608 S   0.0   0.0   0:00.08 bash
   13 root      20   0    3988   3228   2716 S   0.0   0.0   0:00.10 bash
  844 root      20   0    7864   2984   2628 R   0.0   0.0   0:00.48 top -bc -d 1 -n 6000
  845 root      20   0   96380  90004  12488 S   0.0   1.1   7:47.21 /usr/local/bin/python3.8 /usr/local/bin/zkay run --blockchain-backend w3-eth-tester .+

top - 22:09:41 up 1 day,  2:03,  0 users,  load average: 1.75, 2.02, 1.40
Tasks:   6 total,   2 running,   4 sleeping,   0 stopped,   0 zombie
%Cpu(s): 29.3 us,  0.0 sy,  0.0 ni, 70.7 id,  0.0 wa,  0.0 hi,  0.0 si,  0.0 st
MiB Mem :   7877.2 total,   1011.0 free,   4153.4 used,   2712.8 buff/cache
MiB Swap:   2048.0 total,   2048.0 free,      0.0 used.   3412.3 avail Mem 

  PID USER      PR  NI    VIRT    RES    SHR S  %CPU  %MEM     TIME+ COMMAND
 2096 root      20   0 3117472   2.7g   5136 R 346.0  35.5   0:42.56 /zkay/zkay/jsnark_interface/run_snark proofgen /tmp/tmp_71isyep /tmp/tmp_71isyep/proo+
    1 root      20   0    3984   3232   2736 S   0.0   0.0   0:00.06 bash
    7 root      20   0    3992   3108   2608 S   0.0   0.0   0:00.08 bash
   13 root      20   0    3988   3228   2716 S   0.0   0.0   0:00.10 bash
  844 root      20   0    7864   2984   2628 R   0.0   0.0   0:00.48 top -bc -d 1 -n 6000
  845 root      20   0   96380  90004  12488 S   0.0   1.1   7:47.21 /usr/local/bin/python3.8 /usr/local/bin/zkay run --blockchain-backend w3-eth-tester .+

top - 22:09:42 up 1 day,  2:03,  0 users,  load average: 1.75, 2.02, 1.40
Tasks:   6 total,   2 running,   4 sleeping,   0 stopped,   0 zombie
%Cpu(s): 23.4 us,  0.1 sy,  0.0 ni, 76.6 id,  0.0 wa,  0.0 hi,  0.0 si,  0.0 st
MiB Mem :   7877.2 total,   1011.0 free,   4153.4 used,   2712.8 buff/cache
MiB Swap:   2048.0 total,   2048.0 free,      0.0 used.   3412.3 avail Mem 

  PID USER      PR  NI    VIRT    RES    SHR S  %CPU  %MEM     TIME+ COMMAND
 2096 root      20   0 3117472   2.7g   5136 R 288.0  35.5   0:45.44 /zkay/zkay/jsnark_interface/run_snark proofgen /tmp/tmp_71isyep /tmp/tmp_71isyep/proo+
    1 root      20   0    3984   3232   2736 S   0.0   0.0   0:00.06 bash
    7 root      20   0    3992   3108   2608 S   0.0   0.0   0:00.08 bash
   13 root      20   0    3988   3228   2716 S   0.0   0.0   0:00.10 bash
  844 root      20   0    7864   2984   2628 R   0.0   0.0   0:00.48 top -bc -d 1 -n 6000
  845 root      20   0   96380  90004  12488 S   0.0   1.1   7:47.21 /usr/local/bin/python3.8 /usr/local/bin/zkay run --blockchain-backend w3-eth-tester .+

top - 22:09:43 up 1 day,  2:03,  0 users,  load average: 1.75, 2.02, 1.40
Tasks:   6 total,   2 running,   4 sleeping,   0 stopped,   0 zombie
%Cpu(s): 25.6 us,  0.1 sy,  0.0 ni, 74.3 id,  0.0 wa,  0.0 hi,  0.1 si,  0.0 st
MiB Mem :   7877.2 total,   1011.0 free,   4153.4 used,   2712.8 buff/cache
MiB Swap:   2048.0 total,   2048.0 free,      0.0 used.   3412.3 avail Mem 

  PID USER      PR  NI    VIRT    RES    SHR S  %CPU  %MEM     TIME+ COMMAND
 2096 root      20   0 3117472   2.7g   5136 R 313.0  35.5   0:48.57 /zkay/zkay/jsnark_interface/run_snark proofgen /tmp/tmp_71isyep /tmp/tmp_71isyep/proo+
    1 root      20   0    3984   3232   2736 S   0.0   0.0   0:00.06 bash
    7 root      20   0    3992   3108   2608 S   0.0   0.0   0:00.08 bash
   13 root      20   0    3988   3228   2716 S   0.0   0.0   0:00.10 bash
  844 root      20   0    7864   2984   2628 R   0.0   0.0   0:00.48 top -bc -d 1 -n 6000
  845 root      20   0   96380  90004  12488 S   0.0   1.1   7:47.21 /usr/local/bin/python3.8 /usr/local/bin/zkay run --blockchain-backend w3-eth-tester .+

top - 22:09:44 up 1 day,  2:03,  0 users,  load average: 1.75, 2.02, 1.40
Tasks:   6 total,   2 running,   4 sleeping,   0 stopped,   0 zombie
%Cpu(s): 18.3 us,  0.0 sy,  0.0 ni, 81.4 id,  0.0 wa,  0.0 hi,  0.3 si,  0.0 st
MiB Mem :   7877.2 total,   1011.0 free,   4153.4 used,   2712.8 buff/cache
MiB Swap:   2048.0 total,   2048.0 free,      0.0 used.   3412.3 avail Mem 

  PID USER      PR  NI    VIRT    RES    SHR S  %CPU  %MEM     TIME+ COMMAND
 2096 root      20   0 3117472   2.7g   5136 R 223.8  35.5   0:50.83 /zkay/zkay/jsnark_interface/run_snark proofgen /tmp/tmp_71isyep /tmp/tmp_71isyep/proo+
    1 root      20   0    3984   3232   2736 S   0.0   0.0   0:00.06 bash
    7 root      20   0    3992   3108   2608 S   0.0   0.0   0:00.08 bash
   13 root      20   0    3988   3228   2716 S   0.0   0.0   0:00.10 bash
  844 root      20   0    7864   2984   2628 R   0.0   0.0   0:00.48 top -bc -d 1 -n 6000
  845 root      20   0   96380  90004  12488 S   0.0   1.1   7:47.21 /usr/local/bin/python3.8 /usr/local/bin/zkay run --blockchain-backend w3-eth-tester .+

top - 22:09:45 up 1 day,  2:03,  0 users,  load average: 1.75, 2.02, 1.40
Tasks:   6 total,   2 running,   4 sleeping,   0 stopped,   0 zombie
%Cpu(s): 18.8 us,  0.0 sy,  0.0 ni, 81.2 id,  0.0 wa,  0.0 hi,  0.0 si,  0.0 st
MiB Mem :   7877.2 total,   1011.0 free,   4153.4 used,   2712.8 buff/cache
MiB Swap:   2048.0 total,   2048.0 free,      0.0 used.   3412.3 avail Mem 

  PID USER      PR  NI    VIRT    RES    SHR S  %CPU  %MEM     TIME+ COMMAND
 2096 root      20   0 3117472   2.7g   5136 R 226.0  35.5   0:53.09 /zkay/zkay/jsnark_interface/run_snark proofgen /tmp/tmp_71isyep /tmp/tmp_71isyep/proo+
    1 root      20   0    3984   3232   2736 S   0.0   0.0   0:00.06 bash
    7 root      20   0    3992   3108   2608 S   0.0   0.0   0:00.08 bash
   13 root      20   0    3988   3228   2716 S   0.0   0.0   0:00.10 bash
  844 root      20   0    7864   2984   2628 R   0.0   0.0   0:00.48 top -bc -d 1 -n 6000
  845 root      20   0   96380  90004  12488 S   0.0   1.1   7:47.21 /usr/local/bin/python3.8 /usr/local/bin/zkay run --blockchain-backend w3-eth-tester .+

top - 22:09:46 up 1 day,  2:03,  0 users,  load average: 1.77, 2.02, 1.40
Tasks:   6 total,   2 running,   4 sleeping,   0 stopped,   0 zombie
%Cpu(s): 30.1 us,  0.0 sy,  0.0 ni, 69.3 id,  0.1 wa,  0.0 hi,  0.5 si,  0.0 st
MiB Mem :   7877.2 total,   1011.0 free,   4153.4 used,   2712.8 buff/cache
MiB Swap:   2048.0 total,   2048.0 free,      0.0 used.   3412.3 avail Mem 

  PID USER      PR  NI    VIRT    RES    SHR S  %CPU  %MEM     TIME+ COMMAND
 2096 root      20   0 3117472   2.7g   5136 R 359.0  35.5   0:56.68 /zkay/zkay/jsnark_interface/run_snark proofgen /tmp/tmp_71isyep /tmp/tmp_71isyep/proo+
    1 root      20   0    3984   3232   2736 S   0.0   0.0   0:00.06 bash
    7 root      20   0    3992   3108   2608 S   0.0   0.0   0:00.08 bash
   13 root      20   0    3988   3228   2716 S   0.0   0.0   0:00.10 bash
  844 root      20   0    7864   2984   2628 R   0.0   0.0   0:00.48 top -bc -d 1 -n 6000
  845 root      20   0   96380  90004  12488 S   0.0   1.1   7:47.21 /usr/local/bin/python3.8 /usr/local/bin/zkay run --blockchain-backend w3-eth-tester .+

top - 22:09:47 up 1 day,  2:03,  0 users,  load average: 1.77, 2.02, 1.40
Tasks:   6 total,   2 running,   4 sleeping,   0 stopped,   0 zombie
%Cpu(s): 99.4 us,  0.0 sy,  0.0 ni,  0.6 id,  0.0 wa,  0.0 hi,  0.0 si,  0.0 st
MiB Mem :   7877.2 total,   1006.3 free,   4158.1 used,   2712.8 buff/cache
MiB Swap:   2048.0 total,   2048.0 free,      0.0 used.   3407.6 avail Mem 

  PID USER      PR  NI    VIRT    RES    SHR S  %CPU  %MEM     TIME+ COMMAND
 2096 root      20   0 3117472   2.7g   5136 R  1193  35.5   1:08.61 /zkay/zkay/jsnark_interface/run_snark proofgen /tmp/tmp_71isyep /tmp/tmp_71isyep/proo+
    1 root      20   0    3984   3232   2736 S   0.0   0.0   0:00.06 bash
    7 root      20   0    3992   3108   2608 S   0.0   0.0   0:00.08 bash
   13 root      20   0    3988   3228   2716 S   0.0   0.0   0:00.10 bash
  844 root      20   0    7864   2984   2628 R   0.0   0.0   0:00.48 top -bc -d 1 -n 6000
  845 root      20   0   96380  90004  12488 S   0.0   1.1   7:47.21 /usr/local/bin/python3.8 /usr/local/bin/zkay run --blockchain-backend w3-eth-tester .+

top - 22:09:48 up 1 day,  2:03,  0 users,  load average: 1.77, 2.02, 1.40
Tasks:   6 total,   2 running,   4 sleeping,   0 stopped,   0 zombie
%Cpu(s): 99.8 us,  0.2 sy,  0.0 ni,  0.0 id,  0.0 wa,  0.0 hi,  0.0 si,  0.0 st
MiB Mem :   7877.2 total,   1006.3 free,   4158.1 used,   2712.8 buff/cache
MiB Swap:   2048.0 total,   2048.0 free,      0.0 used.   3407.6 avail Mem 

  PID USER      PR  NI    VIRT    RES    SHR S  %CPU  %MEM     TIME+ COMMAND
 2096 root      20   0 3117472   2.7g   5136 R  1192  35.5   1:20.53 /zkay/zkay/jsnark_interface/run_snark proofgen /tmp/tmp_71isyep /tmp/tmp_71isyep/proo+
  844 root      20   0    7864   2984   2628 R   1.0   0.0   0:00.49 top -bc -d 1 -n 6000
    1 root      20   0    3984   3232   2736 S   0.0   0.0   0:00.06 bash
    7 root      20   0    3992   3108   2608 S   0.0   0.0   0:00.08 bash
   13 root      20   0    3988   3228   2716 S   0.0   0.0   0:00.10 bash
  845 root      20   0   96380  90004  12488 S   0.0   1.1   7:47.21 /usr/local/bin/python3.8 /usr/local/bin/zkay run --blockchain-backend w3-eth-tester .+

top - 22:09:49 up 1 day,  2:03,  0 users,  load average: 1.77, 2.02, 1.40
Tasks:   6 total,   2 running,   4 sleeping,   0 stopped,   0 zombie
%Cpu(s): 99.9 us,  0.1 sy,  0.0 ni,  0.0 id,  0.0 wa,  0.0 hi,  0.0 si,  0.0 st
MiB Mem :   7877.2 total,   1006.3 free,   4158.1 used,   2712.8 buff/cache
MiB Swap:   2048.0 total,   2048.0 free,      0.0 used.   3407.6 avail Mem 

  PID USER      PR  NI    VIRT    RES    SHR S  %CPU  %MEM     TIME+ COMMAND
 2096 root      20   0 3117472   2.7g   5136 R  1197  35.5   1:32.50 /zkay/zkay/jsnark_interface/run_snark proofgen /tmp/tmp_71isyep /tmp/tmp_71isyep/proo+
    1 root      20   0    3984   3232   2736 S   0.0   0.0   0:00.06 bash
    7 root      20   0    3992   3108   2608 S   0.0   0.0   0:00.08 bash
   13 root      20   0    3988   3228   2716 S   0.0   0.0   0:00.10 bash
  844 root      20   0    7864   2984   2628 R   0.0   0.0   0:00.49 top -bc -d 1 -n 6000
  845 root      20   0   96380  90004  12488 S   0.0   1.1   7:47.21 /usr/local/bin/python3.8 /usr/local/bin/zkay run --blockchain-backend w3-eth-tester .+

top - 22:09:50 up 1 day,  2:03,  0 users,  load average: 1.77, 2.02, 1.40
Tasks:   6 total,   2 running,   4 sleeping,   0 stopped,   0 zombie
%Cpu(s): 72.4 us,  0.0 sy,  0.0 ni, 27.6 id,  0.0 wa,  0.0 hi,  0.0 si,  0.0 st
MiB Mem :   7877.2 total,   1008.1 free,   4156.3 used,   2712.8 buff/cache
MiB Swap:   2048.0 total,   2048.0 free,      0.0 used.   3409.4 avail Mem 

  PID USER      PR  NI    VIRT    RES    SHR S  %CPU  %MEM     TIME+ COMMAND
 2096 root      20   0 3117472   2.7g   5136 R 863.4  35.5   1:41.22 /zkay/zkay/jsnark_interface/run_snark proofgen /tmp/tmp_71isyep /tmp/tmp_71isyep/proo+
    1 root      20   0    3984   3232   2736 S   0.0   0.0   0:00.06 bash
    7 root      20   0    3992   3108   2608 S   0.0   0.0   0:00.08 bash
   13 root      20   0    3988   3228   2716 S   0.0   0.0   0:00.10 bash
  844 root      20   0    7864   2984   2628 R   0.0   0.0   0:00.49 top -bc -d 1 -n 6000
  845 root      20   0   96380  90004  12488 S   0.0   1.1   7:47.21 /usr/local/bin/python3.8 /usr/local/bin/zkay run --blockchain-backend w3-eth-tester .+

top - 22:09:51 up 1 day,  2:03,  0 users,  load average: 1.71, 2.00, 1.40
Tasks:   5 total,   2 running,   3 sleeping,   0 stopped,   0 zombie
%Cpu(s): 17.7 us,  1.0 sy,  0.0 ni, 80.3 id,  0.0 wa,  0.0 hi,  0.9 si,  0.0 st
MiB Mem :   7877.2 total,   1008.1 free,   4156.3 used,   2712.8 buff/cache
MiB Swap:   2048.0 total,   2048.0 free,      0.0 used.   3409.4 avail Mem 

  PID USER      PR  NI    VIRT    RES    SHR S  %CPU  %MEM     TIME+ COMMAND
  845 root      20   0   96380  90004  12488 R  64.0   1.1   7:47.85 /usr/local/bin/python3.8 /usr/local/bin/zkay run --blockchain-backend w3-eth-tester .+
    1 root      20   0    3984   3232   2736 S   0.0   0.0   0:00.06 bash
    7 root      20   0    3992   3108   2608 S   0.0   0.0   0:00.08 bash
   13 root      20   0    3988   3228   2716 S   0.0   0.0   0:00.10 bash
  844 root      20   0    7864   2984   2628 R   0.0   0.0   0:00.49 top -bc -d 1 -n 6000

top - 22:09:52 up 1 day,  2:03,  0 users,  load average: 1.71, 2.00, 1.40
Tasks:   5 total,   1 running,   4 sleeping,   0 stopped,   0 zombie
%Cpu(s):  8.2 us,  0.0 sy,  0.0 ni, 91.6 id,  0.2 wa,  0.0 hi,  0.0 si,  0.0 st
MiB Mem :   7877.2 total,   1008.1 free,   4156.3 used,   2712.8 buff/cache
MiB Swap:   2048.0 total,   2048.0 free,      0.0 used.   3409.4 avail Mem 

  PID USER      PR  NI    VIRT    RES    SHR S  %CPU  %MEM     TIME+ COMMAND
  845 root      20   0   96380  90004  12488 S  99.0   1.1   7:48.84 /usr/local/bin/python3.8 /usr/local/bin/zkay run --blockchain-backend w3-eth-tester .+
    1 root      20   0    3984   3232   2736 S   0.0   0.0   0:00.06 bash
    7 root      20   0    3992   3108   2608 S   0.0   0.0   0:00.08 bash
   13 root      20   0    3988   3228   2716 S   0.0   0.0   0:00.10 bash
  844 root      20   0    7864   2984   2628 R   0.0   0.0   0:00.49 top -bc -d 1 -n 6000